ISO-10303-21;
HEADER;
FILE_DESCRIPTION((''),'2;1');
FILE_NAME('MF-RHT200','2012-07-25T',('ryans'),('Bourns, Inc.'),
'PRO/ENGINEER BY PARAMETRIC TECHNOLOGY CORPORATION, 2010100',
'PRO/ENGINEER BY PARAMETRIC TECHNOLOGY CORPORATION, 2010100','');
FILE_SCHEMA(('CONFIG_CONTROL_DESIGN'));
ENDSEC;
DATA;
#1=DIRECTION('',(-3.741093674502E-6,9.999999999930E-1,-2.704931583664E-10));
#2=VECTOR('',#1,2.136016411923E-1);
#3=CARTESIAN_POINT('',(-1.528E0,-1.847819423871E0,-6.E-1));
#4=LINE('',#3,#2);
#5=DIRECTION('',(1.711853527594E-1,9.852388416017E-1,1.118134554952E-9));
#6=VECTOR('',#5,2.147497774082E0);
#7=CARTESIAN_POINT('',(-1.900786559760E0,-4.023532476409E0,-6.000000024012E-1));
#8=LINE('',#7,#6);
#9=DIRECTION('',(1.711852365842E-1,-9.852388617871E-1,7.128182768403E-8));
#10=VECTOR('',#9,7.402394275329E-1);
#11=CARTESIAN_POINT('',(-3.347488010481E0,-2.341377977465E0,
-6.000000527656E-1));
#12=LINE('',#11,#10);
#13=CARTESIAN_POINT('',(-2.965339717240E0,-1.028E0,-6.000000070855E-1));
#14=CARTESIAN_POINT('',(-2.985265653996E0,-1.028000159421E0,
-6.000001374544E-1));
#15=CARTESIAN_POINT('',(-3.028120069583E0,-1.029104848059E0,
-5.999999362072E-1));
#16=CARTESIAN_POINT('',(-3.101376253998E0,-1.036318405910E0,
-6.000000170932E-1));
#17=CARTESIAN_POINT('',(-3.183770026418E0,-1.051933349575E0,
-5.999999954199E-1));
#18=CARTESIAN_POINT('',(-3.277129453882E0,-1.080654372232E0,
-6.000000012272E-1));
#19=CARTESIAN_POINT('',(-3.375350844865E0,-1.126430522103E0,
-5.999999996712E-1));
#20=CARTESIAN_POINT('',(-3.466725444910E0,-1.187324223556E0,
-6.000000000881E-1));
#21=CARTESIAN_POINT('',(-3.546426984660E0,-1.260183328965E0,
-5.999999999763E-1));
#22=CARTESIAN_POINT('',(-3.613386787983E0,-1.343493679244E0,
-6.000000000068E-1));
#23=CARTESIAN_POINT('',(-3.666382183034E0,-1.435473347146E0,
-5.999999999965E-1));
#24=CARTESIAN_POINT('',(-3.704406658902E0,-1.534163225078E0,
-6.000000000072E-1));
#25=CARTESIAN_POINT('',(-3.726612807673E0,-1.637269619117E0,
-5.999999999747E-1));
#26=CARTESIAN_POINT('',(-3.732557038921E0,-1.742077799946E0,
-6.000000000939E-1));
#27=CARTESIAN_POINT('',(-3.722262787309E0,-1.846584855544E0,
-5.999999996498E-1));
#28=CARTESIAN_POINT('',(-3.695673833846E0,-1.949100485832E0,
-6.000000013071E-1));
#29=CARTESIAN_POINT('',(-3.653142092260E0,-2.046919161767E0,
-5.999999951218E-1));
#30=CARTESIAN_POINT('',(-3.595452594446E0,-2.137604716320E0,
-6.000000182057E-1));
#31=CARTESIAN_POINT('',(-3.523572282675E0,-2.219289700666E0,
-5.999999320554E-1));
#32=CARTESIAN_POINT('',(-3.438008835445E0,-2.289948700597E0,
-6.000002535727E-1));
#33=CARTESIAN_POINT('',(-3.378329256858E0,-2.325646425897E0,
-5.999994536268E-1));
#34=CARTESIAN_POINT('',(-3.347488010481E0,-2.341377977465E0,
-6.000000527656E-1));
#36=DIRECTION('',(1.E0,0.E0,-1.303394015305E-7));
#37=VECTOR('',#36,9.746806519854E-1);
#38=CARTESIAN_POINT('',(-2.965339717240E0,-1.028E0,-6.000000070855E-1));
#39=LINE('',#38,#37);
#40=CARTESIAN_POINT('',(-1.990659065255E0,-1.028E0,-6.000001341248E-1));
#41=CARTESIAN_POINT('',(-1.971926703454E0,-1.046730633093E0,
-6.000007972608E-1));
#42=CARTESIAN_POINT('',(-1.930116406882E0,-1.083963118420E0,
-5.999996299900E-1));
#43=CARTESIAN_POINT('',(-1.856899586643E0,-1.138725226238E0,
-6.000000991439E-1));
#44=CARTESIAN_POINT('',(-1.772821388966E0,-1.200926966837E0,
-5.999999734345E-1));
#45=CARTESIAN_POINT('',(-1.695315971719E0,-1.268142961351E0,
-6.000000071181E-1));
#46=CARTESIAN_POINT('',(-1.631331484263E0,-1.339807604476E0,
-5.999999980931E-1));
#47=CARTESIAN_POINT('',(-1.582896712477E0,-1.414789236452E0,
-6.000000005093E-1));
#48=CARTESIAN_POINT('',(-1.550894303330E0,-1.488009520211E0,
-5.999999998695E-1));
#49=CARTESIAN_POINT('',(-1.532020461589E0,-1.561936547085E0,
-6.000000000125E-1));
#50=CARTESIAN_POINT('',(-1.528001734409E0,-1.610210066434E0,
-6.000000000578E-1));
#51=CARTESIAN_POINT('',(-1.528000799104E0,-1.634217782680E0,
-6.000000000578E-1));
#53=CARTESIAN_POINT('',(-1.528000799104E0,-1.634217782680E0,
-6.000000000578E-1));
#54=CARTESIAN_POINT('',(-1.527999486222E0,-1.645289764578E0,
-6.303500551595E-1));
#55=CARTESIAN_POINT('',(-1.530965653619E0,-1.664959286477E0,
-6.910617958179E-1));
#56=CARTESIAN_POINT('',(-1.543546112432E0,-1.687509461558E0,
-7.787819860812E-1));
#57=CARTESIAN_POINT('',(-1.565139235016E0,-1.705303669329E0,
-8.688150731409E-1));
#58=CARTESIAN_POINT('',(-1.598237053982E0,-1.718498598611E0,
-9.635367544637E-1));
#59=CARTESIAN_POINT('',(-1.644806433816E0,-1.726397001007E0,-1.060763531712E0));
#60=CARTESIAN_POINT('',(-1.684335657975E0,-1.728000078646E0,-1.123474673852E0));
#61=CARTESIAN_POINT('',(-1.706379077829E0,-1.728E0,-1.154166453494E0));
#63=CARTESIAN_POINT('',(-3.392921708630E0,-1.728E0,-8.557693790864E-1));
#64=CARTESIAN_POINT('',(-3.395948042790E0,-1.741154574679E0,
-8.449429956793E-1));
#65=CARTESIAN_POINT('',(-3.401473926260E0,-1.767538089137E0,
-8.236942302922E-1));
#66=CARTESIAN_POINT('',(-3.408302255535E0,-1.807414348097E0,
-7.932461501553E-1));
#67=CARTESIAN_POINT('',(-3.411983624284E0,-1.834297259766E0,
-7.739679267274E-1));
#68=CARTESIAN_POINT('',(-3.413629726772E0,-1.847819436270E0,
-7.646117117683E-1));
#70=CARTESIAN_POINT('',(-1.990660282759E0,-1.377999978547E0,
-9.499999999999E-1));
#71=CARTESIAN_POINT('',(-1.975334353697E0,-1.378000052290E0,
-9.393312645332E-1));
#72=CARTESIAN_POINT('',(-1.948186464634E0,-1.377027810334E0,
-9.174897015964E-1));
#73=CARTESIAN_POINT('',(-1.917297699392E0,-1.372232433499E0,
-8.837520432509E-1));
#74=CARTESIAN_POINT('',(-1.896481274794E0,-1.364317735558E0,
-8.512437879913E-1));
#75=CARTESIAN_POINT('',(-1.883771832551E0,-1.353596908863E0,
-8.201968003407E-1));
#76=CARTESIAN_POINT('',(-1.877698327988E0,-1.339761540928E0,
-7.897153081568E-1));
#77=CARTESIAN_POINT('',(-1.877796238997E0,-1.322360821664E0,
-7.595385871271E-1));
#78=CARTESIAN_POINT('',(-1.883889708588E0,-1.300748411398E0,
-7.295364593872E-1));
#79=CARTESIAN_POINT('',(-1.896308040869E0,-1.273473131670E0,
-6.992882352520E-1));
#80=CARTESIAN_POINT('',(-1.914911101637E0,-1.239668580013E0,
-6.700021159084E-1));
#81=CARTESIAN_POINT('',(-1.936659651620E0,-1.201381829217E0,
-6.448645143912E-1));
#82=CARTESIAN_POINT('',(-1.956684599044E0,-1.162768641569E0,
-6.261293028874E-1));
#83=CARTESIAN_POINT('',(-1.972372734177E0,-1.126067031164E0,
-6.133387963280E-1));
#84=CARTESIAN_POINT('',(-1.983212764525E0,-1.091485728967E0,
-6.052529525612E-1));
#85=CARTESIAN_POINT('',(-1.989353835396E0,-1.059182198109E0,
-6.009063634347E-1));
#86=CARTESIAN_POINT('',(-1.990656608854E0,-1.038205062625E0,
-6.000004953276E-1));
#87=CARTESIAN_POINT('',(-1.990659065255E0,-1.028E0,-6.000001341248E-1));
#89=CARTESIAN_POINT('',(-1.990662601939E0,-1.727999828345E0,
-9.500010164900E-1));
#90=DIRECTION('',(5.833259604963E-1,9.133523257178E-6,8.122381570252E-1));
#91=DIRECTION('',(8.122381570616E-1,-4.904160192618E-7,-5.833259605169E-1));
#92=AXIS2_PLACEMENT_3D('',#89,#90,#91);
#94=CARTESIAN_POINT('',(-2.965340024185E0,-1.378000001920E0,-9.5E-1));
#95=CARTESIAN_POINT('',(-2.982461838471E0,-1.378000066453E0,
-9.439510757961E-1));
#96=CARTESIAN_POINT('',(-3.014496778737E0,-1.378984635963E0,
-9.331130208931E-1));
#97=CARTESIAN_POINT('',(-3.052574244111E0,-1.382534000988E0,
-9.213355801952E-1));
#98=CARTESIAN_POINT('',(-3.086974962483E0,-1.387866362718E0,
-9.115458040658E-1));
#99=CARTESIAN_POINT('',(-3.119844267872E0,-1.395239107069E0,
-9.029864914562E-1));
#100=CARTESIAN_POINT('',(-3.152664892389E0,-1.405209505743E0,
-8.951707077451E-1));
#101=CARTESIAN_POINT('',(-3.183695555342E0,-1.417473615485E0,
-8.884520288265E-1));
#102=CARTESIAN_POINT('',(-3.212361300381E0,-1.431608519002E0,
-8.827429965359E-1));
#103=CARTESIAN_POINT('',(-3.239166217770E0,-1.447703140728E0,
-8.778252503322E-1));
#104=CARTESIAN_POINT('',(-3.264227013529E0,-1.465795412052E0,
-8.735496876490E-1));
#105=CARTESIAN_POINT('',(-3.287327139969E0,-1.485705816752E0,
-8.698772342734E-1));
#106=CARTESIAN_POINT('',(-3.308349360155E0,-1.507264886120E0,
-8.667322017548E-1));
#107=CARTESIAN_POINT('',(-3.327218481168E0,-1.530332409428E0,
-8.640644188731E-1));
#108=CARTESIAN_POINT('',(-3.343861007818E0,-1.554762018324E0,
-8.618223059252E-1));
#109=CARTESIAN_POINT('',(-3.358175015748E0,-1.580338573398E0,
-8.599735858979E-1));
#110=CARTESIAN_POINT('',(-3.370151541292E0,-1.606981470411E0,
-8.584806924987E-1));
#111=CARTESIAN_POINT('',(-3.379821577479E0,-1.634848639876E0,
-8.573088019882E-1));
#112=CARTESIAN_POINT('',(-3.387096965535E0,-1.664137014946E0,
-8.564475061975E-1));
#113=CARTESIAN_POINT('',(-3.391769033649E0,-1.694974748156E0,
-8.559025088465E-1));
#114=CARTESIAN_POINT('',(-3.392921930287E0,-1.716826951722E0,
-8.557692455183E-1));
#115=CARTESIAN_POINT('',(-3.392921708630E0,-1.728E0,-8.557693790864E-1));
#117=CARTESIAN_POINT('',(-2.965339704450E0,-1.028000015357E0,-9.5E-1));
#118=DIRECTION('',(1.E0,-3.397628737872E-8,0.E0));
#119=DIRECTION('',(0.E0,4.387854112904E-8,1.E0));
#120=AXIS2_PLACEMENT_3D('',#117,#118,#119);
#122=CARTESIAN_POINT('',(-2.477999993657E0,-1.907734359604E0,
-6.000000131630E-1));
#123=DIRECTION('',(0.E0,1.E0,0.E0));
#124=DIRECTION('',(-1.124090561341E-4,0.E0,-9.999999936821E-1));
#125=AXIS2_PLACEMENT_3D('',#122,#123,#124);
#127=CARTESIAN_POINT('',(-3.413539536386E0,-1.907734214189E0,
-7.321980884550E-1));
#128=CARTESIAN_POINT('',(-3.411847303975E0,-1.922538507816E0,
-7.257895675750E-1));
#129=CARTESIAN_POINT('',(-3.408342752421E0,-1.953204589581E0,
-7.116294179236E-1));
#130=CARTESIAN_POINT('',(-3.402233920610E0,-2.002546127703E0,
-6.884450828796E-1));
#131=CARTESIAN_POINT('',(-3.394677591096E0,-2.057491514505E0,
-6.641095301899E-1));
#132=CARTESIAN_POINT('',(-3.385196822284E0,-2.119855542677E0,
-6.399236327368E-1));
#133=CARTESIAN_POINT('',(-3.373503451726E0,-2.190949086243E0,
-6.182183266867E-1));
#134=CARTESIAN_POINT('',(-3.360414521654E0,-2.267039570481E0,
-6.034084744924E-1));
#135=CARTESIAN_POINT('',(-3.351801446708E0,-2.316552442954E0,
-5.999995246337E-1));
#136=CARTESIAN_POINT('',(-3.347488010481E0,-2.341377977465E0,
-6.000000527656E-1));
#138=DIRECTION('',(-1.711851008041E-1,-9.852388853789E-1,-3.816757401792E-9));
#139=VECTOR('',#138,1.852071490603E0);
#140=CARTESIAN_POINT('',(-1.900786559760E0,-4.023532476409E0,
-6.000000024012E-1));
#141=LINE('',#140,#139);
#142=DIRECTION('',(1.924052725326E-5,-9.852388615297E-1,1.711852369846E-1));
#143=VECTOR('',#142,3.999569206325E0);
#144=CARTESIAN_POINT('',(-2.478106202187E0,-1.907734383904E0,
-1.544833592716E0));
#145=LINE('',#144,#143);
#146=CARTESIAN_POINT('',(-1.878E0,-1.847819528138E0,-6.E-1));
#147=DIRECTION('',(0.E0,0.E0,1.E0));
#148=DIRECTION('',(9.852389259230E-1,-1.711848674564E-1,0.E0));
#149=AXIS2_PLACEMENT_3D('',#146,#147,#148);
#151=CARTESIAN_POINT('',(-2.478E0,-1.847819528138E0,-6.E-1));
#152=DIRECTION('',(0.E0,1.E0,0.E0));
#153=DIRECTION('',(1.E0,0.E0,0.E0));
#154=AXIS2_PLACEMENT_3D('',#151,#152,#153);
#156=CARTESIAN_POINT('',(-3.413629726772E0,-1.847819436270E0,
-7.646117117683E-1));
#157=CARTESIAN_POINT('',(-3.414659180377E0,-1.856276050462E0,
-7.587604422109E-1));
#158=CARTESIAN_POINT('',(-3.415906978980E0,-1.874772392056E0,
-7.475168836423E-1));
#159=CARTESIAN_POINT('',(-3.414847795270E0,-1.896289030241E0,
-7.371525140148E-1));
#160=CARTESIAN_POINT('',(-3.413539536386E0,-1.907734214189E0,
-7.321980884550E-1));
#162=CARTESIAN_POINT('',(-2.478000016624E0,-1.907734275140E0,
-6.000000098043E-1));
#163=DIRECTION('',(0.E0,1.E0,0.E0));
#164=DIRECTION('',(1.E0,0.E0,1.037670345231E-8));
#165=AXIS2_PLACEMENT_3D('',#162,#163,#164);
#167=CARTESIAN_POINT('',(-2.478000016624E0,-5.848265255004E0,
-6.000000098043E-1));
#168=DIRECTION('',(0.E0,1.E0,0.E0));
#169=DIRECTION('',(1.E0,0.E0,1.360616802115E-8));
#170=AXIS2_PLACEMENT_3D('',#167,#168,#169);
#172=CARTESIAN_POINT('',(-1.873E0,-5.908180085715E0,-5.999999997836E-1));
#173=DIRECTION('',(3.576603249678E-10,0.E0,-1.E0));
#174=DIRECTION('',(-1.E0,0.E0,-3.576602506225E-10));
#175=AXIS2_PLACEMENT_3D('',#172,#173,#174);
#177=CARTESIAN_POINT('',(-2.478E0,-5.848265387414E0,-6.E-1));
#178=DIRECTION('',(0.E0,1.E0,0.E0));
#179=DIRECTION('',(-1.124214015346E-4,0.E0,-9.999999936807E-1));
#180=AXIS2_PLACEMENT_3D('',#177,#178,#179);
#182=CARTESIAN_POINT('',(-2.478068008289E0,-5.908180220218E0,
-1.204999996178E0));
#183=DIRECTION('',(-9.999999936820E-1,0.E0,1.124103957979E-4));
#184=DIRECTION('',(1.124103957980E-4,0.E0,9.999999936820E-1));
#185=AXIS2_PLACEMENT_3D('',#182,#183,#184);
#187=CARTESIAN_POINT('',(-2.478E0,-5.908180111503E0,-6.E-1));
#188=DIRECTION('',(0.E0,1.E0,0.E0));
#189=DIRECTION('',(-1.E0,0.E0,0.E0));
#190=AXIS2_PLACEMENT_3D('',#187,#188,#189);
#192=DIRECTION('',(6.819066510266E-7,-9.999999999998E-1,-1.550598479713E-11));
#193=VECTOR('',#192,2.136819839592E0);
#194=CARTESIAN_POINT('',(-2.223E0,-5.908180160419E0,-6.000000000128E-1));
#195=LINE('',#194,#193);
#196=CARTESIAN_POINT('',(-2.477999394812E0,-8.554997882938E0,
-3.450000000953E-1));
#197=CARTESIAN_POINT('',(-2.465639988348E0,-8.530259465596E0,
-3.450009374831E-1));
#198=CARTESIAN_POINT('',(-2.443248370437E0,-8.485506935564E0,
-3.468210056262E-1));
#199=CARTESIAN_POINT('',(-2.418347903657E0,-8.435693389770E0,
-3.517299420164E-1));
#200=CARTESIAN_POINT('',(-2.397481627571E0,-8.393964404812E0,
-3.577465166016E-1));
#201=CARTESIAN_POINT('',(-2.377620759872E0,-8.354241479162E0,
-3.652251303157E-1));
#202=CARTESIAN_POINT('',(-2.355591837932E0,-8.310183687316E0,
-3.758110519315E-1));
#203=CARTESIAN_POINT('',(-2.332769316358E0,-8.264538040229E0,
-3.897712348419E-1));
#204=CARTESIAN_POINT('',(-2.310358607875E0,-8.219712324365E0,
-4.072060509110E-1));
#205=CARTESIAN_POINT('',(-2.291304103071E0,-8.181605444470E0,
-4.255890524239E-1));
#206=CARTESIAN_POINT('',(-2.271954307874E0,-8.142896857535E0,
-4.485905945304E-1));
#207=CARTESIAN_POINT('',(-2.253361561970E0,-8.105704423814E0,
-4.776088279482E-1));
#208=CARTESIAN_POINT('',(-2.238784969783E0,-8.076571033154E0,
-5.094943207348E-1));
#209=CARTESIAN_POINT('',(-2.229228552569E0,-8.057471382694E0,
-5.410652818698E-1));
#210=CARTESIAN_POINT('',(-2.224033634948E0,-8.047070316722E0,
-5.713350054577E-1));
#211=CARTESIAN_POINT('',(-2.222998697083E0,-8.044999807701E0,
-5.906533532998E-1));
#212=CARTESIAN_POINT('',(-2.222998542888E0,-8.045000000010E0,
-6.000000000459E-1));
#214=CARTESIAN_POINT('',(-2.478E0,-8.555E0,-6.E-1));
#215=DIRECTION('',(0.E0,-1.E0,0.E0));
#216=DIRECTION('',(0.E0,0.E0,1.E0));
#217=AXIS2_PLACEMENT_3D('',#214,#215,#216);
#219=CARTESIAN_POINT('',(-2.478E0,-5.908180220218E0,-6.E-1));
#220=DIRECTION('',(0.E0,1.E0,0.E0));
#221=DIRECTION('',(-1.124107915161E-4,0.E0,-9.999999936819E-1));
#222=AXIS2_PLACEMENT_3D('',#219,#220,#221);
#224=DIRECTION('',(0.E0,-1.E0,-2.801626849896E-12));
#225=VECTOR('',#224,2.646819874086E0);
#226=CARTESIAN_POINT('',(-2.733E0,-5.908180125914E0,-5.999999999926E-1));
#227=LINE('',#226,#225);
#228=CARTESIAN_POINT('',(-2.478E0,-8.555E0,-6.E-1));
#229=DIRECTION('',(0.E0,-1.E0,0.E0));
#230=DIRECTION('',(-1.E0,0.E0,0.E0));
#231=AXIS2_PLACEMENT_3D('',#228,#229,#230);
#233=CARTESIAN_POINT('',(-2.222998542888E0,-8.045000000010E0,
-6.000000000459E-1));
#234=CARTESIAN_POINT('',(-2.222998717104E0,-8.044999824875E0,
-6.088884953348E-1));
#235=CARTESIAN_POINT('',(-2.223934578958E0,-8.046870576140E0,
-6.272091299330E-1));
#236=CARTESIAN_POINT('',(-2.228587393466E0,-8.056185536936E0,
-6.558203339381E-1));
#237=CARTESIAN_POINT('',(-2.237085212444E0,-8.073174247608E0,
-6.855955177413E-1));
#238=CARTESIAN_POINT('',(-2.249989196992E0,-8.098966486752E0,
-7.157830578686E-1));
#239=CARTESIAN_POINT('',(-2.266737768682E0,-8.132463618010E0,
-7.439505033593E-1));
#240=CARTESIAN_POINT('',(-2.284618274415E0,-8.168233772786E0,
-7.669171383229E-1));
#241=CARTESIAN_POINT('',(-2.301907264658E0,-8.202810279742E0,
-7.850018774208E-1));
#242=CARTESIAN_POINT('',(-2.321547578966E0,-8.242093645445E0,
-8.019268445141E-1));
#243=CARTESIAN_POINT('',(-2.342488341477E0,-8.283976239806E0,
-8.164866948832E-1));
#244=CARTESIAN_POINT('',(-2.363305160037E0,-8.325610552574E0,
-8.281262559647E-1));
#245=CARTESIAN_POINT('',(-2.382845973449E0,-8.364691873571E0,
-8.368653491923E-1));
#246=CARTESIAN_POINT('',(-2.401291664762E0,-8.401584206487E0,
-8.434591899390E-1));
#247=CARTESIAN_POINT('',(-2.421536538067E0,-8.442071605783E0,
-8.489974618508E-1));
#248=CARTESIAN_POINT('',(-2.445616630885E0,-8.490239716146E0,
-8.534379232610E-1));
#249=CARTESIAN_POINT('',(-2.466535759453E0,-8.532058881901E0,
-8.549992203556E-1));
#250=CARTESIAN_POINT('',(-2.477998361412E0,-8.554999531808E0,
-8.549999999428E-1));
#252=CARTESIAN_POINT('',(-2.478E0,-5.908180085715E0,-6.E-1));
#253=DIRECTION('',(0.E0,1.E0,0.E0));
#254=DIRECTION('',(1.E0,0.E0,0.E0));
#255=AXIS2_PLACEMENT_3D('',#252,#253,#254);
#257=CARTESIAN_POINT('',(-2.478E0,-8.555E0,-6.E-1));
#258=DIRECTION('',(1.E0,0.E0,0.E0));
#259=DIRECTION('',(0.E0,1.423136452430E-5,9.999999998987E-1));
#260=AXIS2_PLACEMENT_3D('',#257,#258,#259);
#262=CARTESIAN_POINT('',(-2.477999394812E0,-8.554997882938E0,
-3.450000000953E-1));
#263=CARTESIAN_POINT('',(-2.453261119662E0,-8.542638547410E0,
-3.450010841256E-1));
#264=CARTESIAN_POINT('',(-2.408504506288E0,-8.520248205799E0,
-3.468210317526E-1));
#265=CARTESIAN_POINT('',(-2.358693027158E0,-8.495347366143E0,
-3.517300620545E-1));
#266=CARTESIAN_POINT('',(-2.316963729915E0,-8.474481257399E0,
-3.577466486251E-1));
#267=CARTESIAN_POINT('',(-2.277240953129E0,-8.454620392695E0,
-3.652252741676E-1));
#268=CARTESIAN_POINT('',(-2.233183408237E0,-8.432591108339E0,
-3.758114490574E-1));
#269=CARTESIAN_POINT('',(-2.187538105255E0,-8.409768194399E0,
-3.897719176724E-1));
#270=CARTESIAN_POINT('',(-2.142714126862E0,-8.387355879994E0,
-4.072084238561E-1));
#271=CARTESIAN_POINT('',(-2.104606556184E0,-8.368302554893E0,
-4.255906579547E-1));
#272=CARTESIAN_POINT('',(-2.065902204761E0,-8.348949687478E0,
-4.485963625156E-1));
#273=CARTESIAN_POINT('',(-2.028714473540E0,-8.330357049821E0,
-4.776177514097E-1));
#274=CARTESIAN_POINT('',(-1.999569116831E0,-8.315786270799E0,
-5.094921157551E-1));
#275=CARTESIAN_POINT('',(-1.980458599659E0,-8.306229925116E0,
-5.410597440245E-1));
#276=CARTESIAN_POINT('',(-1.970068574551E0,-8.301032570753E0,
-5.713353472145E-1));
#277=CARTESIAN_POINT('',(-1.967999560124E0,-8.300000568870E0,
-5.906535835531E-1));
#278=CARTESIAN_POINT('',(-1.967999999993E0,-8.300000656259E0,
-6.000000000103E-1));
#280=DIRECTION('',(9.999999999991E-1,1.339304939078E-6,2.101697500868E-11));
#281=VECTOR('',#280,4.899999999936E-1);
#282=CARTESIAN_POINT('',(-1.967999999993E0,-8.300000656259E0,
-6.000000000103E-1));
#283=LINE('',#282,#281);
#284=CARTESIAN_POINT('',(-1.478E0,-8.555E0,-6.E-1));
#285=DIRECTION('',(1.E0,0.E0,0.E0));
#286=DIRECTION('',(0.E0,1.E0,0.E0));
#287=AXIS2_PLACEMENT_3D('',#284,#285,#286);
#289=CARTESIAN_POINT('',(-1.987999999990E0,-8.810001457112E0,
-5.999999999541E-1));
#290=CARTESIAN_POINT('',(-1.988000175125E0,-8.810001282896E0,
-5.911115046858E-1));
#291=CARTESIAN_POINT('',(-1.986129423868E0,-8.809065421046E0,
-5.727908701318E-1));
#292=CARTESIAN_POINT('',(-1.976814463119E0,-8.804412606561E0,
-5.441796661983E-1));
#293=CARTESIAN_POINT('',(-1.959825752535E0,-8.795914787627E0,
-5.144044824699E-1));
#294=CARTESIAN_POINT('',(-1.934033513521E0,-8.783010803144E0,
-4.842169424061E-1));
#295=CARTESIAN_POINT('',(-1.900536382395E0,-8.766262231520E0,
-4.560494969403E-1));
#296=CARTESIAN_POINT('',(-1.864766227709E0,-8.748381725832E0,
-4.330828619648E-1));
#297=CARTESIAN_POINT('',(-1.830189720860E0,-8.731092735643E0,
-4.149981228681E-1));
#298=CARTESIAN_POINT('',(-1.790906355312E0,-8.711452421412E0,
-3.980731557816E-1));
#299=CARTESIAN_POINT('',(-1.749023761072E0,-8.690511658964E0,
-3.835133053932E-1));
#300=CARTESIAN_POINT('',(-1.707389448375E0,-8.669694840431E0,
-3.718737442724E-1));
#301=CARTESIAN_POINT('',(-1.668308127395E0,-8.650154027061E0,
-3.631346510068E-1));
#302=CARTESIAN_POINT('',(-1.631415794643E0,-8.631708335702E0,
-3.565408102249E-1));
#303=CARTESIAN_POINT('',(-1.590928395382E0,-8.611463462891E0,
-3.510025383388E-1));
#304=CARTESIAN_POINT('',(-1.542760286314E0,-8.587383368941E0,
-3.465620767420E-1));
#305=CARTESIAN_POINT('',(-1.500941118890E0,-8.566464243967E0,
-3.450007799610E-1));
#306=CARTESIAN_POINT('',(-1.478000469201E0,-8.555001642114E0,
-3.450000000574E-1));
#308=CARTESIAN_POINT('',(-1.968002345500E0,-8.045002345500E0,
-6.000004631453E-1));
#309=DIRECTION('',(-2.724035918045E-6,-2.724035918014E-6,-9.999999999926E-1));
#310=DIRECTION('',(9.198126412856E-6,-9.999999999540E-1,2.724010861866E-6));
#311=AXIS2_PLACEMENT_3D('',#308,#309,#310);
#313=CARTESIAN_POINT('',(-2.478E0,-8.555E0,-6.E-1));
#314=DIRECTION('',(1.E0,0.E0,0.E0));
#315=DIRECTION('',(0.E0,-1.E0,0.E0));
#316=AXIS2_PLACEMENT_3D('',#313,#314,#315);
#318=DIRECTION('',(9.999999999956E-1,-2.973697264774E-6,9.365660174606E-11));
#319=VECTOR('',#318,4.900000000120E-1);
#320=CARTESIAN_POINT('',(-2.478E0,-8.81E0,-6.E-1));
#321=LINE('',#320,#319);
#322=CARTESIAN_POINT('',(-1.478002111715E0,-8.555000603660E0,
-8.549999999049E-1));
#323=CARTESIAN_POINT('',(-1.502740529056E0,-8.567360010117E0,
-8.549990626642E-1));
#324=CARTESIAN_POINT('',(-1.547493066908E0,-8.589751630271E0,
-8.531789943060E-1));
#325=CARTESIAN_POINT('',(-1.597306609554E0,-8.614652096146E0,
-8.482700580032E-1));
#326=CARTESIAN_POINT('',(-1.639035595355E0,-8.635518372474E0,
-8.422534833954E-1));
#327=CARTESIAN_POINT('',(-1.678758520779E0,-8.655379240109E0,
-8.347748696879E-1));
#328=CARTESIAN_POINT('',(-1.722816312686E0,-8.677408162067E0,
-8.241889480710E-1));
#329=CARTESIAN_POINT('',(-1.768461959758E0,-8.700230683636E0,
-8.102287651615E-1));
#330=CARTESIAN_POINT('',(-1.813287675629E0,-8.722641392121E0,
-7.927939490923E-1));
#331=CARTESIAN_POINT('',(-1.851394555524E0,-8.741695896926E0,
-7.744109475792E-1));
#332=CARTESIAN_POINT('',(-1.890103142460E0,-8.761045692124E0,
-7.514094054729E-1));
#333=CARTESIAN_POINT('',(-1.927295576183E0,-8.779638438028E0,
-7.223911720550E-1));
#334=CARTESIAN_POINT('',(-1.956428966844E0,-8.794215030216E0,
-6.905056792676E-1));
#335=CARTESIAN_POINT('',(-1.975528617305E0,-8.803771447430E0,
-6.589347181318E-1));
#336=CARTESIAN_POINT('',(-1.985929683278E0,-8.808966365052E0,
-6.286649945430E-1));
#337=CARTESIAN_POINT('',(-1.988000192299E0,-8.810001302917E0,
-6.093466467004E-1));
#338=CARTESIAN_POINT('',(-1.987999999990E0,-8.810001457112E0,
-5.999999999541E-1));
#340=CARTESIAN_POINT('',(-1.478E0,-8.555E0,-6.E-1));
#341=DIRECTION('',(1.E0,0.E0,0.E0));
#342=DIRECTION('',(0.E0,0.E0,-1.E0));
#343=AXIS2_PLACEMENT_3D('',#340,#341,#342);
#345=CARTESIAN_POINT('',(-1.967999999993E0,-8.300000656259E0,
-6.000000000103E-1));
#346=CARTESIAN_POINT('',(-1.967999557587E0,-8.300000568301E0,
-6.088882603149E-1));
#347=CARTESIAN_POINT('',(-1.969870146566E0,-8.300933600263E0,
-6.272088713743E-1));
#348=CARTESIAN_POINT('',(-1.979176145497E0,-8.305588317803E0,
-6.558241425844E-1));
#349=CARTESIAN_POINT('',(-1.996170455804E0,-8.314086615855E0,
-6.855988481625E-1));
#350=CARTESIAN_POINT('',(-2.021973344419E0,-8.326986902508E0,
-7.157778250511E-1));
#351=CARTESIAN_POINT('',(-2.055469631939E0,-8.343733813086E0,
-7.439450014126E-1));
#352=CARTESIAN_POINT('',(-2.091235443831E0,-8.361617041415E0,
-7.669158337805E-1));
#353=CARTESIAN_POINT('',(-2.125812468090E0,-8.378905420600E0,
-7.850000969775E-1));
#354=CARTESIAN_POINT('',(-2.165094858166E0,-8.398546600886E0,
-8.019261559205E-1));
#355=CARTESIAN_POINT('',(-2.206977043671E0,-8.419487963704E0,
-8.164864742525E-1));
#356=CARTESIAN_POINT('',(-2.248611114807E0,-8.440305180474E0,
-8.281262780354E-1));
#357=CARTESIAN_POINT('',(-2.287692351393E0,-8.459846132012E0,
-8.368654121542E-1));
#358=CARTESIAN_POINT('',(-2.324584820033E0,-8.478291834571E0,
-8.434592483772E-1));
#359=CARTESIAN_POINT('',(-2.365071966469E0,-8.498536880569E0,
-8.489975358348E-1));
#360=CARTESIAN_POINT('',(-2.413241621014E0,-8.522616767398E0,
-8.534379449889E-1));
#361=CARTESIAN_POINT('',(-2.455057610628E0,-8.543536879692E0,
-8.549993256313E-1));
#362=CARTESIAN_POINT('',(-2.477998361412E0,-8.554999531808E0,
-8.549999999428E-1));
#364=CARTESIAN_POINT('',(-1.727999199335E0,-9.055000448813E0,
-6.502526581432E-1));
#365=CARTESIAN_POINT('',(-1.729092011155E0,-9.054895045796E0,
-6.448173695887E-1));
#366=CARTESIAN_POINT('',(-1.730974454813E0,-9.054860486722E0,
-6.339022268206E-1));
#367=CARTESIAN_POINT('',(-1.732774403130E0,-9.055015086605E0,
-6.171411431347E-1));
#368=CARTESIAN_POINT('',(-1.733194287492E0,-9.055014490275E0,
-6.057767517719E-1));
#369=CARTESIAN_POINT('',(-1.733196860143E0,-9.054946260968E0,
-6.000000188311E-1));
#371=CARTESIAN_POINT('',(-1.733196860143E0,-9.054946260968E0,
-6.000000188311E-1));
#372=CARTESIAN_POINT('',(-1.733196812217E0,-9.054950616119E0,
-5.944129765339E-1));
#373=CARTESIAN_POINT('',(-1.732803012496E0,-9.055028620386E0,
-5.833426767195E-1));
#374=CARTESIAN_POINT('',(-1.731050550961E0,-9.054902561856E0,
-5.666516556595E-1));
#375=CARTESIAN_POINT('',(-1.729194973911E0,-9.054934987907E0,
-5.557422762199E-1));
#376=CARTESIAN_POINT('',(-1.728052481910E0,-9.054933751837E0,
-5.500138228525E-1));
#378=CARTESIAN_POINT('',(-1.987997654500E0,-9.064997654500E0,
-5.999995252473E-1));
#379=DIRECTION('',(2.746796610369E-6,2.746796610328E-6,9.999999999925E-1));
#380=DIRECTION('',(9.992237186830E-1,3.939492369721E-2,-2.852874166296E-6));
#381=AXIS2_PLACEMENT_3D('',#378,#379,#380);
#383=CARTESIAN_POINT('',(-1.478002111715E0,-8.555000603660E0,
-8.549999999049E-1));
#384=CARTESIAN_POINT('',(-1.489710577579E0,-8.578436107098E0,
-8.549989734522E-1));
#385=CARTESIAN_POINT('',(-1.510990515912E0,-8.620973118596E0,
-8.533686896423E-1));
#386=CARTESIAN_POINT('',(-1.535062144817E0,-8.669125532350E0,
-8.488560337148E-1));
#387=CARTESIAN_POINT('',(-1.555179861011E0,-8.709358562543E0,
-8.433105935264E-1));
#388=CARTESIAN_POINT('',(-1.573941414840E0,-8.746882615576E0,
-8.365694323181E-1));
#389=CARTESIAN_POINT('',(-1.594308114208E0,-8.787615818112E0,
-8.273373073473E-1));
#390=CARTESIAN_POINT('',(-1.615757521795E0,-8.830515400176E0,
-8.151084898308E-1));
#391=CARTESIAN_POINT('',(-1.637291582881E0,-8.873585673151E0,
-7.997003639916E-1));
#392=CARTESIAN_POINT('',(-1.656484047996E0,-8.911969670758E0,
-7.827158828186E-1));
#393=CARTESIAN_POINT('',(-1.674584058713E0,-8.948173811647E0,
-7.632380249806E-1));
#394=CARTESIAN_POINT('',(-1.692738271536E0,-8.984481765345E0,
-7.387762777368E-1));
#395=CARTESIAN_POINT('',(-1.708922703485E0,-9.016839717435E0,
-7.098603768652E-1));
#396=CARTESIAN_POINT('',(-1.720960411775E0,-9.040915766918E0,
-6.795534948695E-1));
#397=CARTESIAN_POINT('',(-1.726066401529E0,-9.051137917055E0,
-6.598655234773E-1));
#398=CARTESIAN_POINT('',(-1.727999199335E0,-9.055000448813E0,
-6.502526581432E-1));
#400=CARTESIAN_POINT('',(-1.478000604368E0,-9.554997885926E0,
-8.549999999048E-1));
#401=CARTESIAN_POINT('',(-1.489708223029E0,-9.531564078045E0,
-8.549991120260E-1));
#402=CARTESIAN_POINT('',(-1.510987865068E0,-9.489034261331E0,
-8.533689739303E-1));
#403=CARTESIAN_POINT('',(-1.535057923122E0,-9.440882078787E0,
-8.488569633482E-1));
#404=CARTESIAN_POINT('',(-1.555174819418E0,-9.400651400511E0,
-8.433121652216E-1));
#405=CARTESIAN_POINT('',(-1.573934924622E0,-9.363129962920E0,
-8.365719896770E-1));
#406=CARTESIAN_POINT('',(-1.594299039529E0,-9.322401512378E0,
-8.273418329307E-1));
#407=CARTESIAN_POINT('',(-1.615746356525E0,-9.279505681002E0,
-8.151155360128E-1));
#408=CARTESIAN_POINT('',(-1.637280069289E0,-9.236439378058E0,
-7.997095451279E-1));
#409=CARTESIAN_POINT('',(-1.656473552061E0,-9.198054474521E0,
-7.827260611321E-1));
#410=CARTESIAN_POINT('',(-1.674574768891E0,-9.161856901179E0,
-7.632495371237E-1));
#411=CARTESIAN_POINT('',(-1.692731404593E0,-9.125561207375E0,
-7.387860458277E-1));
#412=CARTESIAN_POINT('',(-1.708905461431E0,-9.093179249979E0,
-7.098936647466E-1));
#413=CARTESIAN_POINT('',(-1.720945186759E0,-9.069077689298E0,
-6.796017771944E-1));
#414=CARTESIAN_POINT('',(-1.726064548440E0,-9.058886225111E0,
-6.598792050078E-1));
#415=CARTESIAN_POINT('',(-1.727999199335E0,-9.055000448813E0,
-6.502526581432E-1));
#417=CARTESIAN_POINT('',(-1.728052481910E0,-9.054933751837E0,
-5.500138228525E-1));
#418=CARTESIAN_POINT('',(-1.726307185051E0,-9.058419176155E0,
-5.412560413837E-1));
#419=CARTESIAN_POINT('',(-1.721634819254E0,-9.067705391705E0,
-5.227861705811E-1));
#420=CARTESIAN_POINT('',(-1.710689332868E0,-9.089602986738E0,
-4.941345526916E-1));
#421=CARTESIAN_POINT('',(-1.696018571965E0,-9.118971468188E0,
-4.665680730927E-1));
#422=CARTESIAN_POINT('',(-1.679379003488E0,-9.152253060527E0,
-4.427923986574E-1));
#423=CARTESIAN_POINT('',(-1.662826049035E0,-9.185349146931E0,
-4.237717484675E-1));
#424=CARTESIAN_POINT('',(-1.645553969575E0,-9.219893898406E0,
-4.072697285337E-1));
#425=CARTESIAN_POINT('',(-1.626392264516E0,-9.258214385424E0,
-3.921515786868E-1));
#426=CARTESIAN_POINT('',(-1.606529161115E0,-9.297940952210E0,
-3.793673608154E-1));
#427=CARTESIAN_POINT('',(-1.587178261364E0,-9.336643298268E0,
-3.692435152280E-1));
#428=CARTESIAN_POINT('',(-1.569022251299E0,-9.372955369860E0,
-3.615525905361E-1));
#429=CARTESIAN_POINT('',(-1.551449358027E0,-9.408102059323E0,
-3.555601421499E-1));
#430=CARTESIAN_POINT('',(-1.531912655875E0,-9.447173535508E0,
-3.504599546420E-1));
#431=CARTESIAN_POINT('',(-1.508702910743E0,-9.493600503572E0,
-3.463961393752E-1));
#432=CARTESIAN_POINT('',(-1.488845632196E0,-9.533296940213E0,
-3.450007377781E-1));
#433=CARTESIAN_POINT('',(-1.478001641012E0,-9.554999534981E0,
-3.450000000573E-1));
#435=CARTESIAN_POINT('',(-1.728052481910E0,-9.054933751837E0,
-5.500138228525E-1));
#436=CARTESIAN_POINT('',(-1.726218259143E0,-9.051262957005E0,
-5.408852667224E-1));
#437=CARTESIAN_POINT('',(-1.721380227957E0,-9.041842985633E0,
-5.219502120279E-1));
#438=CARTESIAN_POINT('',(-1.710414239723E0,-9.019801295296E0,
-4.935550307790E-1));
#439=CARTESIAN_POINT('',(-1.695678749726E0,-8.990362109574E0,
-4.660137166766E-1));
#440=CARTESIAN_POINT('',(-1.679057849976E0,-8.957119150278E0,
-4.423925788183E-1));
#441=CARTESIAN_POINT('',(-1.662556450113E0,-8.924114684260E0,
-4.234917714742E-1));
#442=CARTESIAN_POINT('',(-1.645274009086E0,-8.889550427293E0,
-4.070277543605E-1));
#443=CARTESIAN_POINT('',(-1.626133383134E0,-8.851268086426E0,
-3.919694911255E-1));
#444=CARTESIAN_POINT('',(-1.606307984467E0,-8.811616264945E0,
-3.792408337677E-1));
#445=CARTESIAN_POINT('',(-1.587005578640E0,-8.773010867460E0,
-3.691637442791E-1));
#446=CARTESIAN_POINT('',(-1.568893263712E0,-8.736786452601E0,
-3.615044340044E-1));
#447=CARTESIAN_POINT('',(-1.551345639435E0,-8.701690168237E0,
-3.555296446916E-1));
#448=CARTESIAN_POINT('',(-1.531831129435E0,-8.662663636971E0,
-3.504430529797E-1));
#449=CARTESIAN_POINT('',(-1.508649212453E0,-8.616290457805E0,
-3.463909756661E-1));
#450=CARTESIAN_POINT('',(-1.488824781154E0,-8.576664852366E0,
-3.450006369025E-1));
#451=CARTESIAN_POINT('',(-1.478000469201E0,-8.555001642114E0,
-3.450000000574E-1));
#453=CARTESIAN_POINT('',(-1.478E0,-8.555E0,-6.E-1));
#454=DIRECTION('',(0.E0,-1.E0,0.E0));
#455=DIRECTION('',(-1.419542541205E-5,0.E0,-9.999999998992E-1));
#456=AXIS2_PLACEMENT_3D('',#453,#454,#455);
#458=CARTESIAN_POINT('',(-1.987997654500E0,-9.045002345500E0,
-5.999995483762E-1));
#459=DIRECTION('',(2.701443834055E-6,-2.701443834042E-6,9.999999999927E-1));
#460=DIRECTION('',(-9.198127308008E-6,-9.999999999540E-1,-2.701418985505E-6));
#461=AXIS2_PLACEMENT_3D('',#458,#459,#460);
#463=CARTESIAN_POINT('',(-1.478E0,-9.555E0,-6.E-1));
#464=DIRECTION('',(-1.E0,0.E0,0.E0));
#465=DIRECTION('',(0.E0,-1.E0,0.E0));
#466=AXIS2_PLACEMENT_3D('',#463,#464,#465);
#468=DIRECTION('',(-9.999999999956E-1,-2.973697264774E-6,-9.364753870096E-11));
#469=VECTOR('',#468,4.900000000120E-1);
#470=CARTESIAN_POINT('',(-1.478E0,-9.81E0,-6.E-1));
#471=LINE('',#470,#469);
#472=CARTESIAN_POINT('',(-2.477997884619E0,-9.555000604708E0,
-3.450000000953E-1));
#473=CARTESIAN_POINT('',(-2.453259467281E0,-9.567360011168E0,
-3.450009374368E-1));
#474=CARTESIAN_POINT('',(-2.408506934793E0,-9.589751629782E0,
-3.468210056471E-1));
#475=CARTESIAN_POINT('',(-2.358693389991E0,-9.614652096276E0,
-3.517299420092E-1));
#476=CARTESIAN_POINT('',(-2.316964404768E0,-9.635518372439E0,
-3.577465166010E-1));
#477=CARTESIAN_POINT('',(-2.277241479189E0,-9.655379240118E0,
-3.652251303127E-1));
#478=CARTESIAN_POINT('',(-2.233183687324E0,-9.677408162064E0,
-3.758110519284E-1));
#479=CARTESIAN_POINT('',(-2.187538040241E0,-9.700230683636E0,
-3.897712348382E-1));
#480=CARTESIAN_POINT('',(-2.142712324373E0,-9.722641392121E0,
-4.072060509073E-1));
#481=CARTESIAN_POINT('',(-2.104605444476E0,-9.741695896926E0,
-4.255890524204E-1));
#482=CARTESIAN_POINT('',(-2.065896857541E0,-9.761045692123E0,
-4.485905945267E-1));
#483=CARTESIAN_POINT('',(-2.028704423817E0,-9.779638438028E0,
-4.776088279446E-1));
#484=CARTESIAN_POINT('',(-1.999571033156E0,-9.794215030216E0,
-5.094943207321E-1));
#485=CARTESIAN_POINT('',(-1.980471382695E0,-9.803771447430E0,
-5.410652818680E-1));
#486=CARTESIAN_POINT('',(-1.970070316722E0,-9.808966365052E0,
-5.713350054569E-1));
#487=CARTESIAN_POINT('',(-1.967999807701E0,-9.810001302917E0,
-5.906533532995E-1));
#488=CARTESIAN_POINT('',(-1.968000000010E0,-9.810001457112E0,
-6.000000000459E-1));
#490=CARTESIAN_POINT('',(-2.478E0,-9.555E0,-6.E-1));
#491=DIRECTION('',(-1.E0,0.E0,0.E0));
#492=DIRECTION('',(0.E0,0.E0,1.E0));
#493=AXIS2_PLACEMENT_3D('',#490,#491,#492);
#495=CARTESIAN_POINT('',(-1.988000000007E0,-9.300000656259E0,
-5.999999999897E-1));
#496=CARTESIAN_POINT('',(-1.988000442413E0,-9.300000568301E0,
-5.911117396851E-1));
#497=CARTESIAN_POINT('',(-1.986129853434E0,-9.300933600263E0,
-5.727911286257E-1));
#498=CARTESIAN_POINT('',(-1.976823854503E0,-9.305588317803E0,
-5.441758574156E-1));
#499=CARTESIAN_POINT('',(-1.959829544195E0,-9.314086615855E0,
-5.144011518375E-1));
#500=CARTESIAN_POINT('',(-1.934026655581E0,-9.326986902508E0,
-4.842221749489E-1));
#501=CARTESIAN_POINT('',(-1.900530368061E0,-9.343733813086E0,
-4.560549985874E-1));
#502=CARTESIAN_POINT('',(-1.864764556169E0,-9.361617041415E0,
-4.330841662195E-1));
#503=CARTESIAN_POINT('',(-1.830187531910E0,-9.378905420600E0,
-4.149999030225E-1));
#504=CARTESIAN_POINT('',(-1.790905141833E0,-9.398546600886E0,
-3.980738440795E-1));
#505=CARTESIAN_POINT('',(-1.749022956330E0,-9.419487963706E0,
-3.835135257475E-1));
#506=CARTESIAN_POINT('',(-1.707388885187E0,-9.440305180466E0,
-3.718737219645E-1));
#507=CARTESIAN_POINT('',(-1.668307648628E0,-9.459846132041E0,
-3.631345878463E-1));
#508=CARTESIAN_POINT('',(-1.631415179886E0,-9.478291834465E0,
-3.565407516207E-1));
#509=CARTESIAN_POINT('',(-1.590928033832E0,-9.498536880964E0,
-3.510024641729E-1));
#510=CARTESIAN_POINT('',(-1.542758377862E0,-9.522616765927E0,
-3.465620549822E-1));
#511=CARTESIAN_POINT('',(-1.500942391796E0,-9.543536882863E0,
-3.450006744310E-1));
#512=CARTESIAN_POINT('',(-1.478001641012E0,-9.554999534981E0,
-3.450000000573E-1));
#514=CARTESIAN_POINT('',(-1.478E0,-9.555E0,-6.E-1));
#515=DIRECTION('',(0.E0,1.E0,0.E0));
#516=DIRECTION('',(-1.103130759375E-5,0.E0,9.999999999392E-1));
#517=AXIS2_PLACEMENT_3D('',#514,#515,#516);
#519=CARTESIAN_POINT('',(-1.478E0,-9.555E0,-6.E-1));
#520=DIRECTION('',(-1.E0,0.E0,0.E0));
#521=DIRECTION('',(0.E0,1.421113916218E-5,-9.999999998990E-1));
#522=AXIS2_PLACEMENT_3D('',#519,#520,#521);
#524=CARTESIAN_POINT('',(-1.478000604368E0,-9.554997885926E0,
-8.549999999048E-1));
#525=CARTESIAN_POINT('',(-1.502738879717E0,-9.542638550303E0,
-8.549989161637E-1));
#526=CARTESIAN_POINT('',(-1.547495491625E0,-9.520248205644E0,
-8.531789682488E-1));
#527=CARTESIAN_POINT('',(-1.597306971901E0,-9.495347366934E0,
-8.482699381112E-1));
#528=CARTESIAN_POINT('',(-1.639036269143E0,-9.474481257784E0,
-8.422533515178E-1));
#529=CARTESIAN_POINT('',(-1.678759046036E0,-9.454620393135E0,
-8.347747260152E-1));
#530=CARTESIAN_POINT('',(-1.722816590945E0,-9.432591108742E0,
-8.241885511646E-1));
#531=CARTESIAN_POINT('',(-1.768461894018E0,-9.409768194764E0,
-8.102280825810E-1));
#532=CARTESIAN_POINT('',(-1.813285872556E0,-9.387355880284E0,
-7.927915763993E-1));
#533=CARTESIAN_POINT('',(-1.851393443351E0,-9.368302555126E0,
-7.744093422951E-1));
#534=CARTESIAN_POINT('',(-1.890097794856E0,-9.348949687669E0,
-7.514036377468E-1));
#535=CARTESIAN_POINT('',(-1.927285526198E0,-9.330357049953E0,
-7.223822488377E-1));
#536=CARTESIAN_POINT('',(-1.956430883031E0,-9.315786270868E0,
-6.905078844378E-1));
#537=CARTESIAN_POINT('',(-1.975541400288E0,-9.306229925142E0,
-6.589402560998E-1));
#538=CARTESIAN_POINT('',(-1.985931425441E0,-9.301032570757E0,
-6.286646528444E-1));
#539=CARTESIAN_POINT('',(-1.988000439876E0,-9.300000568870E0,
-6.093464164656E-1));
#540=CARTESIAN_POINT('',(-1.988000000007E0,-9.300000656259E0,
-5.999999999897E-1));
#542=DIRECTION('',(-9.999999999991E-1,1.339304942704E-6,-2.101765473707E-11));
#543=VECTOR('',#542,4.899999999936E-1);
#544=CARTESIAN_POINT('',(-1.988000000007E0,-9.300000656259E0,
-5.999999999897E-1));
#545=LINE('',#544,#543);
#546=CARTESIAN_POINT('',(-2.478E0,-9.555E0,-6.E-1));
#547=DIRECTION('',(-1.E0,0.E0,0.E0));
#548=DIRECTION('',(0.E0,1.E0,0.E0));
#549=AXIS2_PLACEMENT_3D('',#546,#547,#548);
#551=CARTESIAN_POINT('',(-1.968000000010E0,-9.810001457112E0,
-6.000000000459E-1));
#552=CARTESIAN_POINT('',(-1.967999824875E0,-9.810001282896E0,
-6.088884953258E-1));
#553=CARTESIAN_POINT('',(-1.969870576137E0,-9.809065421043E0,
-6.272091299046E-1));
#554=CARTESIAN_POINT('',(-1.979185536912E0,-9.804412606546E0,
-6.558203338785E-1));
#555=CARTESIAN_POINT('',(-1.996174247545E0,-9.795914787587E0,
-6.855955176490E-1));
#556=CARTESIAN_POINT('',(-2.021966486633E0,-9.783010803067E0,
-7.157830577485E-1));
#557=CARTESIAN_POINT('',(-2.055463617833E0,-9.766262231406E0,
-7.439505032283E-1));
#558=CARTESIAN_POINT('',(-2.091233772570E0,-9.748381725693E0,
-7.669171381971E-1));
#559=CARTESIAN_POINT('',(-2.125810279479E0,-9.731092735473E0,
-7.850018772945E-1));
#560=CARTESIAN_POINT('',(-2.165093645114E0,-9.711452421199E0,
-8.019268443849E-1));
#561=CARTESIAN_POINT('',(-2.206976239422E0,-9.690511658716E0,
-8.164866947624E-1));
#562=CARTESIAN_POINT('',(-2.248610552159E0,-9.669694840167E0,
-8.281262558610E-1));
#563=CARTESIAN_POINT('',(-2.287691873149E0,-9.650154026774E0,
-8.368653491052E-1));
#564=CARTESIAN_POINT('',(-2.324584205993E0,-9.631708335440E0,
-8.434591898673E-1));
#565=CARTESIAN_POINT('',(-2.365071605274E0,-9.611463462352E0,
-8.489974617679E-1));
#566=CARTESIAN_POINT('',(-2.413239715070E0,-9.587383369039E0,
-8.534379232597E-1));
#567=CARTESIAN_POINT('',(-2.455058881556E0,-9.566464242042E0,
-8.549992202173E-1));
#568=CARTESIAN_POINT('',(-2.477999531368E0,-9.555001640129E0,
-8.549999999427E-1));
#570=CARTESIAN_POINT('',(-2.478E0,-9.555E0,-6.E-1));
#571=DIRECTION('',(0.E0,-1.E0,0.E0));
#572=DIRECTION('',(1.422006114777E-5,0.E0,9.999999998989E-1));
#573=AXIS2_PLACEMENT_3D('',#570,#571,#572);
#575=CARTESIAN_POINT('',(-2.477997884619E0,-9.555000604708E0,
-3.450000000953E-1));
#576=CARTESIAN_POINT('',(-2.465638549039E0,-9.579738879967E0,
-3.450010839628E-1));
#577=CARTESIAN_POINT('',(-2.443248205709E0,-9.624495492552E0,
-3.468210317521E-1));
#578=CARTESIAN_POINT('',(-2.418347366589E0,-9.674306972308E0,
-3.517300619612E-1));
#579=CARTESIAN_POINT('',(-2.397481257616E0,-9.716036269554E0,
-3.577466485444E-1));
#580=CARTESIAN_POINT('',(-2.377620392943E0,-9.755759046399E0,
-3.652252740643E-1));
#581=CARTESIAN_POINT('',(-2.355591108567E0,-9.799816591301E0,
-3.758114489320E-1));
#582=CARTESIAN_POINT('',(-2.332768194606E0,-9.845461894335E0,
-3.897719175292E-1));
#583=CARTESIAN_POINT('',(-2.310355880158E0,-9.890285872809E0,
-4.072084237118E-1));
#584=CARTESIAN_POINT('',(-2.291302555025E0,-9.928393443553E0,
-4.255906578136E-1));
#585=CARTESIAN_POINT('',(-2.271949687586E0,-9.967097795023E0,
-4.485963623674E-1));
#586=CARTESIAN_POINT('',(-2.253357049896E0,-1.000428552631E1,
-4.776177512699E-1));
#587=CARTESIAN_POINT('',(-2.238786270838E0,-1.003343088309E1,
-5.094921156461E-1));
#588=CARTESIAN_POINT('',(-2.229229925131E0,-1.005254140031E1,
-5.410597439543E-1));
#589=CARTESIAN_POINT('',(-2.224032570755E0,-1.006293142544E1,
-5.713353471812E-1));
#590=CARTESIAN_POINT('',(-2.223000568870E0,-1.006500043988E1,
-5.906535835425E-1));
#591=CARTESIAN_POINT('',(-2.223000656259E0,-1.006500000001E1,
-6.000000000103E-1));
#593=DIRECTION('',(9.256127210892E-8,-1.E0,1.452528741387E-12));
#594=VECTOR('',#593,7.089999999993E0);
#595=CARTESIAN_POINT('',(-2.223000656259E0,-1.006500000001E1,
-6.000000000103E-1));
#596=LINE('',#595,#594);
#597=CARTESIAN_POINT('',(-1.968002345500E0,-1.006499765450E1,
-6.000004631453E-1));
#598=DIRECTION('',(-2.724035918761E-6,2.724035918748E-6,-9.999999999926E-1));
#599=DIRECTION('',(-9.999999999540E-1,-9.198126409373E-6,2.724010862736E-6));
#600=AXIS2_PLACEMENT_3D('',#597,#598,#599);
#602=CARTESIAN_POINT('',(-2.478E0,-9.555E0,-6.E-1));
#603=DIRECTION('',(0.E0,-1.E0,0.E0));
#604=DIRECTION('',(-1.E0,0.E0,0.E0));
#605=AXIS2_PLACEMENT_3D('',#602,#603,#604);
#607=DIRECTION('',(0.E0,-1.E0,0.E0));
#608=VECTOR('',#607,7.6E0);
#609=CARTESIAN_POINT('',(-2.733E0,-9.555E0,-6.E-1));
#610=LINE('',#609,#608);
#611=CARTESIAN_POINT('',(-2.223000656259E0,-1.006500000001E1,
-6.000000000103E-1));
#612=CARTESIAN_POINT('',(-2.223000568301E0,-1.006500044241E1,
-6.088882603149E-1));
#613=CARTESIAN_POINT('',(-2.223933600263E0,-1.006312985343E1,
-6.272088713743E-1));
#614=CARTESIAN_POINT('',(-2.228588317803E0,-1.005382385450E1,
-6.558241425844E-1));
#615=CARTESIAN_POINT('',(-2.237086615855E0,-1.003682954420E1,
-6.855988481625E-1));
#616=CARTESIAN_POINT('',(-2.249986902508E0,-1.001102665558E1,
-7.157778250512E-1));
#617=CARTESIAN_POINT('',(-2.266733813086E0,-9.977530368061E0,
-7.439450014127E-1));
#618=CARTESIAN_POINT('',(-2.284617041415E0,-9.941764556169E0,
-7.669158337805E-1));
#619=CARTESIAN_POINT('',(-2.301905420600E0,-9.907187531910E0,
-7.850000969775E-1));
#620=CARTESIAN_POINT('',(-2.321546600886E0,-9.867905141833E0,
-8.019261559205E-1));
#621=CARTESIAN_POINT('',(-2.342487963704E0,-9.826022956330E0,
-8.164864742525E-1));
#622=CARTESIAN_POINT('',(-2.363305180475E0,-9.784388885189E0,
-8.281262780355E-1));
#623=CARTESIAN_POINT('',(-2.382846132008E0,-9.745307648620E0,
-8.368654121539E-1));
#624=CARTESIAN_POINT('',(-2.401291834586E0,-9.708415179916E0,
-8.434592483785E-1));
#625=CARTESIAN_POINT('',(-2.421536880515E0,-9.667928033722E0,
-8.489975358299E-1));
#626=CARTESIAN_POINT('',(-2.445616767603E0,-9.619758378271E0,
-8.534379450072E-1));
#627=CARTESIAN_POINT('',(-2.466536879250E0,-9.577942390913E0,
-8.549993255919E-1));
#628=CARTESIAN_POINT('',(-2.477999531368E0,-9.555001640129E0,
-8.549999999427E-1));
#630=CARTESIAN_POINT('',(-2.478E0,-1.7155E1,-6.E-1));
#631=DIRECTION('',(0.E0,-1.E0,0.E0));
#632=DIRECTION('',(-1.E0,0.E0,0.E0));
#633=AXIS2_PLACEMENT_3D('',#630,#631,#632);
#635=CARTESIAN_POINT('',(-2.478E0,-1.7155E1,-6.E-1));
#636=DIRECTION('',(0.E0,-1.E0,0.E0));
#637=DIRECTION('',(1.E0,0.E0,0.E0));
#638=AXIS2_PLACEMENT_3D('',#635,#636,#637);
#640=CARTESIAN_POINT('',(-3.089847175758E0,-3.541587840285E0,-3.5E-1));
#641=CARTESIAN_POINT('',(-3.097236639600E0,-3.535140925791E0,
-3.651234266905E-1));
#642=CARTESIAN_POINT('',(-3.111065589601E0,-3.519415430418E0,
-3.950964137291E-1));
#643=CARTESIAN_POINT('',(-3.129614611500E0,-3.486342727942E0,
-4.395427898431E-1));
#644=CARTESIAN_POINT('',(-3.145778570650E0,-3.444263829923E0,
-4.810500011752E-1));
#645=CARTESIAN_POINT('',(-3.160392906727E0,-3.392476273540E0,
-5.189059355356E-1));
#646=CARTESIAN_POINT('',(-3.174382013283E0,-3.329431356297E0,
-5.519741921325E-1));
#647=CARTESIAN_POINT('',(-3.188320938027E0,-3.256125139894E0,
-5.778796441561E-1));
#648=CARTESIAN_POINT('',(-3.203447742125E0,-3.170492064801E0,
-5.954647201307E-1));
#649=CARTESIAN_POINT('',(-3.214754123497E0,-3.105314087504E0,-6.E-1));
#650=CARTESIAN_POINT('',(-3.220769948950E0,-3.070690628497E0,-6.E-1));
#652=CARTESIAN_POINT('',(0.E0,0.E0,-6.E-1));
#653=DIRECTION('',(0.E0,0.E0,-1.E0));
#654=DIRECTION('',(-7.237685278539E-1,-6.900428378646E-1,0.E0));
#655=AXIS2_PLACEMENT_3D('',#652,#653,#654);
#657=CARTESIAN_POINT('',(-1.900786559760E0,-4.023532476409E0,
-6.000000024012E-1));
#658=CARTESIAN_POINT('',(-1.903686674393E0,-4.040223785173E0,
-6.000000024012E-1));
#659=CARTESIAN_POINT('',(-1.909254187974E0,-4.072346025579E0,
-5.969416502586E-1));
#660=CARTESIAN_POINT('',(-1.917538687972E0,-4.119052506894E0,
-5.834190382121E-1));
#661=CARTESIAN_POINT('',(-1.925538885215E0,-4.159768170083E0,
-5.627098919914E-1));
#662=CARTESIAN_POINT('',(-1.933891063605E0,-4.194197751135E0,
-5.362718298872E-1));
#663=CARTESIAN_POINT('',(-1.943154758765E0,-4.221580019030E0,
-5.053575424394E-1));
#664=CARTESIAN_POINT('',(-1.953839164284E0,-4.241572105893E0,
-4.711556693418E-1));
#665=CARTESIAN_POINT('',(-1.966783544142E0,-4.254299049923E0,
-4.334140553214E-1));
#666=CARTESIAN_POINT('',(-1.982853379758E0,-4.258651598300E0,
-3.921577063223E-1));
#667=CARTESIAN_POINT('',(-1.995367558990E0,-4.255415996193E0,
-3.642008276266E-1));
#668=CARTESIAN_POINT('',(-2.002197838322E0,-4.252199879617E0,-3.5E-1));
#670=CARTESIAN_POINT('',(0.E0,0.E0,-3.5E-1));
#671=DIRECTION('',(0.E0,0.E0,-1.E0));
#672=DIRECTION('',(-1.E0,0.E0,0.E0));
#673=AXIS2_PLACEMENT_3D('',#670,#671,#672);
#675=DIRECTION('',(0.E0,-1.535688325843E-12,1.E0));
#676=VECTOR('',#675,7.E-1);
#677=CARTESIAN_POINT('',(4.7E0,8.152428935923E-13,-3.5E-1));
#678=LINE('',#677,#676);
#679=CARTESIAN_POINT('',(0.E0,0.E0,3.5E-1));
#680=DIRECTION('',(0.E0,0.E0,1.E0));
#681=DIRECTION('',(1.E0,0.E0,0.E0));
#682=AXIS2_PLACEMENT_3D('',#679,#680,#681);
#684=CARTESIAN_POINT('',(0.E0,0.E0,-3.5E-1));
#685=DIRECTION('',(0.E0,0.E0,-1.E0));
#686=DIRECTION('',(-6.574142927146E-1,-7.535293277203E-1,0.E0));
#687=AXIS2_PLACEMENT_3D('',#684,#685,#686);
#689=DIRECTION('',(0.E0,1.567349507456E-12,1.E0));
#690=VECTOR('',#689,7.E-1);
#691=CARTESIAN_POINT('',(-4.7E0,-8.241870131016E-13,-3.5E-1));
#692=LINE('',#691,#690);
#693=CARTESIAN_POINT('',(0.E0,0.E0,3.5E-1));
#694=DIRECTION('',(0.E0,0.E0,1.E0));
#695=DIRECTION('',(-1.E0,0.E0,0.E0));
#696=AXIS2_PLACEMENT_3D('',#693,#694,#695);
#698=CARTESIAN_POINT('',(3.089847175758E0,-3.541587840285E0,3.5E-1));
#699=CARTESIAN_POINT('',(3.077592536752E0,-3.552279361556E0,3.249194070618E-1));
#700=CARTESIAN_POINT('',(3.048923697933E0,-3.577077917037E0,2.753608479926E-1));
#701=CARTESIAN_POINT('',(2.991310970029E0,-3.625527504228E0,2.033630173561E-1));
#702=CARTESIAN_POINT('',(2.917939462651E0,-3.684992204088E0,1.369799082091E-1));
#703=CARTESIAN_POINT('',(2.831018631040E0,-3.752299777431E0,8.163819972883E-2));
#704=CARTESIAN_POINT('',(2.736550676293E0,-3.821766182612E0,4.203056842583E-2));
#705=CARTESIAN_POINT('',(2.641715219282E0,-3.887879600098E0,1.941593967731E-2));
#706=CARTESIAN_POINT('',(2.549515302327E0,-3.948908926747E0,1.185471472756E-2));
#707=CARTESIAN_POINT('',(2.459886866958E0,-4.005307015749E0,1.768604130788E-2));
#708=CARTESIAN_POINT('',(2.374803863170E0,-4.056270191384E0,3.573156060442E-2));
#709=CARTESIAN_POINT('',(2.295303349758E0,-4.101729245645E0,6.460587093387E-2));
#710=CARTESIAN_POINT('',(2.220652346589E0,-4.142571796045E0,1.041675752702E-1));
#711=CARTESIAN_POINT('',(2.152547469550E0,-4.178312153620E0,1.535863738553E-1));
#712=CARTESIAN_POINT('',(2.091926228118E0,-4.208936829724E0,2.122830594398E-1));
#713=CARTESIAN_POINT('',(2.040865436515E0,-4.233877456049E0,2.783069649137E-1));
#714=CARTESIAN_POINT('',(2.013975810816E0,-4.246654084091E0,3.255124279639E-1));
#715=CARTESIAN_POINT('',(2.002197838322E0,-4.252199879617E0,3.5E-1));
#717=CARTESIAN_POINT('',(0.E0,0.E0,3.5E-1));
#718=DIRECTION('',(0.E0,0.E0,1.E0));
#719=DIRECTION('',(6.574142927146E-1,-7.535293277203E-1,0.E0));
#720=AXIS2_PLACEMENT_3D('',#717,#718,#719);
#722=CARTESIAN_POINT('',(0.E0,0.E0,-3.5E-1));
#723=DIRECTION('',(0.E0,0.E0,-1.E0));
#724=DIRECTION('',(1.E0,0.E0,0.E0));
#725=AXIS2_PLACEMENT_3D('',#722,#723,#724);
#727=CARTESIAN_POINT('',(-3.089847175758E0,-3.541587840285E0,-3.5E-1));
#728=CARTESIAN_POINT('',(-3.077597844072E0,-3.552274731201E0,
-3.249302691314E-1));
#729=CARTESIAN_POINT('',(-3.048938886516E0,-3.577064825006E0,
-2.753848032257E-1));
#730=CARTESIAN_POINT('',(-2.991336804679E0,-3.625506252861E0,
-2.033893836605E-1));
#731=CARTESIAN_POINT('',(-2.917950772793E0,-3.684983324389E0,
-1.369877139654E-1));
#732=CARTESIAN_POINT('',(-2.831035135076E0,-3.752287276433E0,
-8.164713605991E-2));
#733=CARTESIAN_POINT('',(-2.736567007770E0,-3.821754441667E0,
-4.203604503547E-2));
#734=CARTESIAN_POINT('',(-2.641739640282E0,-3.887862974786E0,
-1.941998895111E-2));
#735=CARTESIAN_POINT('',(-2.549535292483E0,-3.948896079970E0,
-1.185464441863E-2));
#736=CARTESIAN_POINT('',(-2.459904615815E0,-4.005296148527E0,
-1.768346341539E-2));
#737=CARTESIAN_POINT('',(-2.374816502543E0,-4.056262830759E0,
-3.572777601407E-2));
#738=CARTESIAN_POINT('',(-2.295313467594E0,-4.101723612211E0,
-6.460121578386E-2));
#739=CARTESIAN_POINT('',(-2.220658130275E0,-4.142568715566E0,
-1.041638531623E-1));
#740=CARTESIAN_POINT('',(-2.152552579180E0,-4.178309530296E0,
-1.535819978123E-1));
#741=CARTESIAN_POINT('',(-2.091928440720E0,-4.208935743194E0,
-2.122804117042E-1));
#742=CARTESIAN_POINT('',(-2.040866826232E0,-4.233876788821E0,
-2.783047907072E-1));
#743=CARTESIAN_POINT('',(-2.013976204386E0,-4.246653898775E0,
-3.255116096935E-1));
#744=CARTESIAN_POINT('',(-2.002197838322E0,-4.252199879617E0,-3.5E-1));
#746=CARTESIAN_POINT('',(0.E0,0.E0,6.E-1));
#747=DIRECTION('',(0.E0,0.E0,1.E0));
#748=DIRECTION('',(7.237685278539E-1,-6.900428378646E-1,0.E0));
#749=AXIS2_PLACEMENT_3D('',#746,#747,#748);
#751=CARTESIAN_POINT('',(1.900818297061E0,-4.023718608606E0,6.000000024012E-1));
#752=CARTESIAN_POINT('',(1.903693423789E0,-4.040266102076E0,6.000000024012E-1));
#753=CARTESIAN_POINT('',(1.909302984077E0,-4.072622733922E0,5.968833172352E-1));
#754=CARTESIAN_POINT('',(1.917517652320E0,-4.118932674063E0,5.834500901059E-1));
#755=CARTESIAN_POINT('',(1.925556672312E0,-4.159876536416E0,5.626810391763E-1));
#756=CARTESIAN_POINT('',(1.934048687361E0,-4.194838516994E0,5.357574013067E-1));
#757=CARTESIAN_POINT('',(1.943559919502E0,-4.222593283102E0,5.040117285530E-1));
#758=CARTESIAN_POINT('',(1.954359058219E0,-4.242285006298E0,4.695583915868E-1));
#759=CARTESIAN_POINT('',(1.967332921653E0,-4.254576921602E0,4.319315179925E-1));
#760=CARTESIAN_POINT('',(1.983171410651E0,-4.258586018756E0,3.914329338525E-1));
#761=CARTESIAN_POINT('',(1.995491858941E0,-4.255357468113E0,3.639423957102E-1));
#762=CARTESIAN_POINT('',(2.002197838322E0,-4.252199879617E0,3.5E-1));
#764=CARTESIAN_POINT('',(3.089847175758E0,-3.541587840285E0,3.5E-1));
#765=CARTESIAN_POINT('',(3.097260194527E0,-3.535120375369E0,3.651716346830E-1));
#766=CARTESIAN_POINT('',(3.111136620241E0,-3.519346342415E0,3.952469680653E-1));
#767=CARTESIAN_POINT('',(3.129843687829E0,-3.485875877701E0,4.401107526872E-1));
#768=CARTESIAN_POINT('',(3.145943848372E0,-3.443697436512E0,4.814835456484E-1));
#769=CARTESIAN_POINT('',(3.160330726361E0,-3.392680236681E0,5.187384011637E-1));
#770=CARTESIAN_POINT('',(3.174303154189E0,-3.329833062916E0,5.518081264603E-1));
#771=CARTESIAN_POINT('',(3.188272710454E0,-3.256393712390E0,5.778123023757E-1));
#772=CARTESIAN_POINT('',(3.203416683636E0,-3.170671480808E0,5.954462420594E-1));
#773=CARTESIAN_POINT('',(3.214742939510E0,-3.105378455785E0,6.E-1));
#774=CARTESIAN_POINT('',(3.220769948950E0,-3.070690628497E0,6.E-1));
#776=DIRECTION('',(3.741093676578E-6,9.999999999930E-1,2.704941978929E-10));
#777=VECTOR('',#776,2.136016411924E-1);
#778=CARTESIAN_POINT('',(1.528E0,-1.847819423871E0,6.E-1));
#779=LINE('',#778,#777);
#780=DIRECTION('',(-1.711850801351E-1,9.852388889702E-1,-1.118044885074E-9));
#781=VECTOR('',#780,2.147686591713E0);
#782=CARTESIAN_POINT('',(1.900818297061E0,-4.023718608606E0,6.000000024012E-1));
#783=LINE('',#782,#781);
#784=DIRECTION('',(-1.711852365842E-1,-9.852388617871E-1,-7.128182857153E-8));
#785=VECTOR('',#784,7.402393871663E-1);
#786=CARTESIAN_POINT('',(3.347488003571E0,-2.341378017236E0,6.000000527656E-1));
#787=LINE('',#786,#785);
#788=CARTESIAN_POINT('',(2.965339717240E0,-1.028E0,6.000000070855E-1));
#789=CARTESIAN_POINT('',(2.985265653996E0,-1.028000159421E0,6.000001374544E-1));
#790=CARTESIAN_POINT('',(3.028120069583E0,-1.029104848059E0,5.999999362072E-1));
#791=CARTESIAN_POINT('',(3.101376253998E0,-1.036318405910E0,6.000000170932E-1));
#792=CARTESIAN_POINT('',(3.183770026418E0,-1.051933349575E0,5.999999954199E-1));
#793=CARTESIAN_POINT('',(3.277129453882E0,-1.080654372232E0,6.000000012272E-1));
#794=CARTESIAN_POINT('',(3.375350844865E0,-1.126430522103E0,5.999999996712E-1));
#795=CARTESIAN_POINT('',(3.466725444910E0,-1.187324223556E0,6.000000000881E-1));
#796=CARTESIAN_POINT('',(3.546426984660E0,-1.260183328965E0,5.999999999763E-1));
#797=CARTESIAN_POINT('',(3.613386787983E0,-1.343493679244E0,6.000000000068E-1));
#798=CARTESIAN_POINT('',(3.666382183034E0,-1.435473347146E0,5.999999999965E-1));
#799=CARTESIAN_POINT('',(3.704406658902E0,-1.534163225077E0,6.000000000072E-1));
#800=CARTESIAN_POINT('',(3.726612807673E0,-1.637269619119E0,5.999999999747E-1));
#801=CARTESIAN_POINT('',(3.732557038922E0,-1.742077799940E0,6.000000000939E-1));
#802=CARTESIAN_POINT('',(3.722262787305E0,-1.846584855569E0,5.999999996498E-1));
#803=CARTESIAN_POINT('',(3.695673833863E0,-1.949100485737E0,6.000000013071E-1));
#804=CARTESIAN_POINT('',(3.653142092198E0,-2.046919162122E0,5.999999951218E-1));
#805=CARTESIAN_POINT('',(3.595452594676E0,-2.137604714995E0,6.000000182057E-1));
#806=CARTESIAN_POINT('',(3.523572281816E0,-2.219289705612E0,5.999999320554E-1));
#807=CARTESIAN_POINT('',(3.438008838652E0,-2.289948682140E0,6.000002535727E-1));
#808=CARTESIAN_POINT('',(3.378329249948E0,-2.325646465668E0,5.999994536268E-1));
#809=CARTESIAN_POINT('',(3.347488003571E0,-2.341378017236E0,6.000000527656E-1));
#811=DIRECTION('',(-1.E0,0.E0,1.303394015429E-7));
#812=VECTOR('',#811,9.746806518932E-1);
#813=CARTESIAN_POINT('',(2.965339717240E0,-1.028E0,6.000000070855E-1));
#814=LINE('',#813,#812);
#815=CARTESIAN_POINT('',(1.990659065347E0,-1.028E0,6.000001341248E-1));
#816=CARTESIAN_POINT('',(1.971902554957E0,-1.046754779455E0,6.000007981181E-1));
#817=CARTESIAN_POINT('',(1.930028120949E0,-1.084039452054E0,5.999996295921E-1));
#818=CARTESIAN_POINT('',(1.856680263721E0,-1.138881118048E0,6.000000992505E-1));
#819=CARTESIAN_POINT('',(1.772434419971E0,-1.201231899574E0,5.999999734059E-1));
#820=CARTESIAN_POINT('',(1.695103996435E0,-1.268352499914E0,6.000000071257E-1));
#821=CARTESIAN_POINT('',(1.631124096271E0,-1.340081855173E0,5.999999980911E-1));
#822=CARTESIAN_POINT('',(1.582834520054E0,-1.414921890520E0,6.000000005099E-1));
#823=CARTESIAN_POINT('',(1.550863543911E0,-1.488104422416E0,5.999999998694E-1));
#824=CARTESIAN_POINT('',(1.532020624735E0,-1.561958172869E0,6.000000000126E-1));
#825=CARTESIAN_POINT('',(1.528001734216E0,-1.610215022198E0,6.000000000578E-1));
#826=CARTESIAN_POINT('',(1.528000799104E0,-1.634217782680E0,6.000000000578E-1));
#828=CARTESIAN_POINT('',(1.528000799104E0,-1.634217782680E0,6.000000000578E-1));
#829=CARTESIAN_POINT('',(1.527999486222E0,-1.645289764577E0,6.303500551591E-1));
#830=CARTESIAN_POINT('',(1.530965653619E0,-1.664959286476E0,6.910617958171E-1));
#831=CARTESIAN_POINT('',(1.543546112432E0,-1.687509461558E0,7.787819860806E-1));
#832=CARTESIAN_POINT('',(1.565139235016E0,-1.705303669329E0,8.688150731405E-1));
#833=CARTESIAN_POINT('',(1.598237053982E0,-1.718498598611E0,9.635367544634E-1));
#834=CARTESIAN_POINT('',(1.644806433816E0,-1.726397001007E0,1.060763531712E0));
#835=CARTESIAN_POINT('',(1.684335657975E0,-1.728000078646E0,1.123474673852E0));
#836=CARTESIAN_POINT('',(1.706379077829E0,-1.728E0,1.154166453494E0));
#838=CARTESIAN_POINT('',(3.392921708642E0,-1.728E0,8.557693790439E-1));
#839=CARTESIAN_POINT('',(3.395992287035E0,-1.741346891205E0,8.447847166739E-1));
#840=CARTESIAN_POINT('',(3.401563953363E0,-1.767996010523E0,8.233309188975E-1));
#841=CARTESIAN_POINT('',(3.408383745615E0,-1.807959272402E0,7.928450556240E-1));
#842=CARTESIAN_POINT('',(3.412012749436E0,-1.834536513200E0,7.738023833880E-1));
#843=CARTESIAN_POINT('',(3.413629726815E0,-1.847819436756E0,7.646117114490E-1));
#845=CARTESIAN_POINT('',(1.990660282759E0,-1.377999978547E0,9.499999999999E-1));
#846=CARTESIAN_POINT('',(1.975334353697E0,-1.378000052290E0,9.393312645332E-1));
#847=CARTESIAN_POINT('',(1.948186464634E0,-1.377027810334E0,9.174897015964E-1));
#848=CARTESIAN_POINT('',(1.917297699392E0,-1.372232433499E0,8.837520432510E-1));
#849=CARTESIAN_POINT('',(1.896481274794E0,-1.364317735558E0,8.512437879914E-1));
#850=CARTESIAN_POINT('',(1.883771832551E0,-1.353596908863E0,8.201968003408E-1));
#851=CARTESIAN_POINT('',(1.877698327988E0,-1.339761540928E0,7.897153081569E-1));
#852=CARTESIAN_POINT('',(1.877796238997E0,-1.322360821664E0,7.595385871272E-1));
#853=CARTESIAN_POINT('',(1.883889708588E0,-1.300748411398E0,7.295364593873E-1));
#854=CARTESIAN_POINT('',(1.896308040869E0,-1.273473131670E0,6.992882352520E-1));
#855=CARTESIAN_POINT('',(1.914911101637E0,-1.239668580013E0,6.700021159085E-1));
#856=CARTESIAN_POINT('',(1.936659651619E0,-1.201381829217E0,6.448645143912E-1));
#857=CARTESIAN_POINT('',(1.956684599045E0,-1.162768641569E0,6.261293028874E-1));
#858=CARTESIAN_POINT('',(1.972372734174E0,-1.126067031164E0,6.133387963281E-1));
#859=CARTESIAN_POINT('',(1.983212764537E0,-1.091485728967E0,6.052529525613E-1));
#860=CARTESIAN_POINT('',(1.989353835353E0,-1.059182198109E0,6.009063634347E-1));
#861=CARTESIAN_POINT('',(1.990656608946E0,-1.038205062624E0,6.000004953276E-1));
#862=CARTESIAN_POINT('',(1.990659065347E0,-1.028E0,6.000001341248E-1));
#864=CARTESIAN_POINT('',(1.990662601939E0,-1.727999828345E0,9.500010164900E-1));
#865=DIRECTION('',(-5.833259604963E-1,9.133523258130E-6,-8.122381570252E-1));
#866=DIRECTION('',(-8.122381570616E-1,-4.904160192618E-7,5.833259605169E-1));
#867=AXIS2_PLACEMENT_3D('',#864,#865,#866);
#869=CARTESIAN_POINT('',(2.965340024185E0,-1.378000001920E0,9.5E-1));
#870=CARTESIAN_POINT('',(2.982461838471E0,-1.378000066453E0,9.439510757961E-1));
#871=CARTESIAN_POINT('',(3.014496778738E0,-1.378984635963E0,9.331130208931E-1));
#872=CARTESIAN_POINT('',(3.052574244111E0,-1.382534000988E0,9.213355801952E-1));
#873=CARTESIAN_POINT('',(3.086974962483E0,-1.387866362718E0,9.115458040658E-1));
#874=CARTESIAN_POINT('',(3.119844267872E0,-1.395239107069E0,9.029864914562E-1));
#875=CARTESIAN_POINT('',(3.152664892389E0,-1.405209505743E0,8.951707077451E-1));
#876=CARTESIAN_POINT('',(3.183695555342E0,-1.417473615485E0,8.884520288265E-1));
#877=CARTESIAN_POINT('',(3.212361300381E0,-1.431608519002E0,8.827429965359E-1));
#878=CARTESIAN_POINT('',(3.239166217770E0,-1.447703140728E0,8.778252503321E-1));
#879=CARTESIAN_POINT('',(3.264227013529E0,-1.465795412052E0,8.735496876490E-1));
#880=CARTESIAN_POINT('',(3.287327139969E0,-1.485705816752E0,8.698772342734E-1));
#881=CARTESIAN_POINT('',(3.308349360155E0,-1.507264886120E0,8.667322017548E-1));
#882=CARTESIAN_POINT('',(3.327218481168E0,-1.530332409428E0,8.640644188731E-1));
#883=CARTESIAN_POINT('',(3.343861007818E0,-1.554762018324E0,8.618223059252E-1));
#884=CARTESIAN_POINT('',(3.358175015748E0,-1.580338573398E0,8.599735858980E-1));
#885=CARTESIAN_POINT('',(3.370151541293E0,-1.606981470411E0,8.584806924983E-1));
#886=CARTESIAN_POINT('',(3.379821577478E0,-1.634848639876E0,8.573088019896E-1));
#887=CARTESIAN_POINT('',(3.387096965536E0,-1.664137014946E0,8.564475061923E-1));
#888=CARTESIAN_POINT('',(3.391769033643E0,-1.694974748156E0,8.559025088662E-1));
#889=CARTESIAN_POINT('',(3.392921930299E0,-1.716826951722E0,8.557692454759E-1));
#890=CARTESIAN_POINT('',(3.392921708642E0,-1.728E0,8.557693790439E-1));
#892=CARTESIAN_POINT('',(2.965339704450E0,-1.028000015357E0,9.5E-1));
#893=DIRECTION('',(-1.E0,-3.397628711705E-8,0.E0));
#894=DIRECTION('',(0.E0,4.387854176345E-8,-1.E0));
#895=AXIS2_PLACEMENT_3D('',#892,#893,#894);
#897=CARTESIAN_POINT('',(2.477999993657E0,-1.907734359604E0,6.000000131630E-1));
#898=DIRECTION('',(0.E0,1.E0,0.E0));
#899=DIRECTION('',(1.124090561341E-4,0.E0,9.999999936821E-1));
#900=AXIS2_PLACEMENT_3D('',#897,#898,#899);
#902=CARTESIAN_POINT('',(3.413539535850E0,-1.907734220212E0,7.321980856931E-1));
#903=CARTESIAN_POINT('',(3.411778496681E0,-1.923140462069E0,7.255289915011E-1));
#904=CARTESIAN_POINT('',(3.408161354770E0,-1.954812641798E0,7.108685112796E-1));
#905=CARTESIAN_POINT('',(3.401697396569E0,-2.006688932542E0,6.865244949416E-1));
#906=CARTESIAN_POINT('',(3.394196680196E0,-2.060670518872E0,6.628425035839E-1));
#907=CARTESIAN_POINT('',(3.385784874695E0,-2.115864250286E0,6.416041203548E-1));
#908=CARTESIAN_POINT('',(3.376780135736E0,-2.171178595517E0,6.240732706480E-1));
#909=CARTESIAN_POINT('',(3.367383213504E0,-2.226617589455E0,6.108281422115E-1));
#910=CARTESIAN_POINT('',(3.357756987298E0,-2.282294299354E0,6.022593454186E-1));
#911=CARTESIAN_POINT('',(3.350950171152E0,-2.321451871065E0,5.999996288620E-1));
#912=CARTESIAN_POINT('',(3.347488003571E0,-2.341378017236E0,6.000000527656E-1));
#914=DIRECTION('',(1.711854169494E-1,-9.852388304487E-1,3.817136725733E-9));
#915=VECTOR('',#914,1.851882672972E0);
#916=CARTESIAN_POINT('',(1.900818297061E0,-4.023718608606E0,6.000000024012E-1));
#917=LINE('',#916,#915);
#918=DIRECTION('',(-1.924052725304E-5,-9.852388615297E-1,-1.711852369846E-1));
#919=VECTOR('',#918,3.999569206325E0);
#920=CARTESIAN_POINT('',(2.478106202187E0,-1.907734383904E0,1.544833592716E0));
#921=LINE('',#920,#919);
#922=CARTESIAN_POINT('',(1.878E0,-1.847819528138E0,6.E-1));
#923=DIRECTION('',(0.E0,0.E0,-1.E0));
#924=DIRECTION('',(-9.852389259230E-1,-1.711848674568E-1,0.E0));
#925=AXIS2_PLACEMENT_3D('',#922,#923,#924);
#927=CARTESIAN_POINT('',(2.478E0,-1.847819528138E0,6.E-1));
#928=DIRECTION('',(0.E0,1.E0,0.E0));
#929=DIRECTION('',(-1.E0,0.E0,0.E0));
#930=AXIS2_PLACEMENT_3D('',#927,#928,#929);
#932=CARTESIAN_POINT('',(3.413629726815E0,-1.847819436756E0,7.646117114490E-1));
#933=CARTESIAN_POINT('',(3.414659120694E0,-1.856275560317E0,7.587607813639E-1));
#934=CARTESIAN_POINT('',(3.415906970265E0,-1.874771313709E0,7.475174577419E-1));
#935=CARTESIAN_POINT('',(3.414847857312E0,-1.896288488428E0,7.371527487041E-1));
#936=CARTESIAN_POINT('',(3.413539535850E0,-1.907734220212E0,7.321980856931E-1));
#938=CARTESIAN_POINT('',(2.478000016624E0,-1.907734275140E0,6.000000098043E-1));
#939=DIRECTION('',(0.E0,1.E0,0.E0));
#940=DIRECTION('',(-1.E0,0.E0,-1.037670356982E-8));
#941=AXIS2_PLACEMENT_3D('',#938,#939,#940);
#943=CARTESIAN_POINT('',(2.478000016624E0,-5.848265255004E0,6.000000098043E-1));
#944=DIRECTION('',(0.E0,1.E0,0.E0));
#945=DIRECTION('',(-1.E0,0.E0,-1.360616375379E-8));
#946=AXIS2_PLACEMENT_3D('',#943,#944,#945);
#948=CARTESIAN_POINT('',(1.873E0,-5.908180085715E0,5.999999997836E-1));
#949=DIRECTION('',(-3.576597941424E-10,0.E0,1.E0));
#950=DIRECTION('',(1.E0,0.E0,3.576599334159E-10));
#951=AXIS2_PLACEMENT_3D('',#948,#949,#950);
#953=CARTESIAN_POINT('',(2.478E0,-5.848265387414E0,6.E-1));
#954=DIRECTION('',(0.E0,1.E0,0.E0));
#955=DIRECTION('',(1.124214015346E-4,0.E0,9.999999936807E-1));
#956=AXIS2_PLACEMENT_3D('',#953,#954,#955);
#958=CARTESIAN_POINT('',(2.478068008289E0,-5.908180220218E0,1.204999996178E0));
#959=DIRECTION('',(9.999999936820E-1,0.E0,-1.124103958011E-4));
#960=DIRECTION('',(-1.124103958006E-4,0.E0,-9.999999936820E-1));
#961=AXIS2_PLACEMENT_3D('',#958,#959,#960);
#963=CARTESIAN_POINT('',(2.478E0,-5.908180111503E0,6.E-1));
#964=DIRECTION('',(0.E0,1.E0,0.E0));
#965=DIRECTION('',(1.E0,0.E0,0.E0));
#966=AXIS2_PLACEMENT_3D('',#963,#964,#965);
#968=DIRECTION('',(-6.819066506109E-7,-9.999999999998E-1,1.550603675392E-11));
#969=VECTOR('',#968,2.136819839592E0);
#970=CARTESIAN_POINT('',(2.223E0,-5.908180160419E0,6.000000000128E-1));
#971=LINE('',#970,#969);
#972=CARTESIAN_POINT('',(2.477999395672E0,-8.554997885946E0,3.450000000952E-1));
#973=CARTESIAN_POINT('',(2.465639989211E0,-8.530259468604E0,3.450009374002E-1));
#974=CARTESIAN_POINT('',(2.443248370036E0,-8.485506934168E0,3.468210056646E-1));
#975=CARTESIAN_POINT('',(2.418347903765E0,-8.435693390144E0,3.517299420061E-1));
#976=CARTESIAN_POINT('',(2.397481627543E0,-8.393964404711E0,3.577465166043E-1));
#977=CARTESIAN_POINT('',(2.377620759879E0,-8.354241479189E0,3.652251303150E-1));
#978=CARTESIAN_POINT('',(2.355591837930E0,-8.310183687309E0,3.758110519317E-1));
#979=CARTESIAN_POINT('',(2.332769316359E0,-8.264538040231E0,3.897712348418E-1));
#980=CARTESIAN_POINT('',(2.310358607875E0,-8.219712324364E0,4.072060509110E-1));
#981=CARTESIAN_POINT('',(2.291304103071E0,-8.181605444470E0,4.255890524239E-1));
#982=CARTESIAN_POINT('',(2.271954307874E0,-8.142896857535E0,4.485905945304E-1));
#983=CARTESIAN_POINT('',(2.253361561970E0,-8.105704423814E0,4.776088279482E-1));
#984=CARTESIAN_POINT('',(2.238784969783E0,-8.076571033154E0,5.094943207348E-1));
#985=CARTESIAN_POINT('',(2.229228552569E0,-8.057471382694E0,5.410652818698E-1));
#986=CARTESIAN_POINT('',(2.224033634948E0,-8.047070316722E0,5.713350054577E-1));
#987=CARTESIAN_POINT('',(2.222998697083E0,-8.044999807701E0,5.906533532998E-1));
#988=CARTESIAN_POINT('',(2.222998542888E0,-8.045000000010E0,6.000000000459E-1));
#990=CARTESIAN_POINT('',(2.478E0,-8.555E0,6.E-1));
#991=DIRECTION('',(0.E0,-1.E0,0.E0));
#992=DIRECTION('',(0.E0,0.E0,-1.E0));
#993=AXIS2_PLACEMENT_3D('',#990,#991,#992);
#995=CARTESIAN_POINT('',(2.478E0,-5.908180220218E0,6.E-1));
#996=DIRECTION('',(0.E0,1.E0,0.E0));
#997=DIRECTION('',(1.124107915144E-4,0.E0,9.999999936819E-1));
#998=AXIS2_PLACEMENT_3D('',#995,#996,#997);
#1000=DIRECTION('',(0.E0,-1.E0,2.801626849896E-12));
#1001=VECTOR('',#1000,2.646819874086E0);
#1002=CARTESIAN_POINT('',(2.733E0,-5.908180125914E0,5.999999999926E-1));
#1003=LINE('',#1002,#1001);
#1004=CARTESIAN_POINT('',(2.478E0,-8.555E0,6.E-1));
#1005=DIRECTION('',(0.E0,-1.E0,0.E0));
#1006=DIRECTION('',(1.E0,0.E0,0.E0));
#1007=AXIS2_PLACEMENT_3D('',#1004,#1005,#1006);
#1009=CARTESIAN_POINT('',(2.222998542888E0,-8.045000000010E0,
6.000000000459E-1));
#1010=CARTESIAN_POINT('',(2.222998717104E0,-8.044999824875E0,
6.088884953207E-1));
#1011=CARTESIAN_POINT('',(2.223934578956E0,-8.046870576135E0,
6.272091298885E-1));
#1012=CARTESIAN_POINT('',(2.228587393447E0,-8.056185536898E0,
6.558203338446E-1));
#1013=CARTESIAN_POINT('',(2.237085212395E0,-8.073174247510E0,
6.855955175965E-1));
#1014=CARTESIAN_POINT('',(2.249989196899E0,-8.098966486565E0,
7.157830576803E-1));
#1015=CARTESIAN_POINT('',(2.266737768544E0,-8.132463617732E0,
7.439505031539E-1));
#1016=CARTESIAN_POINT('',(2.284618274246E0,-8.168233772447E0,
7.669171381257E-1));
#1017=CARTESIAN_POINT('',(2.301907264452E0,-8.202810279330E0,
7.850018772228E-1));
#1018=CARTESIAN_POINT('',(2.321547578707E0,-8.242093644926E0,
8.019268443114E-1));
#1019=CARTESIAN_POINT('',(2.342488341174E0,-8.283976239204E0,
8.164866946937E-1));
#1020=CARTESIAN_POINT('',(2.363305159716E0,-8.325610551924E0,
8.281262558022E-1));
#1021=CARTESIAN_POINT('',(2.382845973099E0,-8.364691872909E0,
8.368653490558E-1));
#1022=CARTESIAN_POINT('',(2.401291664444E0,-8.401584205713E0,
8.434591898266E-1));
#1023=CARTESIAN_POINT('',(2.421536537410E0,-8.442071604985E0,
8.489974617209E-1));
#1024=CARTESIAN_POINT('',(2.445616631004E0,-8.490239714459E0,
8.534379232589E-1));
#1025=CARTESIAN_POINT('',(2.466535757109E0,-8.532058881360E0,
8.549992201387E-1));
#1026=CARTESIAN_POINT('',(2.477998358996E0,-8.554999531118E0,
8.549999999427E-1));
#1028=CARTESIAN_POINT('',(2.478E0,-5.908180085715E0,6.E-1));
#1029=DIRECTION('',(0.E0,1.E0,0.E0));
#1030=DIRECTION('',(-1.E0,0.E0,0.E0));
#1031=AXIS2_PLACEMENT_3D('',#1028,#1029,#1030);
#1033=CARTESIAN_POINT('',(2.478E0,-8.555E0,6.E-1));
#1034=DIRECTION('',(-1.E0,0.E0,0.E0));
#1035=DIRECTION('',(0.E0,1.421113916218E-5,-9.999999998990E-1));
#1036=AXIS2_PLACEMENT_3D('',#1033,#1034,#1035);
#1038=CARTESIAN_POINT('',(2.477999395672E0,-8.554997885946E0,
3.450000000952E-1));
#1039=CARTESIAN_POINT('',(2.453261120319E0,-8.542638550321E0,
3.450010838344E-1));
#1040=CARTESIAN_POINT('',(2.408504508346E0,-8.520248205630E0,
3.468210317527E-1));
#1041=CARTESIAN_POINT('',(2.358693028091E0,-8.495347366930E0,
3.517300618901E-1));
#1042=CARTESIAN_POINT('',(2.316963730842E0,-8.474481257776E0,
3.577466484844E-1));
#1043=CARTESIAN_POINT('',(2.277240953952E0,-8.454620393129E0,
3.652252739875E-1));
#1044=CARTESIAN_POINT('',(2.233183409043E0,-8.432591108736E0,
3.758114488387E-1));
#1045=CARTESIAN_POINT('',(2.187538105971E0,-8.409768194759E0,
3.897719174227E-1));
#1046=CARTESIAN_POINT('',(2.142714127435E0,-8.387355880280E0,
4.072084236044E-1));
#1047=CARTESIAN_POINT('',(2.104606556642E0,-8.368302555122E0,
4.255906577085E-1));
#1048=CARTESIAN_POINT('',(2.065902205138E0,-8.348949687666E0,
4.485963622571E-1));
#1049=CARTESIAN_POINT('',(2.028714473799E0,-8.330357049951E0,
4.776177511660E-1));
#1050=CARTESIAN_POINT('',(1.999569116967E0,-8.315786270867E0,
5.094921155651E-1));
#1051=CARTESIAN_POINT('',(1.980458599711E0,-8.306229925142E0,
5.410597439020E-1));
#1052=CARTESIAN_POINT('',(1.970068574559E0,-8.301032570757E0,
5.713353471564E-1));
#1053=CARTESIAN_POINT('',(1.967999560124E0,-8.300000568870E0,
5.906535835347E-1));
#1054=CARTESIAN_POINT('',(1.967999999993E0,-8.300000656259E0,
6.000000000103E-1));
#1056=DIRECTION('',(-9.999999999991E-1,1.339304939078E-6,-2.101697500868E-11));
#1057=VECTOR('',#1056,4.899999999936E-1);
#1058=CARTESIAN_POINT('',(1.967999999993E0,-8.300000656259E0,
6.000000000103E-1));
#1059=LINE('',#1058,#1057);
#1060=CARTESIAN_POINT('',(1.478E0,-8.555E0,6.E-1));
#1061=DIRECTION('',(-1.E0,0.E0,0.E0));
#1062=DIRECTION('',(0.E0,1.E0,0.E0));
#1063=AXIS2_PLACEMENT_3D('',#1060,#1061,#1062);
#1065=CARTESIAN_POINT('',(1.987999999990E0,-8.810001457112E0,
5.999999999541E-1));
#1066=CARTESIAN_POINT('',(1.988000175125E0,-8.810001282896E0,
5.911115046742E-1));
#1067=CARTESIAN_POINT('',(1.986129423863E0,-8.809065421043E0,
5.727908700954E-1));
#1068=CARTESIAN_POINT('',(1.976814463088E0,-8.804412606546E0,
5.441796661215E-1));
#1069=CARTESIAN_POINT('',(1.959825752455E0,-8.795914787587E0,
5.144044823510E-1));
#1070=CARTESIAN_POINT('',(1.934033513367E0,-8.783010803067E0,
4.842169422515E-1));
#1071=CARTESIAN_POINT('',(1.900536382167E0,-8.766262231406E0,
4.560494967717E-1));
#1072=CARTESIAN_POINT('',(1.864766227430E0,-8.748381725693E0,
4.330828618029E-1));
#1073=CARTESIAN_POINT('',(1.830189720521E0,-8.731092735473E0,
4.149981227055E-1));
#1074=CARTESIAN_POINT('',(1.790906354886E0,-8.711452421199E0,
3.980731556151E-1));
#1075=CARTESIAN_POINT('',(1.749023760578E0,-8.690511658716E0,
3.835133052376E-1));
#1076=CARTESIAN_POINT('',(1.707389447841E0,-8.669694840167E0,
3.718737441390E-1));
#1077=CARTESIAN_POINT('',(1.668308126851E0,-8.650154026774E0,
3.631346508948E-1));
#1078=CARTESIAN_POINT('',(1.631415794007E0,-8.631708335440E0,
3.565408101327E-1));
#1079=CARTESIAN_POINT('',(1.590928394727E0,-8.611463462352E0,
3.510025382321E-1));
#1080=CARTESIAN_POINT('',(1.542760284929E0,-8.587383369038E0,
3.465620767402E-1));
#1081=CARTESIAN_POINT('',(1.500941118446E0,-8.566464242043E0,
3.450007797829E-1));
#1082=CARTESIAN_POINT('',(1.478000468634E0,-8.555001640130E0,
3.450000000573E-1));
#1084=CARTESIAN_POINT('',(1.968002345500E0,-8.045002345500E0,
6.000004631453E-1));
#1085=DIRECTION('',(2.724035918416E-6,-2.724035918524E-6,9.999999999926E-1));
#1086=DIRECTION('',(-9.198126411114E-6,-9.999999999540E-1,-2.724010862301E-6));
#1087=AXIS2_PLACEMENT_3D('',#1084,#1085,#1086);
#1089=CARTESIAN_POINT('',(2.478E0,-8.555E0,6.E-1));
#1090=DIRECTION('',(-1.E0,0.E0,0.E0));
#1091=DIRECTION('',(0.E0,-1.E0,0.E0));
#1092=AXIS2_PLACEMENT_3D('',#1089,#1090,#1091);
#1094=DIRECTION('',(-9.999999999956E-1,-2.973697268399E-6,-9.365660174606E-11));
#1095=VECTOR('',#1094,4.900000000120E-1);
#1096=CARTESIAN_POINT('',(2.478E0,-8.81E0,6.E-1));
#1097=LINE('',#1096,#1095);
#1098=CARTESIAN_POINT('',(1.478002115380E0,-8.555000604707E0,
8.549999999047E-1));
#1099=CARTESIAN_POINT('',(1.502740532718E0,-8.567360011167E0,
8.549990625633E-1));
#1100=CARTESIAN_POINT('',(1.547493065205E0,-8.589751629781E0,
8.531789943530E-1));
#1101=CARTESIAN_POINT('',(1.597306610006E0,-8.614652096275E0,
8.482700579911E-1));
#1102=CARTESIAN_POINT('',(1.639035595230E0,-8.635518372437E0,
8.422534833993E-1));
#1103=CARTESIAN_POINT('',(1.678758520809E0,-8.655379240117E0,
8.347748696878E-1));
#1104=CARTESIAN_POINT('',(1.722816312674E0,-8.677408162062E0,
8.241889480722E-1));
#1105=CARTESIAN_POINT('',(1.768461959757E0,-8.700230683635E0,
8.102287651625E-1));
#1106=CARTESIAN_POINT('',(1.813287675626E0,-8.722641392120E0,
7.927939490934E-1));
#1107=CARTESIAN_POINT('',(1.851394555523E0,-8.741695896926E0,
7.744109475802E-1));
#1108=CARTESIAN_POINT('',(1.890103142458E0,-8.761045692123E0,
7.514094054740E-1));
#1109=CARTESIAN_POINT('',(1.927295576182E0,-8.779638438028E0,
7.223911720561E-1));
#1110=CARTESIAN_POINT('',(1.956428966844E0,-8.794215030216E0,
6.905056792685E-1));
#1111=CARTESIAN_POINT('',(1.975528617305E0,-8.803771447430E0,
6.589347181324E-1));
#1112=CARTESIAN_POINT('',(1.985929683278E0,-8.808966365052E0,
6.286649945433E-1));
#1113=CARTESIAN_POINT('',(1.988000192299E0,-8.810001302917E0,
6.093466467005E-1));
#1114=CARTESIAN_POINT('',(1.987999999990E0,-8.810001457112E0,
5.999999999541E-1));
#1116=CARTESIAN_POINT('',(1.478E0,-8.555E0,6.E-1));
#1117=DIRECTION('',(-1.E0,0.E0,0.E0));
#1118=DIRECTION('',(0.E0,0.E0,1.E0));
#1119=AXIS2_PLACEMENT_3D('',#1116,#1117,#1118);
#1121=CARTESIAN_POINT('',(1.967999999993E0,-8.300000656259E0,
6.000000000103E-1));
#1122=CARTESIAN_POINT('',(1.967999557587E0,-8.300000568301E0,
6.088882603149E-1));
#1123=CARTESIAN_POINT('',(1.969870146566E0,-8.300933600263E0,
6.272088713743E-1));
#1124=CARTESIAN_POINT('',(1.979176145497E0,-8.305588317803E0,
6.558241425844E-1));
#1125=CARTESIAN_POINT('',(1.996170455804E0,-8.314086615855E0,
6.855988481625E-1));
#1126=CARTESIAN_POINT('',(2.021973344419E0,-8.326986902508E0,
7.157778250511E-1));
#1127=CARTESIAN_POINT('',(2.055469631939E0,-8.343733813086E0,
7.439450014126E-1));
#1128=CARTESIAN_POINT('',(2.091235443831E0,-8.361617041415E0,
7.669158337805E-1));
#1129=CARTESIAN_POINT('',(2.125812468090E0,-8.378905420600E0,
7.850000969774E-1));
#1130=CARTESIAN_POINT('',(2.165094858167E0,-8.398546600886E0,
8.019261559205E-1));
#1131=CARTESIAN_POINT('',(2.206977043670E0,-8.419487963704E0,
8.164864742525E-1));
#1132=CARTESIAN_POINT('',(2.248611114813E0,-8.440305180476E0,
8.281262780355E-1));
#1133=CARTESIAN_POINT('',(2.287692351372E0,-8.459846132006E0,
8.368654121537E-1));
#1134=CARTESIAN_POINT('',(2.324584820113E0,-8.478291834594E0,
8.434592483792E-1));
#1135=CARTESIAN_POINT('',(2.365071966169E0,-8.498536880483E0,
8.489975358272E-1));
#1136=CARTESIAN_POINT('',(2.413241622135E0,-8.522616767720E0,
8.534379450176E-1));
#1137=CARTESIAN_POINT('',(2.455057608213E0,-8.543536879E0,8.549993255695E-1));
#1138=CARTESIAN_POINT('',(2.477998358996E0,-8.554999531118E0,
8.549999999427E-1));
#1140=CARTESIAN_POINT('',(1.478002115380E0,-8.555000604707E0,
8.549999999047E-1));
#1141=CARTESIAN_POINT('',(1.489710581125E0,-8.578436107901E0,
8.549989731161E-1));
#1142=CARTESIAN_POINT('',(1.510990515708E0,-8.620973121108E0,
8.533686896419E-1));
#1143=CARTESIAN_POINT('',(1.535062145778E0,-8.669125533490E0,
8.488560335231E-1));
#1144=CARTESIAN_POINT('',(1.555179861461E0,-8.709358563654E0,
8.433105933658E-1));
#1145=CARTESIAN_POINT('',(1.573941415345E0,-8.746882616530E0,
8.365694321177E-1));
#1146=CARTESIAN_POINT('',(1.594308114660E0,-8.787615819030E0,
8.273373071190E-1));
#1147=CARTESIAN_POINT('',(1.615757522214E0,-8.830515401013E0,
8.151084895420E-1));
#1148=CARTESIAN_POINT('',(1.637291583192E0,-8.873585673763E0,
7.997003638092E-1));
#1149=CARTESIAN_POINT('',(1.656484048328E0,-8.911969671464E0,
7.827158822459E-1));
#1150=CARTESIAN_POINT('',(1.674584058621E0,-8.948173811305E0,
7.632380259389E-1));
#1151=CARTESIAN_POINT('',(1.692738272761E0,-8.984481768385E0,
7.387762730362E-1));
#1152=CARTESIAN_POINT('',(1.708922699509E0,-9.016839707281E0,
7.098603934177E-1));
#1153=CARTESIAN_POINT('',(1.720960426912E0,-9.040915805412E0,
6.795534324005E-1));
#1154=CARTESIAN_POINT('',(1.726066368968E0,-9.051137834222E0,
6.598656578762E-1));
#1155=CARTESIAN_POINT('',(1.727999169682E0,-9.055000377515E0,
6.502528056621E-1));
#1157=CARTESIAN_POINT('',(1.478000605228E0,-9.554997882918E0,
8.549999999047E-1));
#1158=CARTESIAN_POINT('',(1.489708220562E0,-9.531564081704E0,
8.549991119478E-1));
#1159=CARTESIAN_POINT('',(1.510987855670E0,-9.489034280721E0,
8.533689749109E-1));
#1160=CARTESIAN_POINT('',(1.535057910026E0,-9.440882104820E0,
8.488569662548E-1));
#1161=CARTESIAN_POINT('',(1.555174802485E0,-9.400651434419E0,
8.433121704658E-1));
#1162=CARTESIAN_POINT('',(1.573934902608E0,-9.363130006936E0,
8.365719983448E-1));
#1163=CARTESIAN_POINT('',(1.594299008685E0,-9.322401574063E0,
8.273418483492E-1));
#1164=CARTESIAN_POINT('',(1.615746318518E0,-9.279505757038E0,
8.151155598439E-1));
#1165=CARTESIAN_POINT('',(1.637280025441E0,-9.236439465705E0,
7.997095799372E-1));
#1166=CARTESIAN_POINT('',(1.656473510824E0,-9.198054557316E0,
7.827261009196E-1));
#1167=CARTESIAN_POINT('',(1.674574720490E0,-9.161856996905E0,
7.632495946923E-1));
#1168=CARTESIAN_POINT('',(1.692731352229E0,-9.125561316255E0,
7.387861233821E-1));
#1169=CARTESIAN_POINT('',(1.708905412646E0,-9.093179330956E0,
7.098937731988E-1));
#1170=CARTESIAN_POINT('',(1.720945160078E0,-9.069077802056E0,
6.796018414402E-1));
#1171=CARTESIAN_POINT('',(1.726064505348E0,-9.058886183677E0,6.598794017E-1));
#1172=CARTESIAN_POINT('',(1.727999169682E0,-9.055000377515E0,
6.502528056621E-1));
#1174=CARTESIAN_POINT('',(1.728052478442E0,-9.054933747284E0,
5.500138056019E-1));
#1175=CARTESIAN_POINT('',(1.726307182016E0,-9.058419170647E0,
5.412560267645E-1));
#1176=CARTESIAN_POINT('',(1.721634820647E0,-9.067705394292E0,
5.227861773071E-1));
#1177=CARTESIAN_POINT('',(1.710689332447E0,-9.089602986141E0,
4.941345507726E-1));
#1178=CARTESIAN_POINT('',(1.696018571981E0,-9.118971468541E0,
4.665680734375E-1));
#1179=CARTESIAN_POINT('',(1.679379003340E0,-9.152253060720E0,
4.427923983708E-1));
#1180=CARTESIAN_POINT('',(1.662826048889E0,-9.185349147251E0,
4.237717483404E-1));
#1181=CARTESIAN_POINT('',(1.645553969375E0,-9.219893898797E0,
4.072697283509E-1));
#1182=CARTESIAN_POINT('',(1.626392264269E0,-9.258214385920E0,
3.921515785113E-1));
#1183=CARTESIAN_POINT('',(1.606529160829E0,-9.297940952779E0,
3.793673606479E-1));
#1184=CARTESIAN_POINT('',(1.587178261061E0,-9.336643298884E0,
3.692435150831E-1));
#1185=CARTESIAN_POINT('',(1.569022250960E0,-9.372955370500E0,
3.615525904102E-1));
#1186=CARTESIAN_POINT('',(1.551449357710E0,-9.408102060094E0,
3.555601420431E-1));
#1187=CARTESIAN_POINT('',(1.531912655214E0,-9.447173536313E0,
3.504599545175E-1));
#1188=CARTESIAN_POINT('',(1.508702910858E0,-9.493600505267E0,
3.463961393727E-1));
#1189=CARTESIAN_POINT('',(1.488845629851E0,-9.533296940750E0,
3.450007375729E-1));
#1190=CARTESIAN_POINT('',(1.478001638596E0,-9.554999535666E0,
3.450000000572E-1));
#1192=CARTESIAN_POINT('',(1.728052478442E0,-9.054933747284E0,
5.500138056019E-1));
#1193=CARTESIAN_POINT('',(1.726218250458E0,-9.051262941140E0,5.408852284E-1));
#1194=CARTESIAN_POINT('',(1.721380212831E0,-9.041842954716E0,
5.219501647788E-1));
#1195=CARTESIAN_POINT('',(1.710414221226E0,-9.019801258501E0,
4.935549909153E-1));
#1196=CARTESIAN_POINT('',(1.695678728082E0,-8.990362066173E0,
4.660136818732E-1));
#1197=CARTESIAN_POINT('',(1.679057829627E0,-8.957119109582E0,
4.423925534259E-1));
#1198=CARTESIAN_POINT('',(1.662556432843E0,-8.924114649713E0,
4.234917535848E-1));
#1199=CARTESIAN_POINT('',(1.645273991175E0,-8.889550391476E0,
4.070277388963E-1));
#1200=CARTESIAN_POINT('',(1.626133366498E0,-8.851268053161E0,
3.919694794379E-1));
#1201=CARTESIAN_POINT('',(1.606307970246E0,-8.811616236507E0,
3.792408256419E-1));
#1202=CARTESIAN_POINT('',(1.587005567542E0,-8.773010845269E0,
3.691637391570E-1));
#1203=CARTESIAN_POINT('',(1.568893255425E0,-8.736786436018E0,
3.615044309142E-1));
#1204=CARTESIAN_POINT('',(1.551345632793E0,-8.701690154982E0,
3.555296427362E-1));
#1205=CARTESIAN_POINT('',(1.531831124141E0,-8.662663626277E0,
3.504430518917E-1));
#1206=CARTESIAN_POINT('',(1.508649209272E0,-8.616290451836E0,
3.463909753579E-1));
#1207=CARTESIAN_POINT('',(1.488824779317E0,-8.576664847844E0,
3.450006368545E-1));
#1208=CARTESIAN_POINT('',(1.478000468634E0,-8.555001640130E0,
3.450000000573E-1));
#1210=CARTESIAN_POINT('',(1.478E0,-8.555E0,6.E-1));
#1211=DIRECTION('',(0.E0,-1.E0,0.E0));
#1212=DIRECTION('',(1.422006114254E-5,0.E0,9.999999998989E-1));
#1213=AXIS2_PLACEMENT_3D('',#1210,#1211,#1212);
#1215=CARTESIAN_POINT('',(1.727999169682E0,-9.055000377515E0,
6.502528056621E-1));
#1216=CARTESIAN_POINT('',(1.729087094312E0,-9.054914277477E0,
6.448374914227E-1));
#1217=CARTESIAN_POINT('',(1.730975687152E0,-9.054849076789E0,
6.339059836019E-1));
#1218=CARTESIAN_POINT('',(1.732772770599E0,-9.055026246465E0,
6.171314225688E-1));
#1219=CARTESIAN_POINT('',(1.733198616492E0,-9.054996165159E0,
6.057782530305E-1));
#1220=CARTESIAN_POINT('',(1.733196860143E0,-9.054946260968E0,
6.000000188311E-1));
#1222=CARTESIAN_POINT('',(1.478E0,-9.555E0,6.E-1));
#1223=DIRECTION('',(1.E0,0.E0,0.E0));
#1224=DIRECTION('',(0.E0,1.423136451734E-5,9.999999998987E-1));
#1225=AXIS2_PLACEMENT_3D('',#1222,#1223,#1224);
#1227=CARTESIAN_POINT('',(1.478000605228E0,-9.554997882918E0,
8.549999999047E-1));
#1228=CARTESIAN_POINT('',(1.502738880374E0,-9.542638547392E0,
8.549989158725E-1));
#1229=CARTESIAN_POINT('',(1.547495493683E0,-9.520248205814E0,
8.531789682489E-1));
#1230=CARTESIAN_POINT('',(1.597306972834E0,-9.495347366147E0,
8.482699379468E-1));
#1231=CARTESIAN_POINT('',(1.639036270071E0,-9.474481257406E0,
8.422533513771E-1));
#1232=CARTESIAN_POINT('',(1.678759046858E0,-9.454620392701E0,
8.347747258350E-1));
#1233=CARTESIAN_POINT('',(1.722816591750E0,-9.432591108346E0,
8.241885509460E-1));
#1234=CARTESIAN_POINT('',(1.768461894735E0,-9.409768194405E0,
8.102280823314E-1));
#1235=CARTESIAN_POINT('',(1.813285873129E0,-9.387355879998E0,
7.927915761477E-1));
#1236=CARTESIAN_POINT('',(1.851393443809E0,-9.368302554897E0,
7.744093420489E-1));
#1237=CARTESIAN_POINT('',(1.890097795234E0,-9.348949687480E0,
7.514036374883E-1));
#1238=CARTESIAN_POINT('',(1.927285526456E0,-9.330357049823E0,
7.223822485940E-1));
#1239=CARTESIAN_POINT('',(1.956430883167E0,-9.315786270800E0,
6.905078842477E-1));
#1240=CARTESIAN_POINT('',(1.975541400341E0,-9.306229925116E0,
6.589402559773E-1));
#1241=CARTESIAN_POINT('',(1.985931425449E0,-9.301032570753E0,
6.286646527864E-1));
#1242=CARTESIAN_POINT('',(1.988000439876E0,-9.300000568870E0,
6.093464164472E-1));
#1243=CARTESIAN_POINT('',(1.988000000007E0,-9.300000656259E0,
5.999999999897E-1));
#1245=DIRECTION('',(9.999999999991E-1,1.339304942704E-6,2.101765473707E-11));
#1246=VECTOR('',#1245,4.899999999936E-1);
#1247=CARTESIAN_POINT('',(1.988000000007E0,-9.300000656259E0,
5.999999999897E-1));
#1248=LINE('',#1247,#1246);
#1249=CARTESIAN_POINT('',(2.478E0,-9.555E0,6.E-1));
#1250=DIRECTION('',(1.E0,0.E0,0.E0));
#1251=DIRECTION('',(0.E0,1.E0,0.E0));
#1252=AXIS2_PLACEMENT_3D('',#1249,#1250,#1251);
#1254=CARTESIAN_POINT('',(1.968000000010E0,-9.810001457112E0,
6.000000000459E-1));
#1255=CARTESIAN_POINT('',(1.967999824875E0,-9.810001282896E0,
6.088884953142E-1));
#1256=CARTESIAN_POINT('',(1.969870576132E0,-9.809065421046E0,
6.272091298681E-1));
#1257=CARTESIAN_POINT('',(1.979185536881E0,-9.804412606561E0,
6.558203338017E-1));
#1258=CARTESIAN_POINT('',(1.996174247465E0,-9.795914787627E0,
6.855955175301E-1));
#1259=CARTESIAN_POINT('',(2.021966486479E0,-9.783010803144E0,
7.157830575939E-1));
#1260=CARTESIAN_POINT('',(2.055463617605E0,-9.766262231520E0,
7.439505030597E-1));
#1261=CARTESIAN_POINT('',(2.091233772291E0,-9.748381725832E0,
7.669171380352E-1));
#1262=CARTESIAN_POINT('',(2.125810279141E0,-9.731092735643E0,
7.850018771319E-1));
#1263=CARTESIAN_POINT('',(2.165093644688E0,-9.711452421412E0,
8.019268442184E-1));
#1264=CARTESIAN_POINT('',(2.206976238928E0,-9.690511658964E0,
8.164866946068E-1));
#1265=CARTESIAN_POINT('',(2.248610551625E0,-9.669694840431E0,
8.281262557276E-1));
#1266=CARTESIAN_POINT('',(2.287691872605E0,-9.650154027061E0,
8.368653489932E-1));
#1267=CARTESIAN_POINT('',(2.324584205357E0,-9.631708335702E0,
8.434591897751E-1));
#1268=CARTESIAN_POINT('',(2.365071604618E0,-9.611463462891E0,
8.489974616613E-1));
#1269=CARTESIAN_POINT('',(2.413239713685E0,-9.587383368942E0,
8.534379232580E-1));
#1270=CARTESIAN_POINT('',(2.455058881112E0,-9.566464243966E0,
8.549992200391E-1));
#1271=CARTESIAN_POINT('',(2.477999530801E0,-9.555001642112E0,
8.549999999426E-1));
#1273=CARTESIAN_POINT('',(1.478E0,-9.555E0,6.E-1));
#1274=DIRECTION('',(0.E0,1.E0,0.E0));
#1275=DIRECTION('',(1.101506655996E-5,0.E0,-9.999999999393E-1));
#1276=AXIS2_PLACEMENT_3D('',#1273,#1274,#1275);
#1278=CARTESIAN_POINT('',(1.478E0,-9.555E0,6.E-1));
#1279=DIRECTION('',(1.E0,0.E0,0.E0));
#1280=DIRECTION('',(0.E0,-1.E0,0.E0));
#1281=AXIS2_PLACEMENT_3D('',#1278,#1279,#1280);
#1283=DIRECTION('',(9.999999999956E-1,-2.973697264774E-6,9.364753870096E-11));
#1284=VECTOR('',#1283,4.900000000120E-1);
#1285=CARTESIAN_POINT('',(1.478E0,-9.81E0,6.E-1));
#1286=LINE('',#1285,#1284);
#1287=CARTESIAN_POINT('',(2.477997888284E0,-9.555000603660E0,
3.450000000951E-1));
#1288=CARTESIAN_POINT('',(2.453259470944E0,-9.567360010117E0,
3.450009373358E-1));
#1289=CARTESIAN_POINT('',(2.408506933093E0,-9.589751630270E0,
3.468210056940E-1));
#1290=CARTESIAN_POINT('',(2.358693390447E0,-9.614652096146E0,
3.517299419966E-1));
#1291=CARTESIAN_POINT('',(2.316964404646E0,-9.635518372474E0,
3.577465166044E-1));
#1292=CARTESIAN_POINT('',(2.277241479222E0,-9.655379240108E0,
3.652251303118E-1));
#1293=CARTESIAN_POINT('',(2.233183687315E0,-9.677408162066E0,
3.758110519287E-1));
#1294=CARTESIAN_POINT('',(2.187538040243E0,-9.700230683636E0,
3.897712348381E-1));
#1295=CARTESIAN_POINT('',(2.142712324372E0,-9.722641392121E0,
4.072060509073E-1));
#1296=CARTESIAN_POINT('',(2.104605444476E0,-9.741695896926E0,
4.255890524204E-1));
#1297=CARTESIAN_POINT('',(2.065896857541E0,-9.761045692123E0,
4.485905945267E-1));
#1298=CARTESIAN_POINT('',(2.028704423817E0,-9.779638438028E0,
4.776088279446E-1));
#1299=CARTESIAN_POINT('',(1.999571033156E0,-9.794215030216E0,
5.094943207321E-1));
#1300=CARTESIAN_POINT('',(1.980471382695E0,-9.803771447430E0,
5.410652818680E-1));
#1301=CARTESIAN_POINT('',(1.970070316722E0,-9.808966365052E0,
5.713350054569E-1));
#1302=CARTESIAN_POINT('',(1.967999807701E0,-9.810001302917E0,
5.906533532995E-1));
#1303=CARTESIAN_POINT('',(1.968000000010E0,-9.810001457112E0,
6.000000000459E-1));
#1305=CARTESIAN_POINT('',(2.478E0,-9.555E0,6.E-1));
#1306=DIRECTION('',(1.E0,0.E0,0.E0));
#1307=DIRECTION('',(0.E0,0.E0,-1.E0));
#1308=AXIS2_PLACEMENT_3D('',#1305,#1306,#1307);
#1310=CARTESIAN_POINT('',(1.988000000007E0,-9.300000656259E0,
5.999999999897E-1));
#1311=CARTESIAN_POINT('',(1.988000442413E0,-9.300000568301E0,
5.911117396851E-1));
#1312=CARTESIAN_POINT('',(1.986129853434E0,-9.300933600263E0,
5.727911286257E-1));
#1313=CARTESIAN_POINT('',(1.976823854503E0,-9.305588317803E0,
5.441758574156E-1));
#1314=CARTESIAN_POINT('',(1.959829544195E0,-9.314086615855E0,
5.144011518375E-1));
#1315=CARTESIAN_POINT('',(1.934026655581E0,-9.326986902508E0,
4.842221749489E-1));
#1316=CARTESIAN_POINT('',(1.900530368061E0,-9.343733813086E0,
4.560549985874E-1));
#1317=CARTESIAN_POINT('',(1.864764556169E0,-9.361617041415E0,
4.330841662195E-1));
#1318=CARTESIAN_POINT('',(1.830187531910E0,-9.378905420600E0,
4.149999030225E-1));
#1319=CARTESIAN_POINT('',(1.790905141834E0,-9.398546600886E0,
3.980738440795E-1));
#1320=CARTESIAN_POINT('',(1.749022956329E0,-9.419487963707E0,
3.835135257475E-1));
#1321=CARTESIAN_POINT('',(1.707388885193E0,-9.440305180465E0,
3.718737219646E-1));
#1322=CARTESIAN_POINT('',(1.668307648607E0,-9.459846132047E0,
3.631345878458E-1));
#1323=CARTESIAN_POINT('',(1.631415179967E0,-9.478291834443E0,
3.565407516228E-1));
#1324=CARTESIAN_POINT('',(1.590928033532E0,-9.498536881049E0,
3.510024641652E-1));
#1325=CARTESIAN_POINT('',(1.542758378983E0,-9.522616765608E0,
3.465620550108E-1));
#1326=CARTESIAN_POINT('',(1.500942389380E0,-9.543536883549E0,
3.450006743693E-1));
#1327=CARTESIAN_POINT('',(1.478001638596E0,-9.554999535666E0,
3.450000000572E-1));
#1329=CARTESIAN_POINT('',(1.968002345500E0,-1.006499765450E1,
6.000004631453E-1));
#1330=DIRECTION('',(2.724035918895E-6,2.724035918886E-6,9.999999999926E-1));
#1331=DIRECTION('',(9.999999999540E-1,-9.198126409373E-6,-2.724010862736E-6));
#1332=AXIS2_PLACEMENT_3D('',#1329,#1330,#1331);
#1334=CARTESIAN_POINT('',(2.478E0,-9.555E0,6.E-1));
#1335=DIRECTION('',(0.E0,-1.E0,0.E0));
#1336=DIRECTION('',(1.E0,0.E0,0.E0));
#1337=AXIS2_PLACEMENT_3D('',#1334,#1335,#1336);
#1339=DIRECTION('',(0.E0,-1.E0,0.E0));
#1340=VECTOR('',#1339,7.6E0);
#1341=CARTESIAN_POINT('',(2.733E0,-9.555E0,6.E-1));
#1342=LINE('',#1341,#1340);
#1343=CARTESIAN_POINT('',(2.223000656259E0,-1.006500000001E1,
6.000000000103E-1));
#1344=CARTESIAN_POINT('',(2.223000568301E0,-1.006500044241E1,
6.088882603149E-1));
#1345=CARTESIAN_POINT('',(2.223933600263E0,-1.006312985343E1,
6.272088713743E-1));
#1346=CARTESIAN_POINT('',(2.228588317803E0,-1.005382385450E1,
6.558241425844E-1));
#1347=CARTESIAN_POINT('',(2.237086615855E0,-1.003682954420E1,
6.855988481625E-1));
#1348=CARTESIAN_POINT('',(2.249986902508E0,-1.001102665558E1,
7.157778250512E-1));
#1349=CARTESIAN_POINT('',(2.266733813086E0,-9.977530368061E0,
7.439450014127E-1));
#1350=CARTESIAN_POINT('',(2.284617041415E0,-9.941764556169E0,
7.669158337805E-1));
#1351=CARTESIAN_POINT('',(2.301905420600E0,-9.907187531910E0,
7.850000969775E-1));
#1352=CARTESIAN_POINT('',(2.321546600887E0,-9.867905141833E0,
8.019261559205E-1));
#1353=CARTESIAN_POINT('',(2.342487963704E0,-9.826022956331E0,
8.164864742525E-1));
#1354=CARTESIAN_POINT('',(2.363305180476E0,-9.784388885184E0,
8.281262780356E-1));
#1355=CARTESIAN_POINT('',(2.382846132003E0,-9.745307648638E0,
8.368654121534E-1));
#1356=CARTESIAN_POINT('',(2.401291834605E0,-9.708415179850E0,
8.434592483802E-1));
#1357=CARTESIAN_POINT('',(2.421536880444E0,-9.667928033969E0,
8.489975358236E-1));
#1358=CARTESIAN_POINT('',(2.445616767867E0,-9.619758377351E0,
8.534379450307E-1));
#1359=CARTESIAN_POINT('',(2.466536878682E0,-9.577942392896E0,
8.549993255412E-1));
#1360=CARTESIAN_POINT('',(2.477999530801E0,-9.555001642112E0,
8.549999999426E-1));
#1362=CARTESIAN_POINT('',(2.478E0,-9.555E0,6.E-1));
#1363=DIRECTION('',(0.E0,-1.E0,0.E0));
#1364=DIRECTION('',(-1.419542541205E-5,0.E0,-9.999999998992E-1));
#1365=AXIS2_PLACEMENT_3D('',#1362,#1363,#1364);
#1367=CARTESIAN_POINT('',(2.477997888284E0,-9.555000603660E0,
3.450000000951E-1));
#1368=CARTESIAN_POINT('',(2.465638552584E0,-9.579738879167E0,
3.450010836081E-1));
#1369=CARTESIAN_POINT('',(2.443248205503E0,-9.624495490045E0,
3.468210317523E-1));
#1370=CARTESIAN_POINT('',(2.418347367548E0,-9.674306971173E0,
3.517300617609E-1));
#1371=CARTESIAN_POINT('',(2.397481258076E0,-9.716036268424E0,
3.577466483731E-1));
#1372=CARTESIAN_POINT('',(2.377620393472E0,-9.755759045397E0,
3.652252738449E-1));
#1373=CARTESIAN_POINT('',(2.355591109050E0,-9.799816590320E0,
3.758114486657E-1));
#1374=CARTESIAN_POINT('',(2.332768195044E0,-9.845461893462E0,
3.897719172251E-1));
#1375=CARTESIAN_POINT('',(2.310355880506E0,-9.890285872112E0,
4.072084234053E-1));
#1376=CARTESIAN_POINT('',(2.291302555303E0,-9.928393442996E0,
4.255906575137E-1));
#1377=CARTESIAN_POINT('',(2.271949687816E0,-9.967097794563E0,
4.485963620525E-1));
#1378=CARTESIAN_POINT('',(2.253357050053E0,-1.000428552600E1,
4.776177509731E-1));
#1379=CARTESIAN_POINT('',(2.238786270921E0,-1.003343088292E1,
5.094921154146E-1));
#1380=CARTESIAN_POINT('',(2.229229925162E0,-1.005254140025E1,
5.410597438051E-1));
#1381=CARTESIAN_POINT('',(2.224032570760E0,-1.006293142543E1,
5.713353471105E-1));
#1382=CARTESIAN_POINT('',(2.223000568870E0,-1.006500043988E1,
5.906535835201E-1));
#1383=CARTESIAN_POINT('',(2.223000656259E0,-1.006500000001E1,
6.000000000103E-1));
#1385=DIRECTION('',(-9.256127210892E-8,-1.E0,-1.452528741387E-12));
#1386=VECTOR('',#1385,7.089999999993E0);
#1387=CARTESIAN_POINT('',(2.223000656259E0,-1.006500000001E1,
6.000000000103E-1));
#1388=LINE('',#1387,#1386);
#1389=CARTESIAN_POINT('',(2.478E0,-1.7155E1,6.E-1));
#1390=DIRECTION('',(0.E0,-1.E0,0.E0));
#1391=DIRECTION('',(1.E0,0.E0,0.E0));
#1392=AXIS2_PLACEMENT_3D('',#1389,#1390,#1391);
#1394=CARTESIAN_POINT('',(2.478E0,-1.7155E1,6.E-1));
#1395=DIRECTION('',(0.E0,-1.E0,0.E0));
#1396=DIRECTION('',(-1.E0,0.E0,0.E0));
#1397=AXIS2_PLACEMENT_3D('',#1394,#1395,#1396);
#1399=CARTESIAN_POINT('',(1.987997654500E0,-9.045002345500E0,
5.999995483762E-1));
#1400=DIRECTION('',(-2.701443833125E-6,-2.701443833191E-6,-9.999999999927E-1));
#1401=DIRECTION('',(9.198127307138E-6,-9.999999999540E-1,2.701418985069E-6));
#1402=AXIS2_PLACEMENT_3D('',#1399,#1400,#1401);
#1404=CARTESIAN_POINT('',(1.733196860143E0,-9.054946260968E0,
6.000000188311E-1));
#1405=CARTESIAN_POINT('',(1.733196812218E0,-9.054950615968E0,
5.944131693313E-1));
#1406=CARTESIAN_POINT('',(1.732793609532E0,-9.055028647862E0,
5.833013633978E-1));
#1407=CARTESIAN_POINT('',(1.731085365940E0,-9.054902612569E0,
5.668231409727E-1));
#1408=CARTESIAN_POINT('',(1.729118547775E0,-9.054934901400E0,
5.553590732602E-1));
#1409=CARTESIAN_POINT('',(1.728052478442E0,-9.054933747284E0,
5.500138056019E-1));
#1411=CARTESIAN_POINT('',(1.987997654500E0,-9.064997654500E0,
5.999995252473E-1));
#1412=DIRECTION('',(-2.746796610036E-6,2.746796610286E-6,-9.999999999925E-1));
#1413=DIRECTION('',(-9.992237186831E-1,3.939492369671E-2,2.852874165860E-6));
#1414=AXIS2_PLACEMENT_3D('',#1411,#1412,#1413);
#1416=CARTESIAN_POINT('',(2.478E0,-1.728E0,6.E-1));
#1417=DIRECTION('',(0.E0,-1.E0,0.E0));
#1418=DIRECTION('',(9.630756384733E-1,0.E0,2.692309688338E-1));
#1419=AXIS2_PLACEMENT_3D('',#1416,#1417,#1418);
#1421=CARTESIAN_POINT('',(2.478E0,-1.378E0,6.E-1));
#1422=DIRECTION('',(0.E0,1.E0,0.E0));
#1423=DIRECTION('',(-8.122328620674E-1,0.E0,5.833333333333E-1));
#1424=AXIS2_PLACEMENT_3D('',#1421,#1422,#1423);
#1426=DIRECTION('',(-1.E0,2.397952926100E-8,-7.916497792251E-14));
#1427=VECTOR('',#1426,9.746797414253E-1);
#1428=CARTESIAN_POINT('',(2.965340024185E0,-1.378000001920E0,9.5E-1));
#1429=LINE('',#1428,#1427);
#1430=DIRECTION('',(1.E0,2.397952926100E-8,7.927888436556E-14));
#1431=VECTOR('',#1430,9.746797414253E-1);
#1432=CARTESIAN_POINT('',(-2.965340024185E0,-1.378000001920E0,-9.5E-1));
#1433=LINE('',#1432,#1431);
#1434=CARTESIAN_POINT('',(-2.478E0,-1.728E0,-6.E-1));
#1435=DIRECTION('',(0.E0,-1.E0,0.E0));
#1436=DIRECTION('',(-9.630756384608E-1,0.E0,-2.692309688785E-1));
#1437=AXIS2_PLACEMENT_3D('',#1434,#1435,#1436);
#1439=CARTESIAN_POINT('',(-2.478E0,-1.378E0,-6.E-1));
#1440=DIRECTION('',(0.E0,1.E0,0.E0));
#1441=DIRECTION('',(8.122328620674E-1,0.E0,-5.833333333333E-1));
#1442=AXIS2_PLACEMENT_3D('',#1439,#1440,#1441);
#1444=CARTESIAN_POINT('',(2.733E0,-1.7155E1,6.E-1));
#1445=CARTESIAN_POINT('',(2.223E0,-1.7155E1,6.E-1));
#1446=VERTEX_POINT('',#1444);
#1447=VERTEX_POINT('',#1445);
#1448=CARTESIAN_POINT('',(-2.733E0,-1.7155E1,-6.E-1));
#1449=CARTESIAN_POINT('',(-2.223E0,-1.7155E1,-6.E-1));
#1450=VERTEX_POINT('',#1448);
#1451=VERTEX_POINT('',#1449);
#1452=CARTESIAN_POINT('',(-3.089847175758E0,-3.541587840285E0,-3.5E-1));
#1453=CARTESIAN_POINT('',(-4.7E0,0.E0,-3.5E-1));
#1454=VERTEX_POINT('',#1452);
#1455=VERTEX_POINT('',#1453);
#1456=CARTESIAN_POINT('',(4.7E0,0.E0,-3.5E-1));
#1457=VERTEX_POINT('',#1456);
#1458=CARTESIAN_POINT('',(-2.002197838322E0,-4.252199879617E0,-3.5E-1));
#1459=VERTEX_POINT('',#1458);
#1460=CARTESIAN_POINT('',(3.089847175758E0,-3.541587840285E0,3.5E-1));
#1461=CARTESIAN_POINT('',(4.7E0,0.E0,3.5E-1));
#1462=VERTEX_POINT('',#1460);
#1463=VERTEX_POINT('',#1461);
#1464=CARTESIAN_POINT('',(-4.7E0,0.E0,3.5E-1));
#1465=VERTEX_POINT('',#1464);
#1466=CARTESIAN_POINT('',(2.002197838322E0,-4.252199879617E0,3.5E-1));
#1467=VERTEX_POINT('',#1466);
#1468=VERTEX_POINT('',#657);
#1469=VERTEX_POINT('',#774);
#1470=VERTEX_POINT('',#751);
#1471=CARTESIAN_POINT('',(-2.733E0,-8.555E0,-6.E-1));
#1472=CARTESIAN_POINT('',(-2.477997191158E0,-8.555E0,-8.549999999845E-1));
#1473=VERTEX_POINT('',#1471);
#1474=VERTEX_POINT('',#1472);
#1475=CARTESIAN_POINT('',(-2.478E0,-8.81E0,-6.E-1));
#1476=VERTEX_POINT('',#1475);
#1477=CARTESIAN_POINT('',(-2.478E0,-8.554996371002E0,-3.450000000258E-1));
#1478=VERTEX_POINT('',#1477);
#1479=CARTESIAN_POINT('',(-1.478E0,-8.3E0,-6.E-1));
#1480=CARTESIAN_POINT('',(-1.478E0,-8.555002814884E0,-3.450000000155E-1));
#1481=VERTEX_POINT('',#1479);
#1482=VERTEX_POINT('',#1480);
#1483=CARTESIAN_POINT('',(-1.478E0,-8.555E0,-8.55E-1));
#1484=VERTEX_POINT('',#1483);
#1485=CARTESIAN_POINT('',(-1.478E0,-9.81E0,-6.E-1));
#1486=CARTESIAN_POINT('',(-1.478E0,-9.555E0,-3.45E-1));
#1487=VERTEX_POINT('',#1485);
#1488=VERTEX_POINT('',#1486);
#1489=CARTESIAN_POINT('',(-1.478E0,-9.554996376160E0,-8.549999999743E-1));
#1490=VERTEX_POINT('',#1489);
#1491=CARTESIAN_POINT('',(-2.478E0,-9.3E0,-6.E-1));
#1492=CARTESIAN_POINT('',(-2.478E0,-9.555002811484E0,-8.549999999845E-1));
#1493=VERTEX_POINT('',#1491);
#1494=VERTEX_POINT('',#1492);
#1495=CARTESIAN_POINT('',(-2.733E0,-9.555E0,-6.E-1));
#1496=VERTEX_POINT('',#1495);
#1497=CARTESIAN_POINT('',(-2.477996373884E0,-9.555E0,-3.450000000258E-1));
#1498=VERTEX_POINT('',#1497);
#1499=VERTEX_POINT('',#435);
#1500=VERTEX_POINT('',#289);
#1501=VERTEX_POINT('',#398);
#1502=VERTEX_POINT('',#495);
#1503=CARTESIAN_POINT('',(-1.733196778075E0,-9.054951995158E0,
-6.000002527268E-1));
#1504=VERTEX_POINT('',#1503);
#1505=CARTESIAN_POINT('',(2.223000656259E0,-1.006500000001E1,
6.000000000103E-1));
#1506=VERTEX_POINT('',#1505);
#1507=CARTESIAN_POINT('',(-2.223000656259E0,-1.006500000001E1,
-6.000000000103E-1));
#1508=VERTEX_POINT('',#1507);
#1509=CARTESIAN_POINT('',(-1.967999999989E0,-8.300001172738E0,
-5.999997685257E-1));
#1510=CARTESIAN_POINT('',(-2.223001172738E0,-8.044999999989E0,
-5.999997685257E-1));
#1511=VERTEX_POINT('',#1509);
#1512=VERTEX_POINT('',#1510);
#1513=CARTESIAN_POINT('',(-1.967999999989E0,-9.809998827262E0,
-5.999997685257E-1));
#1514=VERTEX_POINT('',#1513);
#1515=CARTESIAN_POINT('',(1.967999999989E0,-9.809998827262E0,
5.999997685257E-1));
#1516=VERTEX_POINT('',#1515);
#1517=CARTESIAN_POINT('',(1.967999999989E0,-8.300001172738E0,
5.999997685257E-1));
#1518=CARTESIAN_POINT('',(2.223001172738E0,-8.044999999989E0,
5.999997685257E-1));
#1519=VERTEX_POINT('',#1517);
#1520=VERTEX_POINT('',#1518);
#1521=VERTEX_POINT('',#1404);
#1522=VERTEX_POINT('',#1409);
#1523=VERTEX_POINT('',#1215);
#1524=CARTESIAN_POINT('',(1.988000000011E0,-9.300001172739E0,
6.000002372349E-1));
#1525=VERTEX_POINT('',#1524);
#1526=CARTESIAN_POINT('',(1.988000000011E0,-8.809998827262E0,
6.000002256707E-1));
#1527=VERTEX_POINT('',#1526);
#1528=CARTESIAN_POINT('',(2.733E0,-8.555E0,6.E-1));
#1529=CARTESIAN_POINT('',(2.477997187017E0,-8.555E0,8.549999999845E-1));
#1530=VERTEX_POINT('',#1528);
#1531=VERTEX_POINT('',#1529);
#1532=CARTESIAN_POINT('',(2.478E0,-8.81E0,6.E-1));
#1533=VERTEX_POINT('',#1532);
#1534=CARTESIAN_POINT('',(2.478E0,-8.554996376160E0,3.450000000257E-1));
#1535=VERTEX_POINT('',#1534);
#1536=CARTESIAN_POINT('',(1.478E0,-8.3E0,6.E-1));
#1537=CARTESIAN_POINT('',(1.478E0,-8.555002811484E0,3.450000000155E-1));
#1538=VERTEX_POINT('',#1536);
#1539=VERTEX_POINT('',#1537);
#1540=CARTESIAN_POINT('',(1.478E0,-8.555E0,8.55E-1));
#1541=VERTEX_POINT('',#1540);
#1542=CARTESIAN_POINT('',(1.478E0,-9.81E0,6.E-1));
#1543=CARTESIAN_POINT('',(1.478E0,-9.555E0,3.45E-1));
#1544=VERTEX_POINT('',#1542);
#1545=VERTEX_POINT('',#1543);
#1546=CARTESIAN_POINT('',(1.478E0,-9.554996371002E0,8.549999999742E-1));
#1547=VERTEX_POINT('',#1546);
#1548=CARTESIAN_POINT('',(2.478E0,-9.3E0,6.E-1));
#1549=CARTESIAN_POINT('',(2.478E0,-9.555002814884E0,8.549999999845E-1));
#1550=VERTEX_POINT('',#1548);
#1551=VERTEX_POINT('',#1549);
#1552=CARTESIAN_POINT('',(2.733E0,-9.555E0,6.E-1));
#1553=VERTEX_POINT('',#1552);
#1554=CARTESIAN_POINT('',(2.477996380167E0,-9.555E0,3.450000000257E-1));
#1555=VERTEX_POINT('',#1554);
#1556=CARTESIAN_POINT('',(2.965339717240E0,-1.028E0,6.000000070855E-1));
#1557=CARTESIAN_POINT('',(1.990659065347E0,-1.028E0,6.000001341248E-1));
#1558=VERTEX_POINT('',#1556);
#1559=VERTEX_POINT('',#1557);
#1560=CARTESIAN_POINT('',(2.965340024185E0,-1.378000001920E0,9.5E-1));
#1561=CARTESIAN_POINT('',(1.990660282759E0,-1.377999978547E0,
9.499999999999E-1));
#1562=VERTEX_POINT('',#1560);
#1563=VERTEX_POINT('',#1561);
#1564=CARTESIAN_POINT('',(-2.965339717240E0,-1.028E0,-6.000000070855E-1));
#1565=CARTESIAN_POINT('',(-1.990659065255E0,-1.028E0,-6.000001341248E-1));
#1566=VERTEX_POINT('',#1564);
#1567=VERTEX_POINT('',#1565);
#1568=CARTESIAN_POINT('',(-2.965340024185E0,-1.378000001920E0,-9.5E-1));
#1569=CARTESIAN_POINT('',(-1.990660282759E0,-1.377999978547E0,
-9.499999999999E-1));
#1570=VERTEX_POINT('',#1568);
#1571=VERTEX_POINT('',#1569);
#1572=VERTEX_POINT('',#53);
#1573=VERTEX_POINT('',#61);
#1574=VERTEX_POINT('',#115);
#1575=VERTEX_POINT('',#890);
#1576=VERTEX_POINT('',#828);
#1577=VERTEX_POINT('',#836);
#1578=CARTESIAN_POINT('',(-2.733E0,-5.908180111503E0,-6.E-1));
#1579=CARTESIAN_POINT('',(-2.223E0,-5.908180111503E0,-6.E-1));
#1580=VERTEX_POINT('',#1578);
#1581=VERTEX_POINT('',#1579);
#1582=CARTESIAN_POINT('',(-2.478028664752E0,-5.908180220218E0,
-8.549999983889E-1));
#1583=VERTEX_POINT('',#1582);
#1584=CARTESIAN_POINT('',(2.733E0,-5.908180111503E0,6.E-1));
#1585=CARTESIAN_POINT('',(2.223E0,-5.908180111503E0,6.E-1));
#1586=VERTEX_POINT('',#1584);
#1587=VERTEX_POINT('',#1585);
#1588=CARTESIAN_POINT('',(2.478028664752E0,-5.908180220218E0,
8.549999983889E-1));
#1589=VERTEX_POINT('',#1588);
#1590=CARTESIAN_POINT('',(-2.478029245408E0,-5.848265396206E0,
-8.601663952032E-1));
#1591=VERTEX_POINT('',#1590);
#1592=CARTESIAN_POINT('',(2.478029245408E0,-5.848265396206E0,
8.601663952032E-1));
#1593=VERTEX_POINT('',#1592);
#1594=CARTESIAN_POINT('',(-1.528E0,-1.847819423871E0,-6.E-1));
#1595=VERTEX_POINT('',#1594);
#1596=CARTESIAN_POINT('',(1.528E0,-1.847819423871E0,6.E-1));
#1597=VERTEX_POINT('',#1596);
#1598=VERTEX_POINT('',#156);
#1599=VERTEX_POINT('',#160);
#1600=CARTESIAN_POINT('',(-1.533166375927E0,-1.907734231748E0,-6.E-1));
#1601=VERTEX_POINT('',#1600);
#1602=VERTEX_POINT('',#650);
#1603=CARTESIAN_POINT('',(-2.217833601625E0,-5.848265387414E0,
-6.000000062644E-1));
#1604=VERTEX_POINT('',#1603);
#1605=CARTESIAN_POINT('',(2.217833601625E0,-5.848265387414E0,
6.000000062644E-1));
#1606=VERTEX_POINT('',#1605);
#1607=CARTESIAN_POINT('',(-2.478106201509E0,-1.907734359604E0,
-1.544833595732E0));
#1608=VERTEX_POINT('',#1607);
#1609=CARTESIAN_POINT('',(2.478106201509E0,-1.907734359604E0,1.544833595732E0));
#1610=CARTESIAN_POINT('',(3.413539510374E0,-1.907734359604E0,
7.321980566128E-1));
#1611=VERTEX_POINT('',#1609);
#1612=VERTEX_POINT('',#1610);
#1613=VERTEX_POINT('',#932);
#1614=CARTESIAN_POINT('',(1.533166375927E0,-1.907734231748E0,6.E-1));
#1615=VERTEX_POINT('',#1614);
#1616=VERTEX_POINT('',#809);
#1617=VERTEX_POINT('',#34);
#1618=CARTESIAN_POINT('',(0.E0,0.E0,-6.E-1));
#1619=DIRECTION('',(0.E0,0.E0,1.E0));
#1620=DIRECTION('',(1.E0,0.E0,0.E0));
#1621=AXIS2_PLACEMENT_3D('',#1618,#1619,#1620);
#1622=PLANE('',#1621);
#1624=ORIENTED_EDGE('',*,*,#1623,.F.);
#1626=ORIENTED_EDGE('',*,*,#1625,.F.);
#1628=ORIENTED_EDGE('',*,*,#1627,.F.);
#1630=ORIENTED_EDGE('',*,*,#1629,.F.);
#1632=ORIENTED_EDGE('',*,*,#1631,.F.);
#1634=ORIENTED_EDGE('',*,*,#1633,.F.);
#1636=ORIENTED_EDGE('',*,*,#1635,.T.);
#1638=ORIENTED_EDGE('',*,*,#1637,.T.);
#1639=EDGE_LOOP('',(#1624,#1626,#1628,#1630,#1632,#1634,#1636,#1638));
#1640=FACE_OUTER_BOUND('',#1639,.F.);
#1642=CARTESIAN_POINT('',(-2.478E0,-1.378E0,-6.E-1));
#1643=DIRECTION('',(0.E0,1.E0,0.E0));
#1644=DIRECTION('',(0.E0,0.E0,1.E0));
#1645=AXIS2_PLACEMENT_3D('',#1642,#1643,#1644);
#1646=CYLINDRICAL_SURFACE('',#1645,9.5E-1);
#1647=ORIENTED_EDGE('',*,*,#1623,.T.);
#1649=ORIENTED_EDGE('',*,*,#1648,.T.);
#1651=ORIENTED_EDGE('',*,*,#1650,.F.);
#1653=ORIENTED_EDGE('',*,*,#1652,.T.);
#1655=ORIENTED_EDGE('',*,*,#1654,.F.);
#1656=EDGE_LOOP('',(#1647,#1649,#1651,#1653,#1655));
#1657=FACE_OUTER_BOUND('',#1656,.F.);
#1659=CARTESIAN_POINT('',(-2.002556749039E0,-1.020831255584E0,
-5.998676411102E-1));
#1660=CARTESIAN_POINT('',(-2.002889855021E0,-1.032618543705E0,
-5.996266818919E-1));
#1661=CARTESIAN_POINT('',(-2.001847773486E0,-1.057300254538E0,
-6.003729117229E-1));
#1662=CARTESIAN_POINT('',(-1.994721476151E0,-1.095471360765E0,
-6.055857030364E-1));
#1663=CARTESIAN_POINT('',(-1.981411224573E0,-1.135944073033E0,
-6.158962327580E-1));
#1664=CARTESIAN_POINT('',(-1.962125756578E0,-1.178258791091E0,
-6.324742669288E-1));
#1665=CARTESIAN_POINT('',(-1.938963885847E0,-1.220566159382E0,
-6.560560974638E-1));
#1666=CARTESIAN_POINT('',(-1.916528600650E0,-1.259503404303E0,
-6.857063734543E-1));
#1667=CARTESIAN_POINT('',(-1.899617846821E0,-1.292258319703E0,
-7.187519513248E-1));
#1668=CARTESIAN_POINT('',(-1.890437010381E0,-1.318186149704E0,
-7.525681637062E-1));
#1669=CARTESIAN_POINT('',(-1.889138447957E0,-1.338321580556E0,
-7.862329540677E-1));
#1670=CARTESIAN_POINT('',(-1.895805814829E0,-1.353896064985E0,
-8.200769224715E-1));
#1671=CARTESIAN_POINT('',(-1.911287365121E0,-1.365668509757E0,
-8.547417574337E-1));
#1672=CARTESIAN_POINT('',(-1.937279095994E0,-1.373789841632E0,
-8.904672385783E-1));
#1673=CARTESIAN_POINT('',(-1.970267828261E0,-1.377494259881E0,
-9.215578452766E-1));
#1674=CARTESIAN_POINT('',(-1.995735785582E0,-1.378199809802E0,
-9.399947692712E-1));
#1675=CARTESIAN_POINT('',(-2.006348987882E0,-1.378265869651E0,
-9.469842996746E-1));
#1676=CARTESIAN_POINT('',(-1.786355461061E0,-1.024079226682E0,
-6.072207510636E-1));
#1677=CARTESIAN_POINT('',(-1.786616552789E0,-1.030536682498E0,
-6.071881888355E-1));
#1678=CARTESIAN_POINT('',(-1.785810347263E0,-1.043913883985E0,
-6.072724022350E-1));
#1679=CARTESIAN_POINT('',(-1.780159703029E0,-1.066396460717E0,
-6.081336786397E-1));
#1680=CARTESIAN_POINT('',(-1.768987394243E0,-1.094519677135E0,
-6.110738414684E-1));
#1681=CARTESIAN_POINT('',(-1.751525556903E0,-1.130376957904E0,
-6.187345428091E-1));
#1682=CARTESIAN_POINT('',(-1.728767133396E0,-1.173830831545E0,
-6.347020559882E-1));
#1683=CARTESIAN_POINT('',(-1.704905962530E0,-1.220984235910E0,
-6.616627087658E-1));
#1684=CARTESIAN_POINT('',(-1.685578690124E0,-1.265965721325E0,
-6.992171415742E-1));
#1685=CARTESIAN_POINT('',(-1.674390131512E0,-1.304628271369E0,
-7.445407769838E-1));
#1686=CARTESIAN_POINT('',(-1.672634989846E0,-1.335759499940E0,
-7.955125245427E-1));
#1687=CARTESIAN_POINT('',(-1.681332188151E0,-1.359228923136E0,
-8.514836868657E-1));
#1688=CARTESIAN_POINT('',(-1.702255415145E0,-1.374628917082E0,
-9.121789517706E-1));
#1689=CARTESIAN_POINT('',(-1.738002641341E0,-1.380907805530E0,
-9.763715330282E-1));
#1690=CARTESIAN_POINT('',(-1.783503140380E0,-1.377723245649E0,
-1.031881856771E0));
#1691=CARTESIAN_POINT('',(-1.818403370624E0,-1.371997578359E0,
-1.063972643889E0));
#1692=CARTESIAN_POINT('',(-1.832904550369E0,-1.369320600746E0,
-1.075998041556E0));
#1693=CARTESIAN_POINT('',(-1.633387547289E0,-1.023215984180E0,
-4.542250145300E-1));
#1694=CARTESIAN_POINT('',(-1.633597687099E0,-1.031100660919E0,
-4.542361311502E-1));
#1695=CARTESIAN_POINT('',(-1.632958369852E0,-1.047360687961E0,
-4.541728921003E-1));
#1696=CARTESIAN_POINT('',(-1.628351787745E0,-1.075616188141E0,
-4.542041482418E-1));
#1697=CARTESIAN_POINT('',(-1.618692127897E0,-1.112999725325E0,
-4.564085697417E-1));
#1698=CARTESIAN_POINT('',(-1.602520555659E0,-1.163267235885E0,
-4.650352958451E-1));
#1699=CARTESIAN_POINT('',(-1.580047581331E0,-1.226698860820E0,
-4.860916329780E-1));
#1700=CARTESIAN_POINT('',(-1.555177560063E0,-1.297484949394E0,
-5.244941377356E-1));
#1701=CARTESIAN_POINT('',(-1.534140539261E0,-1.366240665534E0,
-5.803000839795E-1));
#1702=CARTESIAN_POINT('',(-1.521531466115E0,-1.425961489504E0,
-6.493511633593E-1));
#1703=CARTESIAN_POINT('',(-1.519453283014E0,-1.474256813176E0,
-7.282307485422E-1));
#1704=CARTESIAN_POINT('',(-1.529586638719E0,-1.510555411649E0,
-8.157222307154E-1));
#1705=CARTESIAN_POINT('',(-1.554359990475E0,-1.533938322792E0,
-9.111687477445E-1));
#1706=CARTESIAN_POINT('',(-1.597009477899E0,-1.542541084021E0,
-1.012377533723E0));
#1707=CARTESIAN_POINT('',(-1.651362370365E0,-1.535985177846E0,
-1.099842252737E0));
#1708=CARTESIAN_POINT('',(-1.692936173764E0,-1.525866989932E0,
-1.150276181088E0));
#1709=CARTESIAN_POINT('',(-1.710188196504E0,-1.521210273977E0,
-1.169152709045E0));
#1710=CARTESIAN_POINT('',(-1.640801585528E0,-1.018789765803E0,
-2.380466793058E-1));
#1711=CARTESIAN_POINT('',(-1.641014194872E0,-1.033952301229E0,
-2.379090165798E-1));
#1712=CARTESIAN_POINT('',(-1.640366788895E0,-1.065451631550E0,
-2.383065348176E-1));
#1713=CARTESIAN_POINT('',(-1.635709603258E0,-1.117275175171E0,
-2.415564039165E-1));
#1714=CARTESIAN_POINT('',(-1.625976628446E0,-1.179647701394E0,
-2.501269725041E-1));
#1715=CARTESIAN_POINT('',(-1.609742519728E0,-1.256041298516E0,
-2.689895671253E-1));
#1716=CARTESIAN_POINT('',(-1.587255710269E0,-1.345594226399E0,
-3.046060021475E-1));
#1717=CARTESIAN_POINT('',(-1.562434585893E0,-1.440420613884E0,
-3.613152144328E-1));
#1718=CARTESIAN_POINT('',(-1.541480433057E0,-1.529399416447E0,
-4.375239568151E-1));
#1719=CARTESIAN_POINT('',(-1.528940209311E0,-1.605128143508E0,
-5.274534099507E-1));
#1720=CARTESIAN_POINT('',(-1.526877683360E0,-1.665855093696E0,
-6.271176907541E-1));
#1721=CARTESIAN_POINT('',(-1.536941431488E0,-1.711769407476E0,
-7.355043405619E-1));
#1722=CARTESIAN_POINT('',(-1.561528175663E0,-1.742420723280E0,
-8.523527170550E-1));
#1723=CARTESIAN_POINT('',(-1.603843124769E0,-1.756037802315E0,
-9.756181460297E-1));
#1724=CARTESIAN_POINT('',(-1.657766960044E0,-1.751769294089E0,
-1.082277982911E0));
#1725=CARTESIAN_POINT('',(-1.699017309162E0,-1.742086933386E0,
-1.144094762799E0));
#1726=CARTESIAN_POINT('',(-1.716136004234E0,-1.737471092631E0,
-1.167286591430E0));
#1727=(BOUNDED_SURFACE()B_SPLINE_SURFACE(3,3,((#1659,#1660,#1661,#1662,#1663,
#1664,#1665,#1666,#1667,#1668,#1669,#1670,#1671,#1672,#1673,#1674,#1675),(#1676,
#1677,#1678,#1679,#1680,#1681,#1682,#1683,#1684,#1685,#1686,#1687,#1688,#1689,
#1690,#1691,#1692),(#1693,#1694,#1695,#1696,#1697,#1698,#1699,#1700,#1701,#1702,
#1703,#1704,#1705,#1706,#1707,#1708,#1709),(#1710,#1711,#1712,#1713,#1714,#1715,
#1716,#1717,#1718,#1719,#1720,#1721,#1722,#1723,#1724,#1725,#1726)),
.UNSPECIFIED.,.F.,.F.,.F.)B_SPLINE_SURFACE_WITH_KNOTS((4,4),(4,1,1,1,1,1,1,1,1,
1,1,1,1,1,4),(0.E0,1.E0),(3.604079395291E-1,3.686881199490E-1,3.776923897861E-1,
3.878049051916E-1,3.994279355370E-1,4.126998975103E-1,4.268734274153E-1,
4.404220048438E-1,4.527761224705E-1,4.644358440435E-1,4.758508924587E-1,
4.874653087625E-1,4.999393500258E-1,5.134180038779E-1,5.221455694577E-1),
.UNSPECIFIED.)GEOMETRIC_REPRESENTATION_ITEM()RATIONAL_B_SPLINE_SURFACE(((
1.188739503031E0,1.188739503031E0,1.188739503031E0,1.188739503031E0,
1.188739503031E0,1.188739503031E0,1.188739503031E0,1.188739503031E0,
1.188739503031E0,1.188739503031E0,1.188739503031E0,1.188739503031E0,
1.188739503031E0,1.188739503031E0,1.188739503031E0,1.188739503031E0,
1.188739503031E0),(9.370868323229E-1,9.370868323229E-1,9.370868323229E-1,
9.370868323229E-1,9.370868323229E-1,9.370868323229E-1,9.370868323229E-1,
9.370868323229E-1,9.370868323229E-1,9.370868323229E-1,9.370868323229E-1,
9.370868323229E-1,9.370868323229E-1,9.370868323229E-1,9.370868323229E-1,
9.370868323229E-1,9.370868323229E-1),(9.370868323229E-1,9.370868323229E-1,
9.370868323229E-1,9.370868323229E-1,9.370868323229E-1,9.370868323229E-1,
9.370868323229E-1,9.370868323229E-1,9.370868323229E-1,9.370868323229E-1,
9.370868323229E-1,9.370868323229E-1,9.370868323229E-1,9.370868323229E-1,
9.370868323229E-1,9.370868323229E-1,9.370868323229E-1),(1.188739503031E0,
1.188739503031E0,1.188739503031E0,1.188739503031E0,1.188739503031E0,
1.188739503031E0,1.188739503031E0,1.188739503031E0,1.188739503031E0,
1.188739503031E0,1.188739503031E0,1.188739503031E0,1.188739503031E0,
1.188739503031E0,1.188739503031E0,1.188739503031E0,1.188739503031E0)))REPRESENTATION_ITEM('')SURFACE());
#1728=ORIENTED_EDGE('',*,*,#1648,.F.);
#1729=ORIENTED_EDGE('',*,*,#1637,.F.);
#1731=ORIENTED_EDGE('',*,*,#1730,.F.);
#1733=ORIENTED_EDGE('',*,*,#1732,.F.);
#1734=EDGE_LOOP('',(#1728,#1729,#1731,#1733));
#1735=FACE_OUTER_BOUND('',#1734,.F.);
#1737=CARTESIAN_POINT('',(-1.695384E1,-1.028E0,-9.5E-1));
#1738=DIRECTION('',(1.E0,0.E0,0.E0));
#1739=DIRECTION('',(0.E0,0.E0,1.E0));
#1740=AXIS2_PLACEMENT_3D('',#1737,#1738,#1739);
#1741=CYLINDRICAL_SURFACE('',#1740,3.5E-1);
#1742=ORIENTED_EDGE('',*,*,#1635,.F.);
#1744=ORIENTED_EDGE('',*,*,#1743,.T.);
#1746=ORIENTED_EDGE('',*,*,#1745,.T.);
#1747=ORIENTED_EDGE('',*,*,#1730,.T.);
#1748=EDGE_LOOP('',(#1742,#1744,#1746,#1747));
#1749=FACE_OUTER_BOUND('',#1748,.F.);
#1751=CARTESIAN_POINT('',(-2.953648081034E0,-1.377721168755E0,
-9.661593240219E-1));
#1752=CARTESIAN_POINT('',(-2.957098880037E0,-1.377723176443E0,
-9.649215948237E-1));
#1753=CARTESIAN_POINT('',(-2.975665965310E0,-1.377824817728E0,
-9.583042563970E-1));
#1754=CARTESIAN_POINT('',(-3.010281992764E0,-1.379016954337E0,
-9.464515300861E-1));
#1755=CARTESIAN_POINT('',(-3.058033722070E0,-1.383705333119E0,
-9.315132116838E-1));
#1756=CARTESIAN_POINT('',(-3.109598462427E0,-1.393368000472E0,
-9.172024633648E-1));
#1757=CARTESIAN_POINT('',(-3.163745106449E0,-1.410131194661E0,
-9.042043539040E-1));
#1758=CARTESIAN_POINT('',(-3.217185970376E0,-1.435414940805E0,
-8.932483881634E-1));
#1759=CARTESIAN_POINT('',(-3.266043632593E0,-1.468859961361E0,
-8.846260410016E-1));
#1760=CARTESIAN_POINT('',(-3.307836915754E0,-1.508952513479E0,
-8.781416166457E-1));
#1761=CARTESIAN_POINT('',(-3.341656607779E0,-1.554398679842E0,
-8.734157924302E-1));
#1762=CARTESIAN_POINT('',(-3.367055739139E0,-1.604138682246E0,
-8.701402409491E-1));
#1763=CARTESIAN_POINT('',(-3.383602229556E0,-1.656928979500E0,
-8.681222234773E-1));
#1764=CARTESIAN_POINT('',(-3.391008204477E0,-1.711429321533E0,
-8.672469399188E-1));
#1765=CARTESIAN_POINT('',(-3.389170431557E0,-1.766358556998E0,
-8.674625758405E-1));
#1766=CARTESIAN_POINT('',(-3.378078413247E0,-1.820479839585E0,
-8.687860929053E-1));
#1767=CARTESIAN_POINT('',(-3.357809266860E0,-1.872512987523E0,
-8.713065214255E-1));
#1768=CARTESIAN_POINT('',(-3.328601310858E0,-1.921135996901E0,
-8.751869971373E-1));
#1769=CARTESIAN_POINT('',(-3.290881155199E0,-1.965003284510E0,
-8.806780800425E-1));
#1770=CARTESIAN_POINT('',(-3.245869066489E0,-2.002348076745E0,
-8.880421011678E-1));
#1771=CARTESIAN_POINT('',(-3.207745093132E0,-2.024756130744E0,
-8.952040417165E-1));
#1772=CARTESIAN_POINT('',(-3.185633027813E0,-2.035094484614E0,
-8.997973127978E-1));
#1773=CARTESIAN_POINT('',(-3.181373451049E0,-2.036995872951E0,
-9.006987736151E-1));
#1774=CARTESIAN_POINT('',(-2.953807744301E0,-1.387708656715E0,
-7.500402627050E-1));
#1775=CARTESIAN_POINT('',(-2.957200534243E0,-1.386946400726E0,
-7.487671294821E-1));
#1776=CARTESIAN_POINT('',(-2.975506203110E0,-1.382959581449E0,
-7.419827277328E-1));
#1777=CARTESIAN_POINT('',(-3.010189145312E0,-1.376811573351E0,
-7.300457903059E-1));
#1778=CARTESIAN_POINT('',(-3.059508298321E0,-1.372353141370E0,
-7.154016915568E-1));
#1779=CARTESIAN_POINT('',(-3.114580644943E0,-1.373664383811E0,
-7.017475592880E-1));
#1780=CARTESIAN_POINT('',(-3.174386542068E0,-1.383792610478E0,
-6.896695156031E-1));
#1781=CARTESIAN_POINT('',(-3.235216301456E0,-1.405150765490E0,
-6.797320530966E-1));
#1782=CARTESIAN_POINT('',(-3.292167193124E0,-1.437795909226E0,
-6.720664863748E-1));
#1783=CARTESIAN_POINT('',(-3.341739492266E0,-1.479949053028E0,
-6.663911798094E-1));
#1784=CARTESIAN_POINT('',(-3.382356018777E0,-1.529807443829E0,
-6.623038916295E-1));
#1785=CARTESIAN_POINT('',(-3.413123720533E0,-1.585792096533E0,
-6.594953513499E-1));
#1786=CARTESIAN_POINT('',(-3.433279670741E0,-1.646116878961E0,
-6.577750943309E-1));
#1787=CARTESIAN_POINT('',(-3.442328262872E0,-1.708879562446E0,
-6.570313486972E-1));
#1788=CARTESIAN_POINT('',(-3.440081363564E0,-1.772244421701E0,
-6.572144444982E-1));
#1789=CARTESIAN_POINT('',(-3.426541380970E0,-1.834427221364E0,
-6.583401570524E-1));
#1790=CARTESIAN_POINT('',(-3.401897544045E0,-1.893586470281E0,
-6.604929912908E-1));
#1791=CARTESIAN_POINT('',(-3.366625785213E0,-1.947826111795E0,
-6.638307939017E-1));
#1792=CARTESIAN_POINT('',(-3.321537061946E0,-1.995222051037E0,
-6.686015114075E-1));
#1793=CARTESIAN_POINT('',(-3.268512214647E0,-2.033438046994E0,
-6.750877362437E-1));
#1794=CARTESIAN_POINT('',(-3.224489376704E0,-2.054255089042E0,
-6.815055676321E-1));
#1795=CARTESIAN_POINT('',(-3.199377970733E0,-2.062919127952E0,
-6.856842477196E-1));
#1796=CARTESIAN_POINT('',(-3.194556650838E0,-2.064471949606E0,
-6.865067471520E-1));
#1797=CARTESIAN_POINT('',(-2.951391716986E0,-1.236577716450E0,
-5.952473951768E-1));
#1798=CARTESIAN_POINT('',(-2.955468485383E0,-1.235256450780E0,
-5.945093268506E-1));
#1799=CARTESIAN_POINT('',(-2.977593760740E0,-1.228320304733E0,
-5.906007350243E-1));
#1800=CARTESIAN_POINT('',(-3.020813227105E0,-1.217333991904E0,
-5.839615856792E-1));
#1801=CARTESIAN_POINT('',(-3.084975707004E0,-1.208295167409E0,
-5.762676592017E-1));
#1802=CARTESIAN_POINT('',(-3.159319642250E0,-1.207858846722E0,
-5.695274723311E-1));
#1803=CARTESIAN_POINT('',(-3.242494854160E0,-1.220708938830E0,
-5.639500949471E-1));
#1804=CARTESIAN_POINT('',(-3.328985874164E0,-1.250628169932E0,
-5.596578035758E-1));
#1805=CARTESIAN_POINT('',(-3.411186110360E0,-1.297816100965E0,
-5.565409172697E-1));
#1806=CARTESIAN_POINT('',(-3.483441549560E0,-1.359614678931E0,
-5.543475688025E-1));
#1807=CARTESIAN_POINT('',(-3.543025421225E0,-1.433263064299E0,
-5.528312593920E-1));
#1808=CARTESIAN_POINT('',(-3.588350927202E0,-1.516322499773E0,
-5.518213823825E-1));
#1809=CARTESIAN_POINT('',(-3.618121028997E0,-1.606046824370E0,
-5.512161076533E-1));
#1810=CARTESIAN_POINT('',(-3.631503905058E0,-1.699515830691E0,
-5.509575985467E-1));
#1811=CARTESIAN_POINT('',(-3.628179731402E0,-1.793907972760E0,
-5.510210592483E-1));
#1812=CARTESIAN_POINT('',(-3.608162228846E0,-1.886478499644E0,
-5.514137918876E-1));
#1813=CARTESIAN_POINT('',(-3.571795431683E0,-1.974395603535E0,
-5.521769876479E-1));
#1814=CARTESIAN_POINT('',(-3.519912035334E0,-2.054744656858E0,
-5.533911762398E-1));
#1815=CARTESIAN_POINT('',(-3.453924359081E0,-2.124569061063E0,
-5.551893134323E-1));
#1816=CARTESIAN_POINT('',(-3.376925869827E0,-2.180316172759E0,
-5.577492936749E-1));
#1817=CARTESIAN_POINT('',(-3.313747352478E0,-2.210103845180E0,
-5.604234194530E-1));
#1818=CARTESIAN_POINT('',(-3.278106293016E0,-2.222217777071E0,
-5.622438431837E-1));
#1819=CARTESIAN_POINT('',(-3.271279197376E0,-2.224375320101E0,
-5.626051599604E-1));
#1820=CARTESIAN_POINT('',(-2.947934387556E0,-1.020309701406E0,
-6.000877186891E-1));
#1821=CARTESIAN_POINT('',(-2.953002735836E0,-1.018989700047E0,
-6.001153712156E-1));
#1822=CARTESIAN_POINT('',(-2.980602856687E0,-1.012116441245E0,
-6.002990719581E-1));
#1823=CARTESIAN_POINT('',(-3.035407017835E0,-1.001866409955E0,
-6.009751515203E-1));
#1824=CARTESIAN_POINT('',(-3.118261918169E0,-9.957225606929E-1,
-6.024733832086E-1));
#1825=CARTESIAN_POINT('',(-3.215402281598E0,-1.001252393956E0,
-6.045135115903E-1));
#1826=CARTESIAN_POINT('',(-3.324815312992E0,-1.024452562067E0,
-6.068889098790E-1));
#1827=CARTESIAN_POINT('',(-3.438942815900E0,-1.069982505065E0,
-6.092832805772E-1));
#1828=CARTESIAN_POINT('',(-3.547512971544E0,-1.137819946777E0,
-6.114181651181E-1));
#1829=CARTESIAN_POINT('',(-3.642949898807E0,-1.224372234003E0,
-6.131682673981E-1));
#1830=CARTESIAN_POINT('',(-3.721625704685E0,-1.326079658658E0,
-6.145225833106E-1));
#1831=CARTESIAN_POINT('',(-3.781452770912E0,-1.439849156421E0,
-6.155007132894E-1));
#1832=CARTESIAN_POINT('',(-3.820735889711E0,-1.562166801860E0,
-6.161195315018E-1));
#1833=CARTESIAN_POINT('',(-3.838392067381E0,-1.689284914171E0,
-6.163917899280E-1));
#1834=CARTESIAN_POINT('',(-3.834006634764E0,-1.817590962210E0,
-6.163244992938E-1));
#1835=CARTESIAN_POINT('',(-3.807595847774E0,-1.943576564283E0,
-6.159145829105E-1));
#1836=CARTESIAN_POINT('',(-3.759602924820E0,-2.063619526267E0,
-6.151486378617E-1));
#1837=CARTESIAN_POINT('',(-3.691109897675E0,-2.173989013037E0,
-6.140069519877E-1));
#1838=CARTESIAN_POINT('',(-3.603965544433E0,-2.270897660403E0,
-6.124681422070E-1));
#1839=CARTESIAN_POINT('',(-3.502257887405E0,-2.349702009428E0,
-6.105469379582E-1));
#1840=CARTESIAN_POINT('',(-3.418832406147E0,-2.393324820371E0,
-6.088553418772E-1));
#1841=CARTESIAN_POINT('',(-3.371818630440E0,-2.411821869678E0,
-6.078715427480E-1));
#1842=CARTESIAN_POINT('',(-3.362815569312E0,-2.415153371227E0,
-6.076823468845E-1));
#1843=(BOUNDED_SURFACE()B_SPLINE_SURFACE(3,3,((#1751,#1752,#1753,#1754,#1755,
#1756,#1757,#1758,#1759,#1760,#1761,#1762,#1763,#1764,#1765,#1766,#1767,#1768,
#1769,#1770,#1771,#1772,#1773),(#1774,#1775,#1776,#1777,#1778,#1779,#1780,#1781,
#1782,#1783,#1784,#1785,#1786,#1787,#1788,#1789,#1790,#1791,#1792,#1793,#1794,
#1795,#1796),(#1797,#1798,#1799,#1800,#1801,#1802,#1803,#1804,#1805,#1806,#1807,
#1808,#1809,#1810,#1811,#1812,#1813,#1814,#1815,#1816,#1817,#1818,#1819),(#1820,
#1821,#1822,#1823,#1824,#1825,#1826,#1827,#1828,#1829,#1830,#1831,#1832,#1833,
#1834,#1835,#1836,#1837,#1838,#1839,#1840,#1841,#1842)),.UNSPECIFIED.,.F.,.F.,
.F.)B_SPLINE_SURFACE_WITH_KNOTS((4,4),(4,1,1,1,1,1,1,1,1,1,1,1,1,1,1,1,1,1,1,1,
4),(0.E0,1.E0),(3.965569197548E-1,3.988986599140E-1,4.092389305134E-1,
4.210239910734E-1,4.344653014897E-1,4.498415922388E-1,4.665354537048E-1,
4.833435439078E-1,4.998654845462E-1,5.162132768729E-1,5.324388308384E-1,
5.486022274949E-1,5.646989938250E-1,5.807538665039E-1,5.969069071394E-1,
6.131947585806E-1,6.296198013260E-1,6.462780297499E-1,6.631352215698E-1,
6.794870522797E-1,6.833354711625E-1),.UNSPECIFIED.)GEOMETRIC_REPRESENTATION_ITEM()RATIONAL_B_SPLINE_SURFACE(((1.188738150467E0,1.188738150467E0,1.188738150467E0,
1.188738150467E0,1.188738150467E0,1.188738150467E0,1.188738150467E0,
1.188738150467E0,1.188738150467E0,1.188738150467E0,1.188738150467E0,
1.188738150467E0,1.188738150467E0,1.188738150467E0,1.188738150467E0,
1.188738150467E0,1.188738150467E0,1.188738150467E0,1.188738150467E0,
1.188738150467E0,1.188738150467E0,1.188738150467E0,1.188738150467E0),(
9.370872831777E-1,9.370872831777E-1,9.370872831777E-1,9.370872831777E-1,
9.370872831777E-1,9.370872831777E-1,9.370872831777E-1,9.370872831777E-1,
9.370872831777E-1,9.370872831777E-1,9.370872831777E-1,9.370872831777E-1,
9.370872831777E-1,9.370872831777E-1,9.370872831777E-1,9.370872831777E-1,
9.370872831777E-1,9.370872831777E-1,9.370872831777E-1,9.370872831777E-1,
9.370872831777E-1,9.370872831777E-1,9.370872831777E-1),(9.370872831777E-1,
9.370872831777E-1,9.370872831777E-1,9.370872831777E-1,9.370872831777E-1,
9.370872831777E-1,9.370872831777E-1,9.370872831777E-1,9.370872831777E-1,
9.370872831777E-1,9.370872831777E-1,9.370872831777E-1,9.370872831777E-1,
9.370872831777E-1,9.370872831777E-1,9.370872831777E-1,9.370872831777E-1,
9.370872831777E-1,9.370872831777E-1,9.370872831777E-1,9.370872831777E-1,
9.370872831777E-1,9.370872831777E-1),(1.188738150467E0,1.188738150467E0,
1.188738150467E0,1.188738150467E0,1.188738150467E0,1.188738150467E0,
1.188738150467E0,1.188738150467E0,1.188738150467E0,1.188738150467E0,
1.188738150467E0,1.188738150467E0,1.188738150467E0,1.188738150467E0,
1.188738150467E0,1.188738150467E0,1.188738150467E0,1.188738150467E0,
1.188738150467E0,1.188738150467E0,1.188738150467E0,1.188738150467E0,
1.188738150467E0)))REPRESENTATION_ITEM('')SURFACE());
#1845=ORIENTED_EDGE('',*,*,#1844,.F.);
#1847=ORIENTED_EDGE('',*,*,#1846,.F.);
#1848=ORIENTED_EDGE('',*,*,#1652,.F.);
#1850=ORIENTED_EDGE('',*,*,#1849,.F.);
#1851=ORIENTED_EDGE('',*,*,#1743,.F.);
#1852=ORIENTED_EDGE('',*,*,#1633,.T.);
#1853=EDGE_LOOP('',(#1845,#1847,#1848,#1850,#1851,#1852));
#1854=FACE_OUTER_BOUND('',#1853,.F.);
#1856=CARTESIAN_POINT('',(-2.477999993657E0,-3.877999827458E0,
-6.000000131630E-1));
#1857=DIRECTION('',(0.E0,1.E0,0.E0));
#1858=DIRECTION('',(0.E0,0.E0,-1.E0));
#1859=AXIS2_PLACEMENT_3D('',#1856,#1857,#1858);
#1860=CONICAL_SURFACE('',#1859,6.024999947977E-1,9.856738358731E0);
#1862=ORIENTED_EDGE('',*,*,#1861,.T.);
#1863=ORIENTED_EDGE('',*,*,#1844,.T.);
#1864=ORIENTED_EDGE('',*,*,#1631,.T.);
#1866=ORIENTED_EDGE('',*,*,#1865,.F.);
#1868=ORIENTED_EDGE('',*,*,#1867,.T.);
#1870=ORIENTED_EDGE('',*,*,#1869,.F.);
#1872=ORIENTED_EDGE('',*,*,#1871,.T.);
#1874=ORIENTED_EDGE('',*,*,#1873,.F.);
#1876=ORIENTED_EDGE('',*,*,#1875,.F.);
#1877=EDGE_LOOP('',(#1862,#1863,#1864,#1866,#1868,#1870,#1872,#1874,#1876));
#1878=FACE_OUTER_BOUND('',#1877,.F.);
#1880=CARTESIAN_POINT('',(-2.478E0,-1.847819528138E0,-6.E-1));
#1881=DIRECTION('',(0.E0,1.E0,0.E0));
#1882=DIRECTION('',(2.539842596987E-2,0.E0,-9.996774079463E-1));
#1883=AXIS2_PLACEMENT_3D('',#1880,#1881,#1882);
#1884=TOROIDAL_SURFACE('',#1883,6.E-1,3.5E-1);
#1885=ORIENTED_EDGE('',*,*,#1861,.F.);
#1887=ORIENTED_EDGE('',*,*,#1886,.F.);
#1888=ORIENTED_EDGE('',*,*,#1625,.T.);
#1889=ORIENTED_EDGE('',*,*,#1654,.T.);
#1890=ORIENTED_EDGE('',*,*,#1846,.T.);
#1891=EDGE_LOOP('',(#1885,#1887,#1888,#1889,#1890));
#1892=FACE_OUTER_BOUND('',#1891,.F.);
#1894=CARTESIAN_POINT('',(-2.478000016624E0,-3.877999812306E0,
-6.000000098043E-1));
#1895=DIRECTION('',(0.E0,1.E0,0.E0));
#1896=DIRECTION('',(0.E0,0.E0,-1.E0));
#1897=AXIS2_PLACEMENT_3D('',#1894,#1895,#1896);
#1898=CONICAL_SURFACE('',#1897,6.025000042495E-1,9.856738358731E0);
#1899=ORIENTED_EDGE('',*,*,#1886,.T.);
#1900=ORIENTED_EDGE('',*,*,#1875,.T.);
#1902=ORIENTED_EDGE('',*,*,#1901,.F.);
#1903=ORIENTED_EDGE('',*,*,#1871,.F.);
#1904=ORIENTED_EDGE('',*,*,#1627,.T.);
#1905=EDGE_LOOP('',(#1899,#1900,#1902,#1903,#1904));
#1906=FACE_OUTER_BOUND('',#1905,.F.);
#1908=CARTESIAN_POINT('',(-2.478E0,-5.908180085715E0,-6.E-1));
#1909=DIRECTION('',(0.E0,-1.E0,0.E0));
#1910=DIRECTION('',(9.996745463081E-1,0.E0,2.551081072180E-2));
#1911=AXIS2_PLACEMENT_3D('',#1908,#1909,#1910);
#1912=TOROIDAL_SURFACE('',#1911,6.05E-1,3.5E-1);
#1914=ORIENTED_EDGE('',*,*,#1913,.F.);
#1916=ORIENTED_EDGE('',*,*,#1915,.F.);
#1918=ORIENTED_EDGE('',*,*,#1917,.T.);
#1919=ORIENTED_EDGE('',*,*,#1901,.T.);
#1920=EDGE_LOOP('',(#1914,#1916,#1918,#1919));
#1921=FACE_OUTER_BOUND('',#1920,.F.);
#1923=CARTESIAN_POINT('',(-2.478E0,-5.908180220218E0,-6.E-1));
#1924=DIRECTION('',(0.E0,-1.E0,0.E0));
#1925=DIRECTION('',(2.539842588721E-2,0.E0,-9.996774079484E-1));
#1926=AXIS2_PLACEMENT_3D('',#1923,#1924,#1925);
#1927=TOROIDAL_SURFACE('',#1926,6.05E-1,3.5E-1);
#1928=ORIENTED_EDGE('',*,*,#1873,.T.);
#1929=ORIENTED_EDGE('',*,*,#1917,.F.);
#1931=ORIENTED_EDGE('',*,*,#1930,.F.);
#1933=ORIENTED_EDGE('',*,*,#1932,.F.);
#1934=ORIENTED_EDGE('',*,*,#1913,.T.);
#1935=EDGE_LOOP('',(#1928,#1929,#1931,#1933,#1934));
#1936=FACE_OUTER_BOUND('',#1935,.F.);
#1938=CARTESIAN_POINT('',(-2.478E0,-1.555E0,-6.E-1));
#1939=DIRECTION('',(0.E0,-1.E0,0.E0));
#1940=DIRECTION('',(-1.E0,0.E0,0.E0));
#1941=AXIS2_PLACEMENT_3D('',#1938,#1939,#1940);
#1942=CYLINDRICAL_SURFACE('',#1941,2.55E-1);
#1943=ORIENTED_EDGE('',*,*,#1930,.T.);
#1945=ORIENTED_EDGE('',*,*,#1944,.T.);
#1947=ORIENTED_EDGE('',*,*,#1946,.F.);
#1949=ORIENTED_EDGE('',*,*,#1948,.T.);
#1951=ORIENTED_EDGE('',*,*,#1950,.F.);
#1952=EDGE_LOOP('',(#1943,#1945,#1947,#1949,#1951));
#1953=FACE_OUTER_BOUND('',#1952,.F.);
#1955=CARTESIAN_POINT('',(-2.478E0,-1.555E0,-6.E-1));
#1956=DIRECTION('',(0.E0,-1.E0,0.E0));
#1957=DIRECTION('',(-1.E0,0.E0,0.E0));
#1958=AXIS2_PLACEMENT_3D('',#1955,#1956,#1957);
#1959=CYLINDRICAL_SURFACE('',#1958,2.55E-1);
#1960=ORIENTED_EDGE('',*,*,#1932,.T.);
#1961=ORIENTED_EDGE('',*,*,#1950,.T.);
#1963=ORIENTED_EDGE('',*,*,#1962,.T.);
#1965=ORIENTED_EDGE('',*,*,#1964,.F.);
#1966=ORIENTED_EDGE('',*,*,#1944,.F.);
#1967=ORIENTED_EDGE('',*,*,#1915,.T.);
#1968=EDGE_LOOP('',(#1960,#1961,#1963,#1965,#1966,#1967));
#1969=FACE_OUTER_BOUND('',#1968,.F.);
#1971=CARTESIAN_POINT('',(-2.478E0,-8.555E0,-6.E-1));
#1972=DIRECTION('',(7.071067811865E-1,-7.071067811865E-1,0.E0));
#1973=DIRECTION('',(7.071067811865E-1,7.071067811865E-1,0.E0));
#1974=AXIS2_PLACEMENT_3D('',#1971,#1972,#1973);
#1975=SPHERICAL_SURFACE('',#1974,2.55E-1);
#1977=ORIENTED_EDGE('',*,*,#1976,.T.);
#1979=ORIENTED_EDGE('',*,*,#1978,.T.);
#1980=ORIENTED_EDGE('',*,*,#1962,.F.);
#1981=ORIENTED_EDGE('',*,*,#1948,.F.);
#1982=EDGE_LOOP('',(#1977,#1979,#1980,#1981));
#1983=FACE_OUTER_BOUND('',#1982,.F.);
#1985=CARTESIAN_POINT('',(-2.478E0,-8.555E0,-6.E-1));
#1986=DIRECTION('',(1.E0,0.E0,0.E0));
#1987=DIRECTION('',(0.E0,-1.E0,0.E0));
#1988=AXIS2_PLACEMENT_3D('',#1985,#1986,#1987);
#1989=CYLINDRICAL_SURFACE('',#1988,2.55E-1);
#1990=ORIENTED_EDGE('',*,*,#1976,.F.);
#1992=ORIENTED_EDGE('',*,*,#1991,.T.);
#1994=ORIENTED_EDGE('',*,*,#1993,.T.);
#1996=ORIENTED_EDGE('',*,*,#1995,.T.);
#1998=ORIENTED_EDGE('',*,*,#1997,.F.);
#2000=ORIENTED_EDGE('',*,*,#1999,.F.);
#2001=EDGE_LOOP('',(#1990,#1992,#1994,#1996,#1998,#2000));
#2002=FACE_OUTER_BOUND('',#2001,.F.);
#2004=CARTESIAN_POINT('',(-2.475947568555E0,-8.566699645223E0,
-3.448442956298E-1));
#2005=CARTESIAN_POINT('',(-2.473804231690E0,-8.565627323082E0,
-3.447953981213E-1));
#2006=CARTESIAN_POINT('',(-2.448636968978E0,-8.553032825759E0,
-3.442998266474E-1));
#2007=CARTESIAN_POINT('',(-2.405808213720E0,-8.531534831847E0,
-3.450321733646E-1));
#2008=CARTESIAN_POINT('',(-2.350467305811E0,-8.503616655884E0,
-3.493841385722E-1));
#2009=CARTESIAN_POINT('',(-2.303910239404E0,-8.480032825579E0,
-3.554719929434E-1));
#2010=CARTESIAN_POINT('',(-2.259543507642E0,-8.457471394801E0,
-3.635221995083E-1));
#2011=CARTESIAN_POINT('',(-2.214019472419E0,-8.434223589189E0,
-3.744148345787E-1));
#2012=CARTESIAN_POINT('',(-2.167649993986E0,-8.410428898782E0,
-3.888066147357E-1));
#2013=CARTESIAN_POINT('',(-2.123234021974E0,-8.387513357040E0,
-4.064695036977E-1));
#2014=CARTESIAN_POINT('',(-2.080995121965E0,-8.365596063278E0,
-4.277727793691E-1));
#2015=CARTESIAN_POINT('',(-2.041375916393E0,-8.344907067523E0,
-4.534539319504E-1));
#2016=CARTESIAN_POINT('',(-2.006359578678E0,-8.326487425602E0,
-4.841088803708E-1));
#2017=CARTESIAN_POINT('',(-1.979784465680E0,-8.312405824774E0,
-5.177752338490E-1));
#2018=CARTESIAN_POINT('',(-1.963151948628E0,-8.303540687420E0,
-5.517880829325E-1));
#2019=CARTESIAN_POINT('',(-1.956422616905E0,-8.299941663322E0,
-5.811710951772E-1));
#2020=CARTESIAN_POINT('',(-1.955851301867E0,-8.299635381932E0,
-5.988619417943E-1));
#2021=CARTESIAN_POINT('',(-1.956118651534E0,-8.299778531649E0,
-6.055219789483E-1));
#2022=CARTESIAN_POINT('',(-2.589509362564E0,-8.453060551485E0,
-3.509748955534E-1));
#2023=CARTESIAN_POINT('',(-2.587362757039E0,-8.452011249256E0,
-3.514036268215E-1));
#2024=CARTESIAN_POINT('',(-2.562175854042E0,-8.439739122042E0,
-3.565143991175E-1));
#2025=CARTESIAN_POINT('',(-2.519670400812E0,-8.419839776235E0,
-3.667354522909E-1));
#2026=CARTESIAN_POINT('',(-2.465503618587E0,-8.396235039637E0,
-3.829295273248E-1));
#2027=CARTESIAN_POINT('',(-2.420489366582E0,-8.377854432899E0,
-3.985072706008E-1));
#2028=CARTESIAN_POINT('',(-2.378118898096E0,-8.361680655993E0,
-4.150194158660E-1));
#2029=CARTESIAN_POINT('',(-2.335274951040E0,-8.346612807288E0,
-4.337400292234E-1));
#2030=CARTESIAN_POINT('',(-2.292444022279E0,-8.333095382661E0,
-4.547789708233E-1));
#2031=CARTESIAN_POINT('',(-2.252374091964E0,-8.322152630746E0,
-4.769095290385E-1));
#2032=CARTESIAN_POINT('',(-2.215345192012E0,-8.313832241441E0,
-4.998460838394E-1));
#2033=CARTESIAN_POINT('',(-2.181862186632E0,-8.308275073355E0,
-5.232875933215E-1));
#2034=CARTESIAN_POINT('',(-2.153695052044E0,-8.305738702837E0,
-5.461259538805E-1));
#2035=CARTESIAN_POINT('',(-2.133523806210E0,-8.305683208009E0,
-5.658909321941E-1));
#2036=CARTESIAN_POINT('',(-2.121557165505E0,-8.306620137580E0,
-5.816467227808E-1));
#2037=CARTESIAN_POINT('',(-2.116889778982E0,-8.307238425796E0,
-5.930492690096E-1));
#2038=CARTESIAN_POINT('',(-2.116488069096E0,-8.307297201280E0,
-5.995748265323E-1));
#2039=CARTESIAN_POINT('',(-2.116674659106E0,-8.307271183954E0,
-6.020494075263E-1));
#2040=CARTESIAN_POINT('',(-2.669898671130E0,-8.374117313488E0,
-2.362876446367E-1));
#2041=CARTESIAN_POINT('',(-2.667749751751E0,-8.372583985743E0,
-2.370483060860E-1));
#2042=CARTESIAN_POINT('',(-2.642548945583E0,-8.354665570748E0,
-2.460918607468E-1));
#2043=CARTESIAN_POINT('',(-2.600272354770E0,-8.325907112176E0,
-2.637033429738E-1));
#2044=CARTESIAN_POINT('',(-2.546936724894E0,-8.292459480255E0,
-2.907274922751E-1));
#2045=CARTESIAN_POINT('',(-2.503014616459E0,-8.266922462287E0,
-3.161993140063E-1));
#2046=CARTESIAN_POINT('',(-2.462057283666E0,-8.244949860063E0,
-3.427590386019E-1));
#2047=CARTESIAN_POINT('',(-2.421110545407E0,-8.225093742395E0,
-3.723846697067E-1));
#2048=CARTESIAN_POINT('',(-2.380784522138E0,-8.208090350024E0,
-4.050867651960E-1));
#2049=CARTESIAN_POINT('',(-2.343791113201E0,-8.195331910308E0,
-4.387902328416E-1));
#2050=CARTESIAN_POINT('',(-2.310450322492E0,-8.186868728711E0,
-4.728955696857E-1));
#2051=CARTESIAN_POINT('',(-2.281311074579E0,-8.182882921205E0,
-5.066749639261E-1));
#2052=CARTESIAN_POINT('',(-2.257992425420E0,-8.183536610888E0,
-5.380330576589E-1));
#2053=CARTESIAN_POINT('',(-2.242354415944E0,-8.187318961034E0,
-5.632053162035E-1));
#2054=CARTESIAN_POINT('',(-2.233690704510E0,-8.191393923500E0,
-5.812949245295E-1));
#2055=CARTESIAN_POINT('',(-2.230482949285E0,-8.193462899590E0,
-5.930730947789E-1));
#2056=CARTESIAN_POINT('',(-2.230201301265E0,-8.193649704839E0,
-5.995725104226E-1));
#2057=CARTESIAN_POINT('',(-2.230330722286E0,-8.193564928386E0,
-6.020505589675E-1));
#2058=CARTESIAN_POINT('',(-2.664550699674E0,-8.381489172181E0,
-7.577400496308E-2));
#2059=CARTESIAN_POINT('',(-2.662401934226E0,-8.379281267095E0,
-7.650385617875E-2));
#2060=CARTESIAN_POINT('',(-2.637202052979E0,-8.353439889388E0,
-8.523507221249E-2));
#2061=CARTESIAN_POINT('',(-2.594910236887E0,-8.311157335487E0,
-1.033062676484E-1));
#2062=CARTESIAN_POINT('',(-2.541519313848E0,-8.260146525562E0,
-1.330669091281E-1));
#2063=CARTESIAN_POINT('',(-2.497524549575E0,-8.219772880920E0,
-1.623674793376E-1));
#2064=CARTESIAN_POINT('',(-2.456473206651E0,-8.183606698076E0,
-1.939905335321E-1));
#2065=CARTESIAN_POINT('',(-2.415400254862E0,-8.149125028965E0,
-2.304676714272E-1));
#2066=CARTESIAN_POINT('',(-2.374907590490E0,-8.117151832695E0,
-2.722226343444E-1));
#2067=CARTESIAN_POINT('',(-2.337709513185E0,-8.089976465729E0,
-3.170369815496E-1));
#2068=CARTESIAN_POINT('',(-2.304123367674E0,-8.067724163819E0,
-3.645435832816E-1));
#2069=CARTESIAN_POINT('',(-2.274695147366E0,-8.050721771803E0,
-4.144786754642E-1));
#2070=CARTESIAN_POINT('',(-2.251053948329E0,-8.039786400529E0,
-4.651219579251E-1));
#2071=CARTESIAN_POINT('',(-2.235114361204E0,-8.034708852500E0,
-5.114744508985E-1));
#2072=CARTESIAN_POINT('',(-2.226230919414E0,-8.033205923379E0,
-5.509627212906E-1));
#2073=CARTESIAN_POINT('',(-2.222926060897E0,-8.033010390123E0,
-5.812269933406E-1));
#2074=CARTESIAN_POINT('',(-2.222636425653E0,-8.033004482191E0,
-5.988565079182E-1));
#2075=CARTESIAN_POINT('',(-2.222769649892E0,-8.033009775823E0,
-6.055246803698E-1));
#2076=(BOUNDED_SURFACE()B_SPLINE_SURFACE(3,3,((#2004,#2005,#2006,#2007,#2008,
#2009,#2010,#2011,#2012,#2013,#2014,#2015,#2016,#2017,#2018,#2019,#2020,#2021),(
#2022,#2023,#2024,#2025,#2026,#2027,#2028,#2029,#2030,#2031,#2032,#2033,#2034,
#2035,#2036,#2037,#2038,#2039),(#2040,#2041,#2042,#2043,#2044,#2045,#2046,#2047,
#2048,#2049,#2050,#2051,#2052,#2053,#2054,#2055,#2056,#2057),(#2058,#2059,#2060,
#2061,#2062,#2063,#2064,#2065,#2066,#2067,#2068,#2069,#2070,#2071,#2072,#2073,
#2074,#2075)),.UNSPECIFIED.,.F.,.F.,.F.)B_SPLINE_SURFACE_WITH_KNOTS((4,4),(4,1,
1,1,1,1,1,1,1,1,1,1,1,1,1,4),(0.E0,1.E0),(-9.723258250343E-3,0.E0,
1.044544857867E-1,1.847416861425E-1,2.522569227231E-1,3.182812209212E-1,
3.905669594092E-1,4.665858669325E-1,5.415649184891E-1,6.116937682811E-1,
6.871084795235E-1,7.636350185587E-1,8.331554703476E-1,8.941743550684E-1,
9.490322355463E-1,9.823263435285E-1),.UNSPECIFIED.)GEOMETRIC_REPRESENTATION_ITEM()RATIONAL_B_SPLINE_SURFACE(((1.195413650437E0,1.195413650437E0,1.195413650437E0,
1.195413650437E0,1.195413650437E0,1.195413650437E0,1.195413650437E0,
1.195413650437E0,1.195413650437E0,1.195413650437E0,1.195413650437E0,
1.195413650437E0,1.195413650437E0,1.195413650437E0,1.195413650437E0,
1.195413650437E0,1.195413650437E0,1.195413650437E0),(9.348621165210E-1,
9.348621165210E-1,9.348621165210E-1,9.348621165210E-1,9.348621165210E-1,
9.348621165210E-1,9.348621165210E-1,9.348621165210E-1,9.348621165210E-1,
9.348621165210E-1,9.348621165210E-1,9.348621165210E-1,9.348621165210E-1,
9.348621165210E-1,9.348621165210E-1,9.348621165210E-1,9.348621165210E-1,
9.348621165210E-1),(9.348621165210E-1,9.348621165210E-1,9.348621165210E-1,
9.348621165210E-1,9.348621165210E-1,9.348621165210E-1,9.348621165210E-1,
9.348621165210E-1,9.348621165210E-1,9.348621165210E-1,9.348621165210E-1,
9.348621165210E-1,9.348621165210E-1,9.348621165210E-1,9.348621165210E-1,
9.348621165210E-1,9.348621165210E-1,9.348621165210E-1),(1.195413650437E0,
1.195413650437E0,1.195413650437E0,1.195413650437E0,1.195413650437E0,
1.195413650437E0,1.195413650437E0,1.195413650437E0,1.195413650437E0,
1.195413650437E0,1.195413650437E0,1.195413650437E0,1.195413650437E0,
1.195413650437E0,1.195413650437E0,1.195413650437E0,1.195413650437E0,
1.195413650437E0)))REPRESENTATION_ITEM('')SURFACE());
#2077=ORIENTED_EDGE('',*,*,#1946,.T.);
#2079=ORIENTED_EDGE('',*,*,#2078,.F.);
#2080=ORIENTED_EDGE('',*,*,#1991,.F.);
#2081=EDGE_LOOP('',(#2077,#2079,#2080));
#2082=FACE_OUTER_BOUND('',#2081,.F.);
#2084=CARTESIAN_POINT('',(-1.956119131030E0,-8.299778530026E0,
-5.944682530493E-1));
#2085=CARTESIAN_POINT('',(-1.955863694925E0,-8.299641775003E0,
-6.008157653331E-1));
#2086=CARTESIAN_POINT('',(-1.956346514237E0,-8.299900585589E0,
-6.175516704247E-1));
#2087=CARTESIAN_POINT('',(-1.962292412636E0,-8.303080755984E0,
-6.452539284124E-1));
#2088=CARTESIAN_POINT('',(-1.976954823167E0,-8.310899204101E0,
-6.772893930136E-1));
#2089=CARTESIAN_POINT('',(-2.000431547264E0,-8.323352017601E0,
-7.092384285929E-1));
#2090=CARTESIAN_POINT('',(-2.031782859044E0,-8.339871135207E0,
-7.389087381327E-1));
#2091=CARTESIAN_POINT('',(-2.067672944556E0,-8.358650976763E0,
-7.641776741728E-1));
#2092=CARTESIAN_POINT('',(-2.105827900156E0,-8.378493536975E0,
-7.852384182054E-1));
#2093=CARTESIAN_POINT('',(-2.145781949159E0,-8.399158884940E0,
-8.029259640361E-1));
#2094=CARTESIAN_POINT('',(-2.187957743023E0,-8.420861365259E0,
-8.178537630946E-1));
#2095=CARTESIAN_POINT('',(-2.230568830269E0,-8.442683638230E0,
-8.298027879419E-1));
#2096=CARTESIAN_POINT('',(-2.271935724997E0,-8.463779183968E0,
-8.389018476564E-1));
#2097=CARTESIAN_POINT('',(-2.312918229175E0,-8.484600466272E0,
-8.458377443369E-1));
#2098=CARTESIAN_POINT('',(-2.357039214224E0,-8.506935674881E0,
-8.512384046054E-1));
#2099=CARTESIAN_POINT('',(-2.409563393863E0,-8.533420530021E0,
-8.550658297106E-1));
#2100=CARTESIAN_POINT('',(-2.450155848498E0,-8.553792311819E0,
-8.556706681299E-1));
#2101=CARTESIAN_POINT('',(-2.473807542468E0,-8.565628320245E0,
-8.552044435104E-1));
#2102=CARTESIAN_POINT('',(-2.475952289615E0,-8.566701342016E0,
-8.551554551495E-1));
#2103=CARTESIAN_POINT('',(-2.116675063665E0,-8.307270525245E0,
-5.979469876537E-1));
#2104=CARTESIAN_POINT('',(-2.116496972717E0,-8.307295286459E0,
-6.003055147219E-1));
#2105=CARTESIAN_POINT('',(-2.116836279043E0,-8.307245865762E0,
-6.064811739826E-1));
#2106=CARTESIAN_POINT('',(-2.120958844343E0,-8.306696887383E0,
-6.171716685932E-1));
#2107=CARTESIAN_POINT('',(-2.131462654406E0,-8.305806111257E0,
-6.316695393355E-1));
#2108=CARTESIAN_POINT('',(-2.149119754696E0,-8.305612736403E0,
-6.496659881319E-1));
#2109=CARTESIAN_POINT('',(-2.174025494002E0,-8.307387366509E0,
-6.706406327404E-1));
#2110=CARTESIAN_POINT('',(-2.203964514069E0,-8.311752013962E0,
-6.924505939598E-1));
#2111=CARTESIAN_POINT('',(-2.237001382234E0,-8.318512005171E0,
-7.138238964020E-1));
#2112=CARTESIAN_POINT('',(-2.272610036991E0,-8.327495044935E0,
-7.345254924550E-1));
#2113=CARTESIAN_POINT('',(-2.311113229770E0,-8.338822029628E0,
-7.546344576549E-1));
#2114=CARTESIAN_POINT('',(-2.350786907068E0,-8.351942886491E0,
-7.732307823682E-1));
#2115=CARTESIAN_POINT('',(-2.389911456276E0,-8.366094246431E0,
-7.897174718707E-1));
#2116=CARTESIAN_POINT('',(-2.429167914077E0,-8.381330828835E0,
-8.046086470705E-1));
#2117=CARTESIAN_POINT('',(-2.471911717622E0,-8.398972868807E0,
-8.190824665890E-1));
#2118=CARTESIAN_POINT('',(-2.523389471500E0,-8.421562956644E0,
-8.341938770810E-1));
#2119=CARTESIAN_POINT('',(-2.563695834224E0,-8.440479163936E0,
-8.437947706075E-1));
#2120=CARTESIAN_POINT('',(-2.587365590391E0,-8.452012692846E0,
-8.485972682732E-1));
#2121=CARTESIAN_POINT('',(-2.589513561485E0,-8.453062736152E0,
-8.490262215703E-1));
#2122=CARTESIAN_POINT('',(-2.230331060891E0,-8.193564497891E0,
-5.979458584154E-1));
#2123=CARTESIAN_POINT('',(-2.230207721834E0,-8.193645323722E0,
-6.003077295133E-1));
#2124=CARTESIAN_POINT('',(-2.230445436700E0,-8.193487898638E0,
-6.064603744111E-1));
#2125=CARTESIAN_POINT('',(-2.233277282073E0,-8.191655095569E0,
-6.174605352958E-1));
#2126=CARTESIAN_POINT('',(-2.240837258946E0,-8.187948895877E0,
-6.339024981742E-1));
#2127=CARTESIAN_POINT('',(-2.254374703635E0,-8.184181488341E0,
-6.564655747473E-1));
#2128=CARTESIAN_POINT('',(-2.274717684311E0,-8.182723759611E0,
-6.848467606228E-1));
#2129=CARTESIAN_POINT('',(-2.300444002508E0,-8.185157135691E0,
-7.158961850650E-1));
#2130=CARTESIAN_POINT('',(-2.329857825908E0,-8.191472356654E0,
-7.473438395114E-1));
#2131=CARTESIAN_POINT('',(-2.362390417960E0,-8.201435241376E0,
-7.785500671501E-1));
#2132=CARTESIAN_POINT('',(-2.398293811829E0,-8.215197441649E0,
-8.094836920808E-1));
#2133=CARTESIAN_POINT('',(-2.435888124936E0,-8.232052994234E0,
-8.386016617589E-1));
#2134=CARTESIAN_POINT('',(-2.473425339364E0,-8.250904695230E0,
-8.648280534319E-1));
#2135=CARTESIAN_POINT('',(-2.511459945570E0,-8.271723268453E0,
-8.888696801597E-1));
#2136=CARTESIAN_POINT('',(-2.553228855602E0,-8.296317018032E0,
-9.126068552411E-1));
#2137=CARTESIAN_POINT('',(-2.603965854770E0,-8.328391092366E0,
-9.378886021920E-1));
#2138=CARTESIAN_POINT('',(-2.644069695787E0,-8.355746322667E0,
-9.544543774169E-1));
#2139=CARTESIAN_POINT('',(-2.667752238009E0,-8.372586418670E0,
-9.629525787737E-1));
#2140=CARTESIAN_POINT('',(-2.669902491304E0,-8.374120842201E0,
-9.637136514075E-1));
#2141=CARTESIAN_POINT('',(-2.222770379923E0,-8.033009904167E0,
-5.944656037143E-1));
#2142=CARTESIAN_POINT('',(-2.222643398633E0,-8.033004683779E0,
-6.008209615119E-1));
#2143=CARTESIAN_POINT('',(-2.222887871617E0,-8.033010102505E0,
-6.175028720168E-1));
#2144=CARTESIAN_POINT('',(-2.225805578905E0,-8.033178258882E0,
-6.459316459889E-1));
#2145=CARTESIAN_POINT('',(-2.233561386919E0,-8.034391369591E0,
-6.825281949915E-1));
#2146=CARTESIAN_POINT('',(-2.247372881394E0,-8.038459053387E0,
-7.251911130723E-1));
#2147=CARTESIAN_POINT('',(-2.268019388176E0,-8.047394651062E0,
-7.722380989604E-1));
#2148=CARTESIAN_POINT('',(-2.294025945830E0,-8.061643487336E0,
-8.191839765397E-1));
#2149=CARTESIAN_POINT('',(-2.323680783221E0,-8.080442560673E0,
-8.638804160856E-1));
#2150=CARTESIAN_POINT('',(-2.356418002651E0,-8.103406748012E0,
-9.062131473872E-1));
#2151=CARTESIAN_POINT('',(-2.392494341641E0,-8.130822550036E0,
-9.465369581519E-1));
#2152=CARTESIAN_POINT('',(-2.430226979251E0,-8.161406888387E0,
-9.831710839948E-1));
#2153=CARTESIAN_POINT('',(-2.467869787155E0,-8.193530024778E0,
-1.015120708668E0));
#2154=CARTESIAN_POINT('',(-2.505985673983E0,-8.227447358848E0,
-1.043524714269E0));
#2155=CARTESIAN_POINT('',(-2.547819436367E0,-8.266092151588E0,
-1.070658370509E0));
#2156=CARTESIAN_POINT('',(-2.598605712390E0,-8.314827630591E0,
-1.098346682717E0));
#2157=CARTESIAN_POINT('',(-2.638723025657E0,-8.354998420620E0,
-1.115292008648E0));
#2158=CARTESIAN_POINT('',(-2.662404717319E0,-8.379284302147E0,
-1.123496369205E0));
#2159=CARTESIAN_POINT('',(-2.664554818795E0,-8.381493740784E0,
-1.124226574534E0));
#2160=(BOUNDED_SURFACE()B_SPLINE_SURFACE(3,3,((#2084,#2085,#2086,#2087,#2088,
#2089,#2090,#2091,#2092,#2093,#2094,#2095,#2096,#2097,#2098,#2099,#2100,#2101,
#2102),(#2103,#2104,#2105,#2106,#2107,#2108,#2109,#2110,#2111,#2112,#2113,#2114,
#2115,#2116,#2117,#2118,#2119,#2120,#2121),(#2122,#2123,#2124,#2125,#2126,#2127,
#2128,#2129,#2130,#2131,#2132,#2133,#2134,#2135,#2136,#2137,#2138,#2139,#2140),(
#2141,#2142,#2143,#2144,#2145,#2146,#2147,#2148,#2149,#2150,#2151,#2152,#2153,
#2154,#2155,#2156,#2157,#2158,#2159)),.UNSPECIFIED.,.F.,.F.,.F.)B_SPLINE_SURFACE_WITH_KNOTS((4,4),(4,1,1,1,1,1,1,1,1,1,1,1,1,1,1,1,4),(0.E0,1.E0),(
1.663898751691E-2,4.840657617743E-2,1.001402035186E-1,1.571554852926E-1,
2.214727288498E-1,2.923504848779E-1,3.635261003261E-1,4.288565173764E-1,
4.964026218398E-1,5.665449125365E-1,6.354420678087E-1,6.997597069845E-1,
7.604800375750E-1,8.252533087149E-1,9.023199295145E-1,1.E0,1.009740493209E0),
.UNSPECIFIED.)GEOMETRIC_REPRESENTATION_ITEM()RATIONAL_B_SPLINE_SURFACE(((
1.195412376555E0,1.195412376555E0,1.195412376555E0,1.195412376555E0,
1.195412376555E0,1.195412376555E0,1.195412376555E0,1.195412376555E0,
1.195412376555E0,1.195412376555E0,1.195412376555E0,1.195412376555E0,
1.195412376555E0,1.195412376555E0,1.195412376555E0,1.195412376555E0,
1.195412376555E0,1.195412376555E0,1.195412376555E0),(9.348625411483E-1,
9.348625411483E-1,9.348625411483E-1,9.348625411483E-1,9.348625411483E-1,
9.348625411483E-1,9.348625411483E-1,9.348625411483E-1,9.348625411483E-1,
9.348625411483E-1,9.348625411483E-1,9.348625411483E-1,9.348625411483E-1,
9.348625411483E-1,9.348625411483E-1,9.348625411483E-1,9.348625411483E-1,
9.348625411483E-1,9.348625411483E-1),(9.348625411483E-1,9.348625411483E-1,
9.348625411483E-1,9.348625411483E-1,9.348625411483E-1,9.348625411483E-1,
9.348625411483E-1,9.348625411483E-1,9.348625411483E-1,9.348625411483E-1,
9.348625411483E-1,9.348625411483E-1,9.348625411483E-1,9.348625411483E-1,
9.348625411483E-1,9.348625411483E-1,9.348625411483E-1,9.348625411483E-1,
9.348625411483E-1),(1.195412376555E0,1.195412376555E0,1.195412376555E0,
1.195412376555E0,1.195412376555E0,1.195412376555E0,1.195412376555E0,
1.195412376555E0,1.195412376555E0,1.195412376555E0,1.195412376555E0,
1.195412376555E0,1.195412376555E0,1.195412376555E0,1.195412376555E0,
1.195412376555E0,1.195412376555E0,1.195412376555E0,1.195412376555E0)))REPRESENTATION_ITEM('')SURFACE());
#2162=ORIENTED_EDGE('',*,*,#2161,.F.);
#2163=ORIENTED_EDGE('',*,*,#2078,.T.);
#2164=ORIENTED_EDGE('',*,*,#1964,.T.);
#2165=EDGE_LOOP('',(#2162,#2163,#2164));
#2166=FACE_OUTER_BOUND('',#2165,.F.);
#2168=CARTESIAN_POINT('',(-2.478E0,-8.555E0,-6.E-1));
#2169=DIRECTION('',(1.E0,0.E0,0.E0));
#2170=DIRECTION('',(0.E0,-1.E0,0.E0));
#2171=AXIS2_PLACEMENT_3D('',#2168,#2169,#2170);
#2172=CYLINDRICAL_SURFACE('',#2171,2.55E-1);
#2173=ORIENTED_EDGE('',*,*,#1978,.F.);
#2174=ORIENTED_EDGE('',*,*,#1999,.T.);
#2176=ORIENTED_EDGE('',*,*,#2175,.F.);
#2178=ORIENTED_EDGE('',*,*,#2177,.T.);
#2179=ORIENTED_EDGE('',*,*,#1993,.F.);
#2180=ORIENTED_EDGE('',*,*,#2161,.T.);
#2181=EDGE_LOOP('',(#2173,#2174,#2176,#2178,#2179,#2180));
#2182=FACE_OUTER_BOUND('',#2181,.F.);
#2184=CARTESIAN_POINT('',(-1.466300119389E0,-8.557052648352E0,
-8.551557164608E-1));
#2185=CARTESIAN_POINT('',(-1.467372443612E0,-8.559195989282E0,
-8.552046150512E-1));
#2186=CARTESIAN_POINT('',(-1.479966943617E0,-8.584363256026E0,
-8.557001980663E-1));
#2187=CARTESIAN_POINT('',(-1.501464942795E0,-8.627192016001E0,
-8.549678704242E-1));
#2188=CARTESIAN_POINT('',(-1.529383127458E0,-8.682532926275E0,
-8.506159291099E-1));
#2189=CARTESIAN_POINT('',(-1.552966968261E0,-8.729089995794E0,
-8.445280938861E-1));
#2190=CARTESIAN_POINT('',(-1.575528411927E0,-8.773456731584E0,
-8.364779043946E-1));
#2191=CARTESIAN_POINT('',(-1.598776234044E0,-8.818980772214E0,
-8.255852851183E-1));
#2192=CARTESIAN_POINT('',(-1.622570945186E0,-8.865350257789E0,
-8.111935183729E-1));
#2193=CARTESIAN_POINT('',(-1.645486511085E0,-8.909766238571E0,
-7.935306384251E-1));
#2194=CARTESIAN_POINT('',(-1.667403832281E0,-8.952005149092E0,
-7.722273660491E-1));
#2195=CARTESIAN_POINT('',(-1.688092858567E0,-8.991624367047E0,
-7.465462089491E-1));
#2196=CARTESIAN_POINT('',(-1.706512532534E0,-9.026640718582E0,
-7.158912447578E-1));
#2197=CARTESIAN_POINT('',(-1.720594161662E0,-9.053215844501E0,
-6.822248632316E-1));
#2198=CARTESIAN_POINT('',(-1.729459318794E0,-9.069848370969E0,
-6.482119773118E-1));
#2199=CARTESIAN_POINT('',(-1.733058349831E0,-9.076577703920E0,
-6.188289415959E-1));
#2200=CARTESIAN_POINT('',(-1.733364633075E0,-9.077149021389E0,
-6.011380857403E-1));
#2201=CARTESIAN_POINT('',(-1.733221484307E0,-9.076881673969E0,
-5.944780530631E-1));
#2202=CARTESIAN_POINT('',(-1.579939320376E0,-8.443490749858E0,
-8.490249089001E-1));
#2203=CARTESIAN_POINT('',(-1.580988623779E0,-8.445637359464E0,
-8.485961773560E-1));
#2204=CARTESIAN_POINT('',(-1.593260743322E0,-8.470824266549E0,
-8.434854104701E-1));
#2205=CARTESIAN_POINT('',(-1.613160075590E0,-8.513329724167E0,
-8.332643679010E-1));
#2206=CARTESIAN_POINT('',(-1.636764794740E0,-8.567496507678E0,
-8.170703100765E-1));
#2207=CARTESIAN_POINT('',(-1.655145388546E0,-8.612510761375E0,
-8.014925826812E-1));
#2208=CARTESIAN_POINT('',(-1.671319154713E0,-8.654881232052E0,
-7.849804536835E-1));
#2209=CARTESIAN_POINT('',(-1.686386994203E0,-8.697725182051E0,
-7.662598581442E-1));
#2210=CARTESIAN_POINT('',(-1.699904411603E0,-8.740556114697E0,
-7.452209358075E-1));
#2211=CARTESIAN_POINT('',(-1.710847158961E0,-8.780626049785E0,
-7.230903969612E-1));
#2212=CARTESIAN_POINT('',(-1.719167546392E0,-8.817654955457E0,
-7.001538611736E-1));
#2213=CARTESIAN_POINT('',(-1.724724715368E0,-8.851137967575E0,
-6.767123697399E-1));
#2214=CARTESIAN_POINT('',(-1.727261089469E0,-8.879305109683E0,
-6.538740247704E-1));
#2215=CARTESIAN_POINT('',(-1.727316589218E0,-8.899476362547E0,
-6.341090574219E-1));
#2216=CARTESIAN_POINT('',(-1.726379663867E0,-8.911443008375E0,
-6.183532730371E-1));
#2217=CARTESIAN_POINT('',(-1.725761377917E0,-8.916110395123E0,
-6.069507345770E-1));
#2218=CARTESIAN_POINT('',(-1.725702602416E0,-8.916512106645E0,
-6.004251830059E-1));
#2219=CARTESIAN_POINT('',(-1.725728619428E0,-8.916325518228E0,
-5.979506073890E-1));
#2220=CARTESIAN_POINT('',(-1.658882684997E0,-8.363101311384E0,
-9.637122024254E-1));
#2221=CARTESIAN_POINT('',(-1.660416015022E0,-8.365250234856E0,
-9.629515395370E-1));
#2222=CARTESIAN_POINT('',(-1.678334425317E0,-8.390451045161E0,
-9.539079833179E-1));
#2223=CARTESIAN_POINT('',(-1.707092873368E0,-8.432727639969E0,
-9.362964998704E-1));
#2224=CARTESIAN_POINT('',(-1.740540488078E0,-8.486063269789E0,
-9.092723532528E-1));
#2225=CARTESIAN_POINT('',(-1.766077491510E0,-8.529985378152E0,
-8.838005352742E-1));
#2226=CARTESIAN_POINT('',(-1.788050079827E0,-8.570942710853E0,
-8.572408156402E-1));
#2227=CARTESIAN_POINT('',(-1.807906183166E0,-8.611889448989E0,
-8.276151912487E-1));
#2228=CARTESIAN_POINT('',(-1.824909560871E0,-8.652215472096E0,
-7.949131046292E-1));
#2229=CARTESIAN_POINT('',(-1.837667986462E0,-8.689208880834E0,
-7.612096478694E-1));
#2230=CARTESIAN_POINT('',(-1.846131154549E0,-8.722549671304E0,
-7.271043241551E-1));
#2231=CARTESIAN_POINT('',(-1.850116949302E0,-8.751688918936E0,
-6.933249457433E-1));
#2232=CARTESIAN_POINT('',(-1.849463248264E0,-8.775007567780E0,
-6.619668709051E-1));
#2233=CARTESIAN_POINT('',(-1.845680889438E0,-8.790645576961E0,
-6.367946331115E-1));
#2234=CARTESIAN_POINT('',(-1.841605921503E0,-8.799309288183E0,
-6.187050457523E-1));
#2235=CARTESIAN_POINT('',(-1.839536944108E0,-8.802517041906E0,
-6.069268987460E-1));
#2236=CARTESIAN_POINT('',(-1.839350138024E0,-8.802798690915E0,
-6.004274984660E-1));
#2237=CARTESIAN_POINT('',(-1.839434913804E0,-8.802669271064E0,
-5.979494589540E-1));
#2238=CARTESIAN_POINT('',(-1.651510815237E0,-8.368449288081E0,
-1.124225999196E0));
#2239=CARTESIAN_POINT('',(-1.653718724544E0,-8.370598057621E0,
-1.123496146646E0));
#2240=CARTESIAN_POINT('',(-1.679560106593E0,-8.395797943003E0,
-1.114764929505E0));
#2241=CARTESIAN_POINT('',(-1.721842664507E0,-8.438089763107E0,
-1.096693732354E0));
#2242=CARTESIAN_POINT('',(-1.772853474429E0,-8.491480686142E0,
-1.066933090878E0));
#2243=CARTESIAN_POINT('',(-1.813227119071E0,-8.535475450415E0,
-1.037632520670E0));
#2244=CARTESIAN_POINT('',(-1.849393301916E0,-8.576526793339E0,
-1.006009466476E0));
#2245=CARTESIAN_POINT('',(-1.883874971027E0,-8.617599745129E0,
-9.695323285814E-1));
#2246=CARTESIAN_POINT('',(-1.915848167299E0,-8.658092409503E0,
-9.277773656641E-1));
#2247=CARTESIAN_POINT('',(-1.943023534267E0,-8.695290486808E0,
-8.829630184583E-1));
#2248=CARTESIAN_POINT('',(-1.965275836178E0,-8.728876632322E0,
-8.354564167255E-1));
#2249=CARTESIAN_POINT('',(-1.982278228195E0,-8.758304852630E0,
-7.855213245420E-1));
#2250=CARTESIAN_POINT('',(-1.993213599470E0,-8.781946051669E0,
-7.348780420799E-1));
#2251=CARTESIAN_POINT('',(-1.998291147500E0,-8.797885638794E0,
-6.885255491045E-1));
#2252=CARTESIAN_POINT('',(-1.999794076618E0,-8.806769080588E0,
-6.490372787120E-1));
#2253=CARTESIAN_POINT('',(-1.999989609800E0,-8.810073937657E0,
-6.187730198491E-1));
#2254=CARTESIAN_POINT('',(-1.999995517790E0,-8.810363573928E0,
-6.011435180903E-1));
#2255=CARTESIAN_POINT('',(-1.999990224208E0,-8.810230350889E0,
-5.944753586955E-1));
#2256=(BOUNDED_SURFACE()B_SPLINE_SURFACE(3,3,((#2184,#2185,#2186,#2187,#2188,
#2189,#2190,#2191,#2192,#2193,#2194,#2195,#2196,#2197,#2198,#2199,#2200,#2201),(
#2202,#2203,#2204,#2205,#2206,#2207,#2208,#2209,#2210,#2211,#2212,#2213,#2214,
#2215,#2216,#2217,#2218,#2219),(#2220,#2221,#2222,#2223,#2224,#2225,#2226,#2227,
#2228,#2229,#2230,#2231,#2232,#2233,#2234,#2235,#2236,#2237),(#2238,#2239,#2240,
#2241,#2242,#2243,#2244,#2245,#2246,#2247,#2248,#2249,#2250,#2251,#2252,#2253,
#2254,#2255)),.UNSPECIFIED.,.F.,.F.,.F.)B_SPLINE_SURFACE_WITH_KNOTS((4,4),(4,1,
1,1,1,1,1,1,1,1,1,1,1,1,1,4),(0.E0,1.E0),(-9.723276720258E-3,0.E0,
1.044544857746E-1,1.847416861258E-1,2.522569227060E-1,3.182812209042E-1,
3.905669593927E-1,4.665858669176E-1,5.415649184766E-1,6.116937682706E-1,
6.871084795140E-1,7.636350185514E-1,8.331554703427E-1,8.941743550655E-1,
9.490322355449E-1,9.823262785111E-1),.UNSPECIFIED.)GEOMETRIC_REPRESENTATION_ITEM()RATIONAL_B_SPLINE_SURFACE(((1.195413986536E0,1.195413986536E0,1.195413986536E0,
1.195413986536E0,1.195413986536E0,1.195413986536E0,1.195413986536E0,
1.195413986536E0,1.195413986536E0,1.195413986536E0,1.195413986536E0,
1.195413986536E0,1.195413986536E0,1.195413986536E0,1.195413986536E0,
1.195413986536E0,1.195413986536E0,1.195413986536E0),(9.348620044879E-1,
9.348620044879E-1,9.348620044879E-1,9.348620044879E-1,9.348620044879E-1,
9.348620044879E-1,9.348620044879E-1,9.348620044879E-1,9.348620044879E-1,
9.348620044879E-1,9.348620044879E-1,9.348620044879E-1,9.348620044879E-1,
9.348620044879E-1,9.348620044879E-1,9.348620044879E-1,9.348620044879E-1,
9.348620044879E-1),(9.348620044879E-1,9.348620044879E-1,9.348620044879E-1,
9.348620044879E-1,9.348620044879E-1,9.348620044879E-1,9.348620044879E-1,
9.348620044879E-1,9.348620044879E-1,9.348620044879E-1,9.348620044879E-1,
9.348620044879E-1,9.348620044879E-1,9.348620044879E-1,9.348620044879E-1,
9.348620044879E-1,9.348620044879E-1,9.348620044879E-1),(1.195413986536E0,
1.195413986536E0,1.195413986536E0,1.195413986536E0,1.195413986536E0,
1.195413986536E0,1.195413986536E0,1.195413986536E0,1.195413986536E0,
1.195413986536E0,1.195413986536E0,1.195413986536E0,1.195413986536E0,
1.195413986536E0,1.195413986536E0,1.195413986536E0,1.195413986536E0,
1.195413986536E0)))REPRESENTATION_ITEM('')SURFACE());
#2257=ORIENTED_EDGE('',*,*,#2175,.T.);
#2259=ORIENTED_EDGE('',*,*,#2258,.F.);
#2261=ORIENTED_EDGE('',*,*,#2260,.F.);
#2263=ORIENTED_EDGE('',*,*,#2262,.F.);
#2264=EDGE_LOOP('',(#2257,#2259,#2261,#2263));
#2265=FACE_OUTER_BOUND('',#2264,.F.);
#2267=CARTESIAN_POINT('',(-1.733221519499E0,-9.076881927922E0,
-6.055317643514E-1));
#2268=CARTESIAN_POINT('',(-1.733358275411E0,-9.077137364207E0,
-5.991842275984E-1));
#2269=CARTESIAN_POINT('',(-1.733099462640E0,-9.076654543665E0,
-5.824482547531E-1));
#2270=CARTESIAN_POINT('',(-1.729919267863E0,-9.070708633634E0,
-5.547458864086E-1));
#2271=CARTESIAN_POINT('',(-1.722100762316E0,-9.056046195680E0,
-5.227103061617E-1));
#2272=CARTESIAN_POINT('',(-1.709647865426E0,-9.032569433209E0,
-4.907611785767E-1));
#2273=CARTESIAN_POINT('',(-1.693128650592E0,-9.001218078925E0,
-4.610908116961E-1));
#2274=CARTESIAN_POINT('',(-1.674348713980E0,-8.965327954170E0,
-4.358218528468E-1));
#2275=CARTESIAN_POINT('',(-1.654506067499E0,-8.927172964821E0,
-4.147611108751E-1));
#2276=CARTESIAN_POINT('',(-1.633840642500E0,-8.887218887164E0,
-3.970735849193E-1));
#2277=CARTESIAN_POINT('',(-1.612138093762E0,-8.845043069082E0,
-3.821458200261E-1));
#2278=CARTESIAN_POINT('',(-1.590315763413E0,-8.802431962466E0,
-3.701968390120E-1));
#2279=CARTESIAN_POINT('',(-1.569220171884E0,-8.761065052953E0,
-3.610978280125E-1));
#2280=CARTESIAN_POINT('',(-1.548398852754E0,-8.720082537393E0,
-3.541619837902E-1));
#2281=CARTESIAN_POINT('',(-1.526063613197E0,-8.675961543262E0,
-3.487613833514E-1));
#2282=CARTESIAN_POINT('',(-1.499578732374E0,-8.623437356723E0,
-3.449340326545E-1));
#2283=CARTESIAN_POINT('',(-1.479206942326E0,-8.582844902889E0,
-3.443292535965E-1));
#2284=CARTESIAN_POINT('',(-1.467370933249E0,-8.559193211730E0,
-3.447955128127E-1));
#2285=CARTESIAN_POINT('',(-1.466297912671E0,-8.557048467293E0,
-3.448445042469E-1));
#2286=CARTESIAN_POINT('',(-1.725728832622E0,-8.916325512502E0,
-6.020530089195E-1));
#2287=CARTESIAN_POINT('',(-1.725704071692E0,-8.916503603497E0,
-5.996944841235E-1));
#2288=CARTESIAN_POINT('',(-1.725753491929E0,-8.916164296460E0,
-5.935188295335E-1));
#2289=CARTESIAN_POINT('',(-1.726302464515E0,-8.912041724890E0,
-5.828283440294E-1));
#2290=CARTESIAN_POINT('',(-1.727193228226E0,-8.901537899907E0,
-5.683304910843E-1));
#2291=CARTESIAN_POINT('',(-1.727386587942E0,-8.883880778739E0,
-5.503340734230E-1));
#2292=CARTESIAN_POINT('',(-1.725611945441E0,-8.858975016308E0,
-5.293594738548E-1));
#2293=CARTESIAN_POINT('',(-1.721247292778E0,-8.829035974891E0,
-5.075495659280E-1));
#2294=CARTESIAN_POINT('',(-1.714487304193E0,-8.795999088365E0,
-4.861763199944E-1));
#2295=CARTESIAN_POINT('',(-1.705504274512E0,-8.760390418018E0,
-4.654747818107E-1));
#2296=CARTESIAN_POINT('',(-1.694177307572E0,-8.721887212063E0,
-4.453658754303E-1));
#2297=CARTESIAN_POINT('',(-1.681056475111E0,-8.682213524227E0,
-4.267696072589E-1));
#2298=CARTESIAN_POINT('',(-1.666905144313E0,-8.643088966974E0,
-4.102829696128E-1));
#2299=CARTESIAN_POINT('',(-1.651668595474E0,-8.603832502981E0,
-3.953918427347E-1));
#2300=CARTESIAN_POINT('',(-1.634026596417E0,-8.561088694495E0,
-3.809180717348E-1));
#2301=CARTESIAN_POINT('',(-1.611436563419E0,-8.509610936863E0,
-3.658067139939E-1));
#2302=CARTESIAN_POINT('',(-1.592520405388E0,-8.469304575781E0,
-3.562058567314E-1));
#2303=CARTESIAN_POINT('',(-1.580986907796E0,-8.445634822394E0,
-3.514033782333E-1));
#2304=CARTESIAN_POINT('',(-1.579936868550E0,-8.443486854009E0,
-3.509744271375E-1));
#2305=CARTESIAN_POINT('',(-1.839434987890E0,-8.802668915005E0,
-6.020541283788E-1));
#2306=CARTESIAN_POINT('',(-1.839354161888E0,-8.802792253891E0,
-5.996922707683E-1));
#2307=CARTESIAN_POINT('',(-1.839511587581E0,-8.802554538911E0,
-5.935396602275E-1));
#2308=CARTESIAN_POINT('',(-1.841344396936E0,-8.799722694E0,-5.825395558780E-1));
#2309=CARTESIAN_POINT('',(-1.845050612382E0,-8.792162717754E0,
-5.660976575412E-1));
#2310=CARTESIAN_POINT('',(-1.848818045008E0,-8.778625273943E0,
-5.435346453344E-1));
#2311=CARTESIAN_POINT('',(-1.850275807020E0,-8.758282294238E0,
-5.151535192329E-1));
#2312=CARTESIAN_POINT('',(-1.847842468777E0,-8.732555976939E0,
-4.841041456964E-1));
#2313=CARTESIAN_POINT('',(-1.841527287792E0,-8.703142154312E0,
-4.526565336770E-1));
#2314=CARTESIAN_POINT('',(-1.831564444704E0,-8.670609562915E0,
-4.214503416689E-1));
#2315=CARTESIAN_POINT('',(-1.817802288155E0,-8.634706169599E0,
-3.905167468087E-1));
#2316=CARTESIAN_POINT('',(-1.800946779534E0,-8.597111856935E0,
-3.613988011998E-1));
#2317=CARTESIAN_POINT('',(-1.782095121038E0,-8.559574642845E0,
-3.351724278545E-1));
#2318=CARTESIAN_POINT('',(-1.761276589761E0,-8.521540036899E0,
-3.111308150965E-1));
#2319=CARTESIAN_POINT('',(-1.736682885178E0,-8.479771127075E0,
-2.873936508917E-1));
#2320=CARTESIAN_POINT('',(-1.704608864199E0,-8.429034128065E0,
-2.621119116474E-1));
#2321=CARTESIAN_POINT('',(-1.677253676750E0,-8.388930289746E0,
-2.455461387348E-1));
#2322=CARTESIAN_POINT('',(-1.660413606609E0,-8.365247750253E0,
-2.370479372729E-1));
#2323=CARTESIAN_POINT('',(-1.658879187182E0,-8.363097499661E0,
-2.362868654708E-1));
#2324=CARTESIAN_POINT('',(-1.999990095837E0,-8.810229620188E0,
-6.055343907402E-1));
#2325=CARTESIAN_POINT('',(-1.999995316219E0,-8.810356601314E0,
-5.991790347959E-1));
#2326=CARTESIAN_POINT('',(-1.999989897485E0,-8.810112128191E0,
-5.824971261141E-1));
#2327=CARTESIAN_POINT('',(-1.999821741118E0,-8.807194421095E0,
-5.540683540110E-1));
#2328=CARTESIAN_POINT('',(-1.998608630409E0,-8.799438613081E0,
-5.174718050085E-1));
#2329=CARTESIAN_POINT('',(-1.994540946613E0,-8.785627118606E0,
-4.748088869276E-1));
#2330=CARTESIAN_POINT('',(-1.985605348938E0,-8.764980611823E0,
-4.277619010396E-1));
#2331=CARTESIAN_POINT('',(-1.971356512664E0,-8.738974054170E0,
-3.808160234603E-1));
#2332=CARTESIAN_POINT('',(-1.952557439327E0,-8.709319216779E0,
-3.361195839144E-1));
#2333=CARTESIAN_POINT('',(-1.929593251988E0,-8.676581997349E0,
-2.937868526128E-1));
#2334=CARTESIAN_POINT('',(-1.902177449964E0,-8.640505658359E0,
-2.534630418480E-1));
#2335=CARTESIAN_POINT('',(-1.871593111613E0,-8.602773020749E0,
-2.168289160052E-1));
#2336=CARTESIAN_POINT('',(-1.839469975222E0,-8.565130212845E0,
-1.848792913316E-1));
#2337=CARTESIAN_POINT('',(-1.805552641152E0,-8.527014326017E0,
-1.564752857310E-1));
#2338=CARTESIAN_POINT('',(-1.766907848412E0,-8.485180563633E0,
-1.293416294913E-1));
#2339=CARTESIAN_POINT('',(-1.718172369409E0,-8.434394287610E0,
-1.016533172829E-1));
#2340=CARTESIAN_POINT('',(-1.678001582039E0,-8.394276976998E0,
-8.470799247402E-2));
#2341=CARTESIAN_POINT('',(-1.653715703376E0,-8.370595288067E0,
-7.650363266098E-2));
#2342=CARTESIAN_POINT('',(-1.651506267529E0,-8.368445189293E0,
-7.577342821298E-2));
#2343=(BOUNDED_SURFACE()B_SPLINE_SURFACE(3,3,((#2267,#2268,#2269,#2270,#2271,
#2272,#2273,#2274,#2275,#2276,#2277,#2278,#2279,#2280,#2281,#2282,#2283,#2284,
#2285),(#2286,#2287,#2288,#2289,#2290,#2291,#2292,#2293,#2294,#2295,#2296,#2297,
#2298,#2299,#2300,#2301,#2302,#2303,#2304),(#2305,#2306,#2307,#2308,#2309,#2310,
#2311,#2312,#2313,#2314,#2315,#2316,#2317,#2318,#2319,#2320,#2321,#2322,#2323),(
#2324,#2325,#2326,#2327,#2328,#2329,#2330,#2331,#2332,#2333,#2334,#2335,#2336,
#2337,#2338,#2339,#2340,#2341,#2342)),.UNSPECIFIED.,.F.,.F.,.F.)B_SPLINE_SURFACE_WITH_KNOTS((4,4),(4,1,1,1,1,1,1,1,1,1,1,1,1,1,1,1,4),(0.E0,1.E0),(
1.663899675678E-2,4.840657617744E-2,1.001402035186E-1,1.571554852926E-1,
2.214727288499E-1,2.923504848780E-1,3.635261003262E-1,4.288565173765E-1,
4.964026218398E-1,5.665449125366E-1,6.354420678088E-1,6.997597069845E-1,
7.604800375751E-1,8.252533087150E-1,9.023199295145E-1,1.E0,1.009740480994E0),
.UNSPECIFIED.)GEOMETRIC_REPRESENTATION_ITEM()RATIONAL_B_SPLINE_SURFACE(((
1.195413475030E0,1.195413475030E0,1.195413475030E0,1.195413475030E0,
1.195413475030E0,1.195413475030E0,1.195413475030E0,1.195413475030E0,
1.195413475030E0,1.195413475030E0,1.195413475030E0,1.195413475030E0,
1.195413475030E0,1.195413475030E0,1.195413475030E0,1.195413475030E0,
1.195413475030E0,1.195413475030E0,1.195413475030E0),(9.348621749899E-1,
9.348621749899E-1,9.348621749899E-1,9.348621749899E-1,9.348621749899E-1,
9.348621749899E-1,9.348621749899E-1,9.348621749899E-1,9.348621749899E-1,
9.348621749899E-1,9.348621749899E-1,9.348621749899E-1,9.348621749899E-1,
9.348621749899E-1,9.348621749899E-1,9.348621749899E-1,9.348621749899E-1,
9.348621749899E-1,9.348621749899E-1),(9.348621749899E-1,9.348621749899E-1,
9.348621749899E-1,9.348621749899E-1,9.348621749899E-1,9.348621749899E-1,
9.348621749899E-1,9.348621749899E-1,9.348621749899E-1,9.348621749899E-1,
9.348621749899E-1,9.348621749899E-1,9.348621749899E-1,9.348621749899E-1,
9.348621749899E-1,9.348621749899E-1,9.348621749899E-1,9.348621749899E-1,
9.348621749899E-1),(1.195413475030E0,1.195413475030E0,1.195413475030E0,
1.195413475030E0,1.195413475030E0,1.195413475030E0,1.195413475030E0,
1.195413475030E0,1.195413475030E0,1.195413475030E0,1.195413475030E0,
1.195413475030E0,1.195413475030E0,1.195413475030E0,1.195413475030E0,
1.195413475030E0,1.195413475030E0,1.195413475030E0,1.195413475030E0)))REPRESENTATION_ITEM('')SURFACE());
#2345=ORIENTED_EDGE('',*,*,#2344,.F.);
#2347=ORIENTED_EDGE('',*,*,#2346,.F.);
#2348=ORIENTED_EDGE('',*,*,#2258,.T.);
#2349=ORIENTED_EDGE('',*,*,#1997,.T.);
#2350=EDGE_LOOP('',(#2345,#2347,#2348,#2349));
#2351=FACE_OUTER_BOUND('',#2350,.F.);
#2353=CARTESIAN_POINT('',(-1.478E0,-8.555E0,-6.E-1));
#2354=DIRECTION('',(0.E0,-1.E0,0.E0));
#2355=DIRECTION('',(-1.E0,0.E0,0.E0));
#2356=AXIS2_PLACEMENT_3D('',#2353,#2354,#2355);
#2357=CYLINDRICAL_SURFACE('',#2356,2.55E-1);
#2359=ORIENTED_EDGE('',*,*,#2358,.F.);
#2360=ORIENTED_EDGE('',*,*,#2262,.T.);
#2362=ORIENTED_EDGE('',*,*,#2361,.F.);
#2364=ORIENTED_EDGE('',*,*,#2363,.F.);
#2366=ORIENTED_EDGE('',*,*,#2365,.F.);
#2367=ORIENTED_EDGE('',*,*,#2344,.T.);
#2368=EDGE_LOOP('',(#2359,#2360,#2362,#2364,#2366,#2367));
#2369=FACE_OUTER_BOUND('',#2368,.F.);
#2371=CARTESIAN_POINT('',(-1.478E0,-8.555E0,-6.E-1));
#2372=DIRECTION('',(7.071067811865E-1,-7.071067811865E-1,0.E0));
#2373=DIRECTION('',(-7.071067811865E-1,-7.071067811865E-1,0.E0));
#2374=AXIS2_PLACEMENT_3D('',#2371,#2372,#2373);
#2375=SPHERICAL_SURFACE('',#2374,2.55E-1);
#2376=ORIENTED_EDGE('',*,*,#2358,.T.);
#2377=ORIENTED_EDGE('',*,*,#1995,.F.);
#2378=ORIENTED_EDGE('',*,*,#2177,.F.);
#2379=EDGE_LOOP('',(#2376,#2377,#2378));
#2380=FACE_OUTER_BOUND('',#2379,.F.);
#2382=CARTESIAN_POINT('',(-1.479797737971E0,-9.566827068356E0,
-8.551498623634E-1));
#2383=CARTESIAN_POINT('',(-1.482025982328E0,-9.565712289041E0,
-8.552012480641E-1));
#2384=CARTESIAN_POINT('',(-1.507278207938E0,-9.553075402404E0,
-8.557016238216E-1));
#2385=CARTESIAN_POINT('',(-1.550191786462E0,-9.531534831921E0,
-8.549678266179E-1));
#2386=CARTESIAN_POINT('',(-1.605532694140E0,-9.503616655876E0,
-8.506158614324E-1));
#2387=CARTESIAN_POINT('',(-1.652089760592E0,-9.480032825589E0,
-8.445280070577E-1));
#2388=CARTESIAN_POINT('',(-1.696456492343E0,-9.457471394806E0,
-8.364778004946E-1));
#2389=CARTESIAN_POINT('',(-1.741980527569E0,-9.434223589195E0,
-8.255851654244E-1));
#2390=CARTESIAN_POINT('',(-1.788350006004E0,-9.410428898788E0,
-8.111933852681E-1));
#2391=CARTESIAN_POINT('',(-1.832765978017E0,-9.387513357043E0,
-7.935304963059E-1));
#2392=CARTESIAN_POINT('',(-1.875004878032E0,-9.365596063287E0,
-7.722272206363E-1));
#2393=CARTESIAN_POINT('',(-1.914624083586E0,-9.344907067503E0,
-7.465460680483E-1));
#2394=CARTESIAN_POINT('',(-1.949640421377E0,-9.326487425686E0,
-7.158911196526E-1));
#2395=CARTESIAN_POINT('',(-1.976215534132E0,-9.312405824515E0,
-6.822247660919E-1));
#2396=CARTESIAN_POINT('',(-1.992848051948E0,-9.303540688227E0,
-6.482119172621E-1));
#2397=CARTESIAN_POINT('',(-1.999593785258E0,-9.299932887898E0,
-6.187572787157E-1));
#2398=CARTESIAN_POINT('',(-2.000153355627E0,-9.299632889022E0,
-6.009921039424E-1));
#2399=CARTESIAN_POINT('',(-1.999872415847E0,-9.299783314517E0,
-5.942598129945E-1));
#2400=CARTESIAN_POINT('',(-1.369601054068E0,-9.456553125562E0,
-8.492560231869E-1));
#2401=CARTESIAN_POINT('',(-1.371832721992E0,-9.455461213967E0,
-8.488255611888E-1));
#2402=CARTESIAN_POINT('',(-1.397104766917E0,-9.443136178317E0,
-8.438672747290E-1));
#2403=CARTESIAN_POINT('',(-1.439703993519E0,-9.423149947329E0,
-8.339077418820E-1));
#2404=CARTESIAN_POINT('',(-1.493905574603E0,-9.399417379536E0,
-8.180646169521E-1));
#2405=CARTESIAN_POINT('',(-1.538965548589E0,-9.380882570917E0,
-8.027681141453E-1));
#2406=CARTESIAN_POINT('',(-1.581395178066E0,-9.364519490852E0,
-7.865067451608E-1));
#2407=CARTESIAN_POINT('',(-1.624318551631E0,-9.349209222594E0,
-7.680181201795E-1));
#2408=CARTESIAN_POINT('',(-1.667254348138E0,-9.335387223007E0,
-7.471761725008E-1));
#2409=CARTESIAN_POINT('',(-1.707453076877E0,-9.324089647951E0,
-7.251780172280E-1));
#2410=CARTESIAN_POINT('',(-1.744636379272E0,-9.315366303467E0,
-7.022898659341E-1));
#2411=CARTESIAN_POINT('',(-1.778301236074E0,-9.309360691950E0,
-6.787819829244E-1));
#2412=CARTESIAN_POINT('',(-1.806671351361E0,-9.306353606781E0,
-6.557119712587E-1));
#2413=CARTESIAN_POINT('',(-1.827032383830E0,-9.305882441233E0,
-6.355350155977E-1));
#2414=CARTESIAN_POINT('',(-1.839137292358E0,-9.306528865940E0,
-6.192381594849E-1));
#2415=CARTESIAN_POINT('',(-1.843877338896E0,-9.307023409962E0,
-6.072736621972E-1));
#2416=CARTESIAN_POINT('',(-1.844275819301E0,-9.307070493498E0,
-6.003897296567E-1));
#2417=CARTESIAN_POINT('',(-1.844077231836E0,-9.307048431609E0,
-5.977625332206E-1));
#2418=CARTESIAN_POINT('',(-1.290093783947E0,-9.378477076611E0,
-9.584395794164E-1));
#2419=CARTESIAN_POINT('',(-1.292327921986E0,-9.376905950364E0,
-9.576678294594E-1));
#2420=CARTESIAN_POINT('',(-1.317614266613E0,-9.359188420892E0,
-9.488068157906E-1));
#2421=CARTESIAN_POINT('',(-1.359986687269E0,-9.330783250570E0,
-9.315477793547E-1));
#2422=CARTESIAN_POINT('',(-1.413366240464E0,-9.297779978090E0,
-9.050815227413E-1));
#2423=CARTESIAN_POINT('',(-1.457346057309E0,-9.272557441646E0,
-8.801138533464E-1));
#2424=CARTESIAN_POINT('',(-1.498378061120E0,-9.250830635035E0,
-8.540612165019E-1));
#2425=CARTESIAN_POINT('',(-1.539425048736E0,-9.231165398073E0,
-8.249803086912E-1));
#2426=CARTESIAN_POINT('',(-1.579883432433E0,-9.214283001105E0,
-7.928536343721E-1));
#2427=CARTESIAN_POINT('',(-1.617039406268E0,-9.201560059153E0,
-7.597122876265E-1));
#2428=CARTESIAN_POINT('',(-1.650575078342E0,-9.193047051504E0,
-7.261383062968E-1));
#2429=CARTESIAN_POINT('',(-1.679943852922E0,-9.188924528167E0,
-6.928351403364E-1));
#2430=CARTESIAN_POINT('',(-1.703518696797E0,-9.189362349328E0,
-6.618446934804E-1));
#2431=CARTESIAN_POINT('',(-1.719396249887E0,-9.192906137567E0,
-6.368686023600E-1));
#2432=CARTESIAN_POINT('',(-1.728234473414E0,-9.196792938582E0,
-6.188126929786E-1));
#2433=CARTESIAN_POINT('',(-1.731527410345E0,-9.198781145655E0,
-6.069485718165E-1));
#2434=CARTESIAN_POINT('',(-1.731809663810E0,-9.198956936615E0,
-6.003763241860E-1));
#2435=CARTESIAN_POINT('',(-1.731670493810E0,-9.198871507235E0,
-5.978532911138E-1));
#2436=CARTESIAN_POINT('',(-1.291000417103E0,-9.381428313706E0,
-1.114416252313E0));
#2437=CARTESIAN_POINT('',(-1.293234526975E0,-9.379175595152E0,
-1.113657218386E0));
#2438=CARTESIAN_POINT('',(-1.318520708540E0,-9.353733736283E0,
-1.104890209664E0));
#2439=CARTESIAN_POINT('',(-1.360895715498E0,-9.312201620518E0,
-1.086823070249E0));
#2440=CARTESIAN_POINT('',(-1.414284642399E0,-9.262269304069E0,
-1.057245502449E0));
#2441=CARTESIAN_POINT('',(-1.458276776435E0,-9.222804849353E0,
-1.028192574079E0));
#2442=CARTESIAN_POINT('',(-1.499324717578E0,-9.187506756879E0,
-9.968921020106E-1));
#2443=CARTESIAN_POINT('',(-1.540393101901E0,-9.153917677789E0,
-9.608471177650E-1));
#2444=CARTESIAN_POINT('',(-1.580879735901E0,-9.122855792502E0,
-9.196587169574E-1));
#2445=CARTESIAN_POINT('',(-1.618070406721E0,-9.096555586051E0,
-8.755352956089E-1));
#2446=CARTESIAN_POINT('',(-1.651647673263E0,-9.075137756442E0,
-8.288575343236E-1));
#2447=CARTESIAN_POINT('',(-1.681065436703E0,-9.058920326626E0,
-7.799165820289E-1));
#2448=CARTESIAN_POINT('',(-1.704694961768E0,-9.048680931530E0,
-7.304538322613E-1));
#2449=CARTESIAN_POINT('',(-1.720623640636E0,-9.044133207163E0,
-6.853914904366E-1));
#2450=CARTESIAN_POINT('',(-1.729499114654E0,-9.042962642263E0,
-6.472016079360E-1));
#2451=CARTESIAN_POINT('',(-1.732808553190E0,-9.042901682137E0,
-6.179853217258E-1));
#2452=CARTESIAN_POINT('',(-1.733092132009E0,-9.042907310871E0,
-6.009602714200E-1));
#2453=CARTESIAN_POINT('',(-1.732952284463E0,-9.042907264433E0,
-5.944753259540E-1));
#2454=(BOUNDED_SURFACE()B_SPLINE_SURFACE(3,3,((#2382,#2383,#2384,#2385,#2386,
#2387,#2388,#2389,#2390,#2391,#2392,#2393,#2394,#2395,#2396,#2397,#2398,#2399),(
#2400,#2401,#2402,#2403,#2404,#2405,#2406,#2407,#2408,#2409,#2410,#2411,#2412,
#2413,#2414,#2415,#2416,#2417),(#2418,#2419,#2420,#2421,#2422,#2423,#2424,#2425,
#2426,#2427,#2428,#2429,#2430,#2431,#2432,#2433,#2434,#2435),(#2436,#2437,#2438,
#2439,#2440,#2441,#2442,#2443,#2444,#2445,#2446,#2447,#2448,#2449,#2450,#2451,
#2452,#2453)),.UNSPECIFIED.,.F.,.F.,.F.)B_SPLINE_SURFACE_WITH_KNOTS((4,4),(4,1,
1,1,1,1,1,1,1,1,1,1,1,1,1,4),(0.E0,1.E0),(-1.010839679709E-2,0.E0,
1.044544857725E-1,1.847416861230E-1,2.522569227032E-1,3.182812209014E-1,
3.905669593899E-1,4.665858669151E-1,5.415649184746E-1,6.116937682689E-1,
6.871084795125E-1,7.636350185502E-1,8.331554703420E-1,8.941743550651E-1,
9.490322355448E-1,9.826899702651E-1),.UNSPECIFIED.)GEOMETRIC_REPRESENTATION_ITEM()RATIONAL_B_SPLINE_SURFACE(((1.185328507838E0,1.185328507838E0,1.185328507838E0,
1.185328507838E0,1.185328507838E0,1.185328507838E0,1.185328507838E0,
1.185328507838E0,1.185328507838E0,1.185328507838E0,1.185328507838E0,
1.185328507838E0,1.185328507838E0,1.185328507838E0,1.185328507838E0,
1.185328507838E0,1.185328507838E0,1.185328507838E0),(9.382238307206E-1,
9.382238307206E-1,9.382238307206E-1,9.382238307206E-1,9.382238307206E-1,
9.382238307206E-1,9.382238307206E-1,9.382238307206E-1,9.382238307206E-1,
9.382238307206E-1,9.382238307206E-1,9.382238307206E-1,9.382238307206E-1,
9.382238307206E-1,9.382238307206E-1,9.382238307206E-1,9.382238307206E-1,
9.382238307206E-1),(9.382238307206E-1,9.382238307206E-1,9.382238307206E-1,
9.382238307206E-1,9.382238307206E-1,9.382238307206E-1,9.382238307206E-1,
9.382238307206E-1,9.382238307206E-1,9.382238307206E-1,9.382238307206E-1,
9.382238307206E-1,9.382238307206E-1,9.382238307206E-1,9.382238307206E-1,
9.382238307206E-1,9.382238307206E-1,9.382238307206E-1),(1.185328507838E0,
1.185328507838E0,1.185328507838E0,1.185328507838E0,1.185328507838E0,
1.185328507838E0,1.185328507838E0,1.185328507838E0,1.185328507838E0,
1.185328507838E0,1.185328507838E0,1.185328507838E0,1.185328507838E0,
1.185328507838E0,1.185328507838E0,1.185328507838E0,1.185328507838E0,
1.185328507838E0)))REPRESENTATION_ITEM('')SURFACE());
#2455=ORIENTED_EDGE('',*,*,#2361,.T.);
#2456=ORIENTED_EDGE('',*,*,#2260,.T.);
#2458=ORIENTED_EDGE('',*,*,#2457,.F.);
#2460=ORIENTED_EDGE('',*,*,#2459,.F.);
#2461=EDGE_LOOP('',(#2455,#2456,#2458,#2460));
#2462=FACE_OUTER_BOUND('',#2461,.F.);
#2464=CARTESIAN_POINT('',(-1.999872104691E0,-9.299783222221E0,
-6.057454070847E-1));
#2465=CARTESIAN_POINT('',(-2.000140373408E0,-9.299639597627E0,
-5.993271234076E-1));
#2466=CARTESIAN_POINT('',(-1.999668567409E0,-9.299892516504E0,
-5.825186025884E-1));
#2467=CARTESIAN_POINT('',(-1.993707587850E0,-9.303080756661E0,
-5.547460714387E-1));
#2468=CARTESIAN_POINT('',(-1.979045176679E0,-9.310899203886E0,
-5.227106070337E-1));
#2469=CARTESIAN_POINT('',(-1.955568452785E0,-9.323352017668E0,
-4.907615713923E-1));
#2470=CARTESIAN_POINT('',(-1.924217140942E0,-9.339871135188E0,
-4.610912618714E-1));
#2471=CARTESIAN_POINT('',(-1.888327055447E0,-9.358650976767E0,
-4.358223258262E-1));
#2472=CARTESIAN_POINT('',(-1.850172099843E0,-9.378493536974E0,
-4.147615817949E-1));
#2473=CARTESIAN_POINT('',(-1.810218050842E0,-9.399158884940E0,
-3.970740359638E-1));
#2474=CARTESIAN_POINT('',(-1.768042256977E0,-9.420861365259E0,
-3.821462369054E-1));
#2475=CARTESIAN_POINT('',(-1.725431169731E0,-9.442683638230E0,
-3.701972120582E-1));
#2476=CARTESIAN_POINT('',(-1.684064275002E0,-9.463779183967E0,
-3.610981523435E-1));
#2477=CARTESIAN_POINT('',(-1.643081770832E0,-9.484600466274E0,
-3.541622556636E-1));
#2478=CARTESIAN_POINT('',(-1.598960785746E0,-9.506935674870E0,
-3.487615953921E-1));
#2479=CARTESIAN_POINT('',(-1.546436606288E0,-9.533420530078E0,
-3.449341703023E-1));
#2480=CARTESIAN_POINT('',(-1.505761345159E0,-9.553833868727E0,
-3.443280980022E-1));
#2481=CARTESIAN_POINT('',(-1.482026732832E0,-9.565711253461E0,
-3.447988333230E-1));
#2482=CARTESIAN_POINT('',(-1.479799111402E0,-9.566825715412E0,
-3.448502531732E-1));
#2483=CARTESIAN_POINT('',(-1.843963046636E0,-9.307053120008E0,
-6.022369184519E-1));
#2484=CARTESIAN_POINT('',(-1.844152433789E0,-9.307074209796E0,
-5.997350624771E-1));
#2485=CARTESIAN_POINT('',(-1.843816712534E0,-9.307034535542E0,
-5.932269588460E-1));
#2486=CARTESIAN_POINT('',(-1.839630791010E0,-9.306592277768E0,
-5.820160158389E-1));
#2487=CARTESIAN_POINT('',(-1.829006695478E0,-9.305953438438E0,
-5.670108441159E-1));
#2488=CARTESIAN_POINT('',(-1.811181252265E0,-9.306125868300E0,
-5.486107986177E-1));
#2489=CARTESIAN_POINT('',(-1.786089066799E0,-9.308327003689E0,
-5.273846199099E-1));
#2490=CARTESIAN_POINT('',(-1.755977903910E0,-9.313108629849E0,
-5.054746032268E-1));
#2491=CARTESIAN_POINT('',(-1.722792988194E0,-9.320247052134E0,
-4.841103419440E-1));
#2492=CARTESIAN_POINT('',(-1.687058637016E0,-9.329568018448E0,
-4.634959313751E-1));
#2493=CARTESIAN_POINT('',(-1.648449209288E0,-9.341195128393E0,
-4.435368384138E-1));
#2494=CARTESIAN_POINT('',(-1.608690563424E0,-9.354567685483E0,
-4.251327958410E-1));
#2495=CARTESIAN_POINT('',(-1.569501151368E0,-9.368919915403E0,
-4.088598035263E-1));
#2496=CARTESIAN_POINT('',(-1.530194765235E0,-9.384318042767E0,
-3.941987455104E-1));
#2497=CARTESIAN_POINT('',(-1.487411125295E0,-9.402095839157E0,
-3.799873794348E-1));
#2498=CARTESIAN_POINT('',(-1.435903099959E0,-9.424798587594E0,-3.652023733E-1));
#2499=CARTESIAN_POINT('',(-1.395506229653E0,-9.443795575717E0,
-3.558426491027E-1));
#2500=CARTESIAN_POINT('',(-1.371753378746E0,-9.455380059693E0,
-3.511790371851E-1));
#2501=CARTESIAN_POINT('',(-1.369522383233E0,-9.456471692923E0,
-3.507483936052E-1));
#2502=CARTESIAN_POINT('',(-1.731524940527E0,-9.198744614068E0,
-6.021482133068E-1));
#2503=CARTESIAN_POINT('',(-1.731657440070E0,-9.198826099349E0,
-5.997432153620E-1));
#2504=CARTESIAN_POINT('',(-1.731419860072E0,-9.198678154651E0,
-5.935219195841E-1));
#2505=CARTESIAN_POINT('',(-1.728514070481E0,-9.196914780499E0,
-5.824391035462E-1));
#2506=CARTESIAN_POINT('',(-1.720802317361E0,-9.193372912336E0,
-5.660153182793E-1));
#2507=CARTESIAN_POINT('',(-1.707052450673E0,-9.189820518391E0,
-5.436051637090E-1));
#2508=CARTESIAN_POINT('',(-1.686474206374E0,-9.188570635155E0,
-5.155283669144E-1));
#2509=CARTESIAN_POINT('',(-1.660530672496E0,-9.191150871167E0,
-4.848885514264E-1));
#2510=CARTESIAN_POINT('',(-1.630930037764E0,-9.197539409780E0,
-4.539040409023E-1));
#2511=CARTESIAN_POINT('',(-1.598238837751E0,-9.207504632748E0,
-4.231916132823E-1));
#2512=CARTESIAN_POINT('',(-1.562201393070E0,-9.221197160072E0,
-3.927752278766E-1));
#2513=CARTESIAN_POINT('',(-1.524499863776E0,-9.237916689773E0,
-3.641665366956E-1));
#2514=CARTESIAN_POINT('',(-1.486880803250E0,-9.256580986956E0,
-3.384165687797E-1));
#2515=CARTESIAN_POINT('',(-1.448783195747E0,-9.277166235358E0,
-3.148266468237E-1));
#2516=CARTESIAN_POINT('',(-1.406964019049E0,-9.301460256167E0,
-2.915508753520E-1));
#2517=CARTESIAN_POINT('',(-1.356188821210E0,-9.333115272553E0,
-2.667810580231E-1));
#2518=CARTESIAN_POINT('',(-1.315992720106E0,-9.360144517370E0,
-2.505379297718E-1));
#2519=CARTESIAN_POINT('',(-1.292226715944E0,-9.376803827982E0,
-2.422053514766E-1));
#2520=CARTESIAN_POINT('',(-1.289993287119E0,-9.378375151386E0,
-2.414334494753E-1));
#2521=CARTESIAN_POINT('',(-1.732953749393E0,-9.042668181151E0,
-6.055348287296E-1));
#2522=CARTESIAN_POINT('',(-1.733086971837E0,-9.042667930239E0,
-5.993464776524E-1));
#2523=CARTESIAN_POINT('',(-1.732848144707E0,-9.042663824434E0,
-5.832188139118E-1));
#2524=CARTESIAN_POINT('',(-1.729926087821E0,-9.042715848379E0,
-5.557504451237E-1));
#2525=CARTESIAN_POINT('',(-1.722177326067E0,-9.043642755821E0,
-5.203473146575E-1));
#2526=CARTESIAN_POINT('',(-1.708375668931E0,-9.047253159509E0,
-4.788786263366E-1));
#2527=CARTESIAN_POINT('',(-1.687740063660E0,-9.055579856799E0,
-4.329455410026E-1));
#2528=CARTESIAN_POINT('',(-1.661743569575E0,-9.069133788245E0,
-3.869528163795E-1));
#2529=CARTESIAN_POINT('',(-1.632097387541E0,-9.087196189365E0,
-3.430544313216E-1));
#2530=CARTESIAN_POINT('',(-1.599367516640E0,-9.109390947E0,-3.013950649366E-1));
#2531=CARTESIAN_POINT('',(-1.563297388447E0,-9.135996549833E0,
-2.616425565628E-1));
#2532=CARTESIAN_POINT('',(-1.525569718314E0,-9.165764246785E0,
-2.254685770525E-1));
#2533=CARTESIAN_POINT('',(-1.487930702524E0,-9.197096267872E0,
-1.938719955612E-1));
#2534=CARTESIAN_POINT('',(-1.449817734449E0,-9.230231327639E0,
-1.657397468613E-1));
#2535=CARTESIAN_POINT('',(-1.407986301820E0,-9.268035490352E0,
-1.388209708563E-1));
#2536=CARTESIAN_POINT('',(-1.357201791565E0,-9.315772256677E0,
-1.112904661424E-1));
#2537=CARTESIAN_POINT('',(-1.317003139183E0,-9.355253479163E0,
-9.434378697399E-2));
#2538=CARTESIAN_POINT('',(-1.293237302167E0,-9.379178064139E0,
-8.610471291574E-2));
#2539=CARTESIAN_POINT('',(-1.291003904263E0,-9.381431269143E0,
-8.534601473992E-2));
#2540=(BOUNDED_SURFACE()B_SPLINE_SURFACE(3,3,((#2464,#2465,#2466,#2467,#2468,
#2469,#2470,#2471,#2472,#2473,#2474,#2475,#2476,#2477,#2478,#2479,#2480,#2481,
#2482),(#2483,#2484,#2485,#2486,#2487,#2488,#2489,#2490,#2491,#2492,#2493,#2494,
#2495,#2496,#2497,#2498,#2499,#2500,#2501),(#2502,#2503,#2504,#2505,#2506,#2507,
#2508,#2509,#2510,#2511,#2512,#2513,#2514,#2515,#2516,#2517,#2518,#2519,#2520),(
#2521,#2522,#2523,#2524,#2525,#2526,#2527,#2528,#2529,#2530,#2531,#2532,#2533,
#2534,#2535,#2536,#2537,#2538,#2539)),.UNSPECIFIED.,.F.,.F.,.F.)B_SPLINE_SURFACE_WITH_KNOTS((4,4),(4,1,1,1,1,1,1,1,1,1,1,1,1,1,1,1,4),(0.E0,1.E0),(
1.628253792662E-2,4.840657617744E-2,1.001402035186E-1,1.571554852926E-1,
2.214727288499E-1,2.923504848780E-1,3.635261003261E-1,4.288565173765E-1,
4.964026218398E-1,5.665449125365E-1,6.354420678087E-1,6.997597069845E-1,
7.604800375751E-1,8.252533087149E-1,9.023199295145E-1,1.E0,1.010116834741E0),
.UNSPECIFIED.)GEOMETRIC_REPRESENTATION_ITEM()RATIONAL_B_SPLINE_SURFACE(((
1.185566795851E0,1.185566795851E0,1.185566795851E0,1.185566795851E0,
1.185566795851E0,1.185566795851E0,1.185566795851E0,1.185566795851E0,
1.185566795851E0,1.185566795851E0,1.185566795851E0,1.185566795851E0,
1.185566795851E0,1.185566795851E0,1.185566795851E0,1.185566795851E0,
1.185566795851E0,1.185566795851E0,1.185566795851E0),(9.381444013831E-1,
9.381444013831E-1,9.381444013831E-1,9.381444013831E-1,9.381444013831E-1,
9.381444013831E-1,9.381444013831E-1,9.381444013831E-1,9.381444013831E-1,
9.381444013831E-1,9.381444013831E-1,9.381444013831E-1,9.381444013831E-1,
9.381444013831E-1,9.381444013831E-1,9.381444013831E-1,9.381444013831E-1,
9.381444013831E-1,9.381444013831E-1),(9.381444013831E-1,9.381444013831E-1,
9.381444013831E-1,9.381444013831E-1,9.381444013831E-1,9.381444013831E-1,
9.381444013831E-1,9.381444013831E-1,9.381444013831E-1,9.381444013831E-1,
9.381444013831E-1,9.381444013831E-1,9.381444013831E-1,9.381444013831E-1,
9.381444013831E-1,9.381444013831E-1,9.381444013831E-1,9.381444013831E-1,
9.381444013831E-1),(1.185566795851E0,1.185566795851E0,1.185566795851E0,
1.185566795851E0,1.185566795851E0,1.185566795851E0,1.185566795851E0,
1.185566795851E0,1.185566795851E0,1.185566795851E0,1.185566795851E0,
1.185566795851E0,1.185566795851E0,1.185566795851E0,1.185566795851E0,
1.185566795851E0,1.185566795851E0,1.185566795851E0,1.185566795851E0)))REPRESENTATION_ITEM('')SURFACE());
#2542=ORIENTED_EDGE('',*,*,#2541,.F.);
#2543=ORIENTED_EDGE('',*,*,#2457,.T.);
#2544=ORIENTED_EDGE('',*,*,#2346,.T.);
#2545=ORIENTED_EDGE('',*,*,#2365,.T.);
#2546=EDGE_LOOP('',(#2542,#2543,#2544,#2545));
#2547=FACE_OUTER_BOUND('',#2546,.F.);
#2549=CARTESIAN_POINT('',(-1.478E0,-9.555E0,-6.E-1));
#2550=DIRECTION('',(-1.E0,0.E0,0.E0));
#2551=DIRECTION('',(0.E0,1.E0,0.E0));
#2552=AXIS2_PLACEMENT_3D('',#2549,#2550,#2551);
#2553=CYLINDRICAL_SURFACE('',#2552,2.55E-1);
#2555=ORIENTED_EDGE('',*,*,#2554,.F.);
#2557=ORIENTED_EDGE('',*,*,#2556,.T.);
#2559=ORIENTED_EDGE('',*,*,#2558,.F.);
#2561=ORIENTED_EDGE('',*,*,#2560,.T.);
#2563=ORIENTED_EDGE('',*,*,#2562,.F.);
#2564=ORIENTED_EDGE('',*,*,#2541,.T.);
#2565=EDGE_LOOP('',(#2555,#2557,#2559,#2561,#2563,#2564));
#2566=FACE_OUTER_BOUND('',#2565,.F.);
#2568=CARTESIAN_POINT('',(-1.478E0,-9.555E0,-6.E-1));
#2569=DIRECTION('',(-7.071067811865E-1,-7.071067811865E-1,0.E0));
#2570=DIRECTION('',(-7.071067811865E-1,7.071067811865E-1,0.E0));
#2571=AXIS2_PLACEMENT_3D('',#2568,#2569,#2570);
#2572=SPHERICAL_SURFACE('',#2571,2.55E-1);
#2574=ORIENTED_EDGE('',*,*,#2573,.T.);
#2575=ORIENTED_EDGE('',*,*,#2554,.T.);
#2576=ORIENTED_EDGE('',*,*,#2363,.T.);
#2577=EDGE_LOOP('',(#2574,#2575,#2576));
#2578=FACE_OUTER_BOUND('',#2577,.F.);
#2580=CARTESIAN_POINT('',(-1.478E0,-9.555E0,-6.E-1));
#2581=DIRECTION('',(-1.E0,0.E0,0.E0));
#2582=DIRECTION('',(0.E0,1.E0,0.E0));
#2583=AXIS2_PLACEMENT_3D('',#2580,#2581,#2582);
#2584=CYLINDRICAL_SURFACE('',#2583,2.55E-1);
#2585=ORIENTED_EDGE('',*,*,#2573,.F.);
#2586=ORIENTED_EDGE('',*,*,#2459,.T.);
#2587=ORIENTED_EDGE('',*,*,#2562,.T.);
#2589=ORIENTED_EDGE('',*,*,#2588,.T.);
#2591=ORIENTED_EDGE('',*,*,#2590,.F.);
#2592=ORIENTED_EDGE('',*,*,#2556,.F.);
#2593=EDGE_LOOP('',(#2585,#2586,#2587,#2589,#2591,#2592));
#2594=FACE_OUTER_BOUND('',#2593,.F.);
#2596=CARTESIAN_POINT('',(-2.478E0,-9.555E0,-6.E-1));
#2597=DIRECTION('',(-7.071067811865E-1,-7.071067811865E-1,0.E0));
#2598=DIRECTION('',(7.071067811865E-1,-7.071067811865E-1,0.E0));
#2599=AXIS2_PLACEMENT_3D('',#2596,#2597,#2598);
#2600=SPHERICAL_SURFACE('',#2599,2.55E-1);
#2602=ORIENTED_EDGE('',*,*,#2601,.T.);
#2604=ORIENTED_EDGE('',*,*,#2603,.T.);
#2605=ORIENTED_EDGE('',*,*,#2588,.F.);
#2606=ORIENTED_EDGE('',*,*,#2560,.F.);
#2607=EDGE_LOOP('',(#2602,#2604,#2605,#2606));
#2608=FACE_OUTER_BOUND('',#2607,.F.);
#2610=CARTESIAN_POINT('',(-2.478E0,-9.555E0,-6.E-1));
#2611=DIRECTION('',(0.E0,-1.E0,0.E0));
#2612=DIRECTION('',(-1.E0,0.E0,0.E0));
#2613=AXIS2_PLACEMENT_3D('',#2610,#2611,#2612);
#2614=CYLINDRICAL_SURFACE('',#2613,2.55E-1);
#2615=ORIENTED_EDGE('',*,*,#2601,.F.);
#2617=ORIENTED_EDGE('',*,*,#2616,.T.);
#2619=ORIENTED_EDGE('',*,*,#2618,.T.);
#2621=ORIENTED_EDGE('',*,*,#2620,.T.);
#2623=ORIENTED_EDGE('',*,*,#2622,.F.);
#2624=EDGE_LOOP('',(#2615,#2617,#2619,#2621,#2623));
#2625=FACE_OUTER_BOUND('',#2624,.F.);
#2627=CARTESIAN_POINT('',(-2.489699647146E0,-9.557052427601E0,
-3.448442957176E-1));
#2628=CARTESIAN_POINT('',(-2.488627324365E0,-9.559195765747E0,
-3.447953981718E-1));
#2629=CARTESIAN_POINT('',(-2.476032826403E0,-9.584363029738E0,
-3.442998266256E-1));
#2630=CARTESIAN_POINT('',(-2.454534831850E0,-9.627191786273E0,
-3.450321733644E-1));
#2631=CARTESIAN_POINT('',(-2.426616655890E0,-9.682532694177E0,
-3.493841385711E-1));
#2632=CARTESIAN_POINT('',(-2.403032825586E0,-9.729089760583E0,
-3.554719929415E-1));
#2633=CARTESIAN_POINT('',(-2.380471394807E0,-9.773456492346E0,
-3.635221995057E-1));
#2634=CARTESIAN_POINT('',(-2.357223589194E0,-9.818980527569E0,
-3.744148345756E-1));
#2635=CARTESIAN_POINT('',(-2.333428898787E0,-9.865350006004E0,
-3.888066147322E-1));
#2636=CARTESIAN_POINT('',(-2.310513357044E0,-9.909765978018E0,
-4.064695036939E-1));
#2637=CARTESIAN_POINT('',(-2.288596063281E0,-9.952004878028E0,
-4.277727793652E-1));
#2638=CARTESIAN_POINT('',(-2.267907067525E0,-9.991624083602E0,
-4.534539319464E-1));
#2639=CARTESIAN_POINT('',(-2.249487425604E0,-1.002664042132E1,
-4.841088803671E-1));
#2640=CARTESIAN_POINT('',(-2.235405824775E0,-1.005321553432E1,
-5.177752338460E-1));
#2641=CARTESIAN_POINT('',(-2.226540687420E0,-1.006984805137E1,
-5.517880829306E-1));
#2642=CARTESIAN_POINT('',(-2.222941663322E0,-1.007657738310E1,
-5.811710951763E-1));
#2643=CARTESIAN_POINT('',(-2.222635381932E0,-1.007714869813E1,
-5.988619417941E-1));
#2644=CARTESIAN_POINT('',(-2.222778531649E0,-1.007688134847E1,
-6.055219789483E-1));
#2645=CARTESIAN_POINT('',(-2.376060553367E0,-9.443490633585E0,
-3.509748947844E-1));
#2646=CARTESIAN_POINT('',(-2.375011250506E0,-9.445637240396E0,
-3.514036263011E-1));
#2647=CARTESIAN_POINT('',(-2.362739122639E0,-9.470824144685E0,
-3.565143988113E-1));
#2648=CARTESIAN_POINT('',(-2.342839776238E0,-9.513329599181E0,
-3.667354522891E-1));
#2649=CARTESIAN_POINT('',(-2.319235039642E0,-9.567496381402E0,
-3.829295273213E-1));
#2650=CARTESIAN_POINT('',(-2.300854432904E0,-9.612510633406E0,
-3.985072705965E-1));
#2651=CARTESIAN_POINT('',(-2.284680655997E0,-9.654881101892E0,
-4.150194158613E-1));
#2652=CARTESIAN_POINT('',(-2.269612807291E0,-9.697725048949E0,
-4.337400292184E-1));
#2653=CARTESIAN_POINT('',(-2.256095382664E0,-9.740555977711E0,
-4.547789708184E-1));
#2654=CARTESIAN_POINT('',(-2.245152630748E0,-9.780625908028E0,
-4.769095290341E-1));
#2655=CARTESIAN_POINT('',(-2.236832241442E0,-9.817654807982E0,
-4.998460838356E-1));
#2656=CARTESIAN_POINT('',(-2.231275073355E0,-9.851137813364E0,
-5.232875933183E-1));
#2657=CARTESIAN_POINT('',(-2.228738702837E0,-9.879304947954E0,
-5.461259538781E-1));
#2658=CARTESIAN_POINT('',(-2.228683208009E0,-9.899476193789E0,
-5.658909321926E-1));
#2659=CARTESIAN_POINT('',(-2.229620137580E0,-9.911442834494E0,
-5.816467227800E-1));
#2660=CARTESIAN_POINT('',(-2.230238425796E0,-9.916110221018E0,
-5.930492690092E-1));
#2661=CARTESIAN_POINT('',(-2.230297201280E0,-9.916511930904E0,
-5.995748265322E-1));
#2662=CARTESIAN_POINT('',(-2.230271183954E0,-9.916325340894E0,
-6.020494075263E-1));
#2663=CARTESIAN_POINT('',(-2.297117316238E0,-9.363101325015E0,
-2.362876432723E-1));
#2664=CARTESIAN_POINT('',(-2.295583987568E0,-9.365250245682E0,
-2.370483051650E-1));
#2665=CARTESIAN_POINT('',(-2.277665571610E0,-9.390451053150E0,
-2.460918602192E-1));
#2666=CARTESIAN_POINT('',(-2.248907112180E0,-9.432727645223E0,
-2.637033429708E-1));
#2667=CARTESIAN_POINT('',(-2.215459480262E0,-9.486063275096E0,
-2.907274922694E-1));
#2668=CARTESIAN_POINT('',(-2.189922462293E0,-9.529985383530E0,
-3.161993139992E-1));
#2669=CARTESIAN_POINT('',(-2.167949860069E0,-9.570942716323E0,
-3.427590385943E-1));
#2670=CARTESIAN_POINT('',(-2.148093742399E0,-9.611889454583E0,
-3.723846696990E-1));
#2671=CARTESIAN_POINT('',(-2.131090350027E0,-9.652215477853E0,
-4.050867651885E-1));
#2672=CARTESIAN_POINT('',(-2.118331910310E0,-9.689208886792E0,
-4.387902328350E-1));
#2673=CARTESIAN_POINT('',(-2.109868728712E0,-9.722549677503E0,
-4.728955696801E-1));
#2674=CARTESIAN_POINT('',(-2.105882921205E0,-9.751688925418E0,
-5.066749639215E-1));
#2675=CARTESIAN_POINT('',(-2.106536610888E0,-9.775007574578E0,
-5.380330576557E-1));
#2676=CARTESIAN_POINT('',(-2.110318961034E0,-9.790645584056E0,
-5.632053162017E-1));
#2677=CARTESIAN_POINT('',(-2.114393923499E0,-9.799309295490E0,
-5.812949245287E-1));
#2678=CARTESIAN_POINT('',(-2.116462899590E0,-9.802517050715E0,
-5.930730947786E-1));
#2679=CARTESIAN_POINT('',(-2.116649704839E0,-9.802798698735E0,
-5.995725104225E-1));
#2680=CARTESIAN_POINT('',(-2.116564928386E0,-9.802669277714E0,
-6.020505589675E-1));
#2681=CARTESIAN_POINT('',(-2.304489176141E0,-9.368449296472E0,
-7.577400365394E-2));
#2682=CARTESIAN_POINT('',(-2.302281269727E0,-9.370598063208E0,
-7.650385528961E-2));
#2683=CARTESIAN_POINT('',(-2.276439890655E0,-9.395797945754E0,
-8.523507167124E-2));
#2684=CARTESIAN_POINT('',(-2.234157335494E0,-9.438089763106E0,
-1.033062676453E-1));
#2685=CARTESIAN_POINT('',(-2.183146525572E0,-9.491480686141E0,
-1.330669091216E-1));
#2686=CARTESIAN_POINT('',(-2.142772880930E0,-9.535475450414E0,
-1.623674793293E-1));
#2687=CARTESIAN_POINT('',(-2.106606698085E0,-9.576526793337E0,
-1.939905335229E-1));
#2688=CARTESIAN_POINT('',(-2.072125028974E0,-9.617599745128E0,
-2.304676714175E-1));
#2689=CARTESIAN_POINT('',(-2.040151832701E0,-9.658092409502E0,
-2.722226343348E-1));
#2690=CARTESIAN_POINT('',(-2.012976465734E0,-9.695290486808E0,
-3.170369815407E-1));
#2691=CARTESIAN_POINT('',(-1.990724163822E0,-9.728876632321E0,
-3.645435832735E-1));
#2692=CARTESIAN_POINT('',(-1.973721771805E0,-9.758304852630E0,
-4.144786754572E-1));
#2693=CARTESIAN_POINT('',(-1.962786400530E0,-9.781946051669E0,
-4.651219579196E-1));
#2694=CARTESIAN_POINT('',(-1.957708852501E0,-9.797885638795E0,
-5.114744508949E-1));
#2695=CARTESIAN_POINT('',(-1.956205923379E0,-9.806769080586E0,
-5.509627212885E-1));
#2696=CARTESIAN_POINT('',(-1.956010390123E0,-9.810073939103E0,
-5.812269933397E-1));
#2697=CARTESIAN_POINT('',(-1.956004482191E0,-9.810363574347E0,
-5.988565079180E-1));
#2698=CARTESIAN_POINT('',(-1.956009775823E0,-9.810230350108E0,
-6.055246803698E-1));
#2699=(BOUNDED_SURFACE()B_SPLINE_SURFACE(3,3,((#2627,#2628,#2629,#2630,#2631,
#2632,#2633,#2634,#2635,#2636,#2637,#2638,#2639,#2640,#2641,#2642,#2643,#2644),(
#2645,#2646,#2647,#2648,#2649,#2650,#2651,#2652,#2653,#2654,#2655,#2656,#2657,
#2658,#2659,#2660,#2661,#2662),(#2663,#2664,#2665,#2666,#2667,#2668,#2669,#2670,
#2671,#2672,#2673,#2674,#2675,#2676,#2677,#2678,#2679,#2680),(#2681,#2682,#2683,
#2684,#2685,#2686,#2687,#2688,#2689,#2690,#2691,#2692,#2693,#2694,#2695,#2696,
#2697,#2698)),.UNSPECIFIED.,.F.,.F.,.F.)B_SPLINE_SURFACE_WITH_KNOTS((4,4),(4,1,
1,1,1,1,1,1,1,1,1,1,1,1,1,4),(0.E0,1.E0),(-9.723264063931E-3,0.E0,
1.044544857733E-1,1.847416861239E-1,2.522569227040E-1,3.182812209021E-1,
3.905669593906E-1,4.665858669157E-1,5.415649184751E-1,6.116937682693E-1,
6.871084795129E-1,7.636350185505E-1,8.331554703422E-1,8.941743550652E-1,
9.490322355449E-1,9.823263435286E-1),.UNSPECIFIED.)GEOMETRIC_REPRESENTATION_ITEM()RATIONAL_B_SPLINE_SURFACE(((1.195413650437E0,1.195413650437E0,1.195413650437E0,
1.195413650437E0,1.195413650437E0,1.195413650437E0,1.195413650437E0,
1.195413650437E0,1.195413650437E0,1.195413650437E0,1.195413650437E0,
1.195413650437E0,1.195413650437E0,1.195413650437E0,1.195413650437E0,
1.195413650437E0,1.195413650437E0,1.195413650437E0),(9.348621165210E-1,
9.348621165210E-1,9.348621165210E-1,9.348621165210E-1,9.348621165210E-1,
9.348621165210E-1,9.348621165210E-1,9.348621165210E-1,9.348621165210E-1,
9.348621165210E-1,9.348621165210E-1,9.348621165210E-1,9.348621165210E-1,
9.348621165210E-1,9.348621165210E-1,9.348621165210E-1,9.348621165210E-1,
9.348621165210E-1),(9.348621165210E-1,9.348621165210E-1,9.348621165210E-1,
9.348621165210E-1,9.348621165210E-1,9.348621165210E-1,9.348621165210E-1,
9.348621165210E-1,9.348621165210E-1,9.348621165210E-1,9.348621165210E-1,
9.348621165210E-1,9.348621165210E-1,9.348621165210E-1,9.348621165210E-1,
9.348621165210E-1,9.348621165210E-1,9.348621165210E-1),(1.195413650437E0,
1.195413650437E0,1.195413650437E0,1.195413650437E0,1.195413650437E0,
1.195413650437E0,1.195413650437E0,1.195413650437E0,1.195413650437E0,
1.195413650437E0,1.195413650437E0,1.195413650437E0,1.195413650437E0,
1.195413650437E0,1.195413650437E0,1.195413650437E0,1.195413650437E0,
1.195413650437E0)))REPRESENTATION_ITEM('')SURFACE());
#2700=ORIENTED_EDGE('',*,*,#2558,.T.);
#2702=ORIENTED_EDGE('',*,*,#2701,.F.);
#2703=ORIENTED_EDGE('',*,*,#2616,.F.);
#2704=EDGE_LOOP('',(#2700,#2702,#2703));
#2705=FACE_OUTER_BOUND('',#2704,.F.);
#2707=CARTESIAN_POINT('',(-2.222778530026E0,-1.007688086897E1,
-5.944682530492E-1));
#2708=CARTESIAN_POINT('',(-2.222641775003E0,-1.007713630507E1,
-6.008157653331E-1));
#2709=CARTESIAN_POINT('',(-2.222900585589E0,-1.007665348576E1,
-6.175516704247E-1));
#2710=CARTESIAN_POINT('',(-2.226080755984E0,-1.007070758736E1,
-6.452539284124E-1));
#2711=CARTESIAN_POINT('',(-2.233899204101E0,-1.005604517683E1,
-6.772893930136E-1));
#2712=CARTESIAN_POINT('',(-2.246352017601E0,-1.003256845274E1,
-7.092384285929E-1));
#2713=CARTESIAN_POINT('',(-2.262871135207E0,-1.000121714096E1,
-7.389087381327E-1));
#2714=CARTESIAN_POINT('',(-2.281650976763E0,-9.965327055444E0,
-7.641776741728E-1));
#2715=CARTESIAN_POINT('',(-2.301493536975E0,-9.927172099844E0,
-7.852384182054E-1));
#2716=CARTESIAN_POINT('',(-2.322158884940E0,-9.887218050841E0,
-8.029259640361E-1));
#2717=CARTESIAN_POINT('',(-2.343861365259E0,-9.845042256977E0,
-8.178537630946E-1));
#2718=CARTESIAN_POINT('',(-2.365683638230E0,-9.802431169731E0,
-8.298027879419E-1));
#2719=CARTESIAN_POINT('',(-2.386779183968E0,-9.761064275003E0,
-8.389018476564E-1));
#2720=CARTESIAN_POINT('',(-2.407600466272E0,-9.720081770825E0,
-8.458377443369E-1));
#2721=CARTESIAN_POINT('',(-2.429935674881E0,-9.675960785776E0,
-8.512384046054E-1));
#2722=CARTESIAN_POINT('',(-2.456420530021E0,-9.623436606137E0,
-8.550658297106E-1));
#2723=CARTESIAN_POINT('',(-2.476792311231E0,-9.582844152676E0,
-8.556706681124E-1));
#2724=CARTESIAN_POINT('',(-2.488628319069E0,-9.559192459880E0,
-8.552044435567E-1));
#2725=CARTESIAN_POINT('',(-2.489701340253E0,-9.557047713907E0,
-8.551554552299E-1));
#2726=CARTESIAN_POINT('',(-2.230270525245E0,-9.916324936335E0,
-5.979469876537E-1));
#2727=CARTESIAN_POINT('',(-2.230295286459E0,-9.916503027283E0,
-6.003055147219E-1));
#2728=CARTESIAN_POINT('',(-2.230245865762E0,-9.916163720957E0,
-6.064811739826E-1));
#2729=CARTESIAN_POINT('',(-2.229696887383E0,-9.912041155657E0,
-6.171716685932E-1));
#2730=CARTESIAN_POINT('',(-2.228806111257E0,-9.901537345594E0,
-6.316695393355E-1));
#2731=CARTESIAN_POINT('',(-2.228612736403E0,-9.883880245304E0,
-6.496659881319E-1));
#2732=CARTESIAN_POINT('',(-2.230387366509E0,-9.858974505998E0,
-6.706406327404E-1));
#2733=CARTESIAN_POINT('',(-2.234752013962E0,-9.829035485931E0,
-6.924505939598E-1));
#2734=CARTESIAN_POINT('',(-2.241512005171E0,-9.795998617766E0,
-7.138238964021E-1));
#2735=CARTESIAN_POINT('',(-2.250495044935E0,-9.760389963009E0,
-7.345254924550E-1));
#2736=CARTESIAN_POINT('',(-2.261822029628E0,-9.721886770230E0,
-7.546344576549E-1));
#2737=CARTESIAN_POINT('',(-2.274942886491E0,-9.682213092932E0,
-7.732307823682E-1));
#2738=CARTESIAN_POINT('',(-2.289094246431E0,-9.643088543724E0,
-7.897174718707E-1));
#2739=CARTESIAN_POINT('',(-2.304330828835E0,-9.603832085923E0,
-8.046086470706E-1));
#2740=CARTESIAN_POINT('',(-2.321972868807E0,-9.561088282378E0,
-8.190824665890E-1));
#2741=CARTESIAN_POINT('',(-2.344562956644E0,-9.509610528500E0,
-8.341938770810E-1));
#2742=CARTESIAN_POINT('',(-2.363479163389E0,-9.469304166941E0,
-8.437947703299E-1));
#2743=CARTESIAN_POINT('',(-2.375012691701E0,-9.445634411959E0,
-8.485972677963E-1));
#2744=CARTESIAN_POINT('',(-2.376062734427E0,-9.443486442043E0,
-8.490262208658E-1));
#2745=CARTESIAN_POINT('',(-2.116564497891E0,-9.802668939109E0,
-5.979458584153E-1));
#2746=CARTESIAN_POINT('',(-2.116645323722E0,-9.802792278166E0,
-6.003077295133E-1));
#2747=CARTESIAN_POINT('',(-2.116487898638E0,-9.802554563300E0,
-6.064603744111E-1));
#2748=CARTESIAN_POINT('',(-2.114655095569E0,-9.799722717927E0,
-6.174605352958E-1));
#2749=CARTESIAN_POINT('',(-2.110948895877E0,-9.792162741054E0,
-6.339024981742E-1));
#2750=CARTESIAN_POINT('',(-2.107181488341E0,-9.778625296365E0,
-6.564655747473E-1));
#2751=CARTESIAN_POINT('',(-2.105723759611E0,-9.758282315689E0,
-6.848467606228E-1));
#2752=CARTESIAN_POINT('',(-2.108157135691E0,-9.732555997491E0,
-7.158961850650E-1));
#2753=CARTESIAN_POINT('',(-2.114472356654E0,-9.703142174092E0,
-7.473438395114E-1));
#2754=CARTESIAN_POINT('',(-2.124435241376E0,-9.670609582040E0,
-7.785500671502E-1));
#2755=CARTESIAN_POINT('',(-2.138197441649E0,-9.634706188171E0,
-8.094836920808E-1));
#2756=CARTESIAN_POINT('',(-2.155052994234E0,-9.597111875064E0,
-8.386016617589E-1));
#2757=CARTESIAN_POINT('',(-2.173904695230E0,-9.559574660636E0,
-8.648280534319E-1));
#2758=CARTESIAN_POINT('',(-2.194723268453E0,-9.521540054430E0,
-8.888696801597E-1));
#2759=CARTESIAN_POINT('',(-2.219317018032E0,-9.479771144398E0,
-9.126068552411E-1));
#2760=CARTESIAN_POINT('',(-2.251391092366E0,-9.429034145230E0,
-9.378886021920E-1));
#2761=CARTESIAN_POINT('',(-2.278746321876E0,-9.388930305372E0,
-9.544543769381E-1));
#2762=CARTESIAN_POINT('',(-2.295586416998E0,-9.365247764342E0,
-9.629525779299E-1));
#2763=CARTESIAN_POINT('',(-2.297120839681E0,-9.363097512228E0,
-9.637136501574E-1));
#2764=CARTESIAN_POINT('',(-1.956009904167E0,-9.810229620077E0,
-5.944656037142E-1));
#2765=CARTESIAN_POINT('',(-1.956004683779E0,-9.810356601367E0,
-6.008209615119E-1));
#2766=CARTESIAN_POINT('',(-1.956010102505E0,-9.810112128383E0,
-6.175028720168E-1));
#2767=CARTESIAN_POINT('',(-1.956178258882E0,-9.807194421095E0,
-6.459316459889E-1));
#2768=CARTESIAN_POINT('',(-1.957391369591E0,-9.799438613081E0,
-6.825281949915E-1));
#2769=CARTESIAN_POINT('',(-1.961459053387E0,-9.785627118606E0,
-7.251911130724E-1));
#2770=CARTESIAN_POINT('',(-1.970394651062E0,-9.764980611823E0,
-7.722380989604E-1));
#2771=CARTESIAN_POINT('',(-1.984643487336E0,-9.738974054170E0,
-8.191839765398E-1));
#2772=CARTESIAN_POINT('',(-2.003442560673E0,-9.709319216779E0,
-8.638804160856E-1));
#2773=CARTESIAN_POINT('',(-2.026406748012E0,-9.676581997349E0,
-9.062131473872E-1));
#2774=CARTESIAN_POINT('',(-2.053822550036E0,-9.640505658359E0,
-9.465369581520E-1));
#2775=CARTESIAN_POINT('',(-2.084406888387E0,-9.602773020749E0,
-9.831710839948E-1));
#2776=CARTESIAN_POINT('',(-2.116530024778E0,-9.565130212845E0,
-1.015120708668E0));
#2777=CARTESIAN_POINT('',(-2.150447358848E0,-9.527014326017E0,
-1.043524714269E0));
#2778=CARTESIAN_POINT('',(-2.189092151588E0,-9.485180563633E0,
-1.070658370509E0));
#2779=CARTESIAN_POINT('',(-2.237827630591E0,-9.434394287610E0,
-1.098346682717E0));
#2780=CARTESIAN_POINT('',(-2.277998419459E0,-9.394276975502E0,
-1.115292008158E0));
#2781=CARTESIAN_POINT('',(-2.302284299735E0,-9.370595285033E0,
-1.123496368390E0));
#2782=CARTESIAN_POINT('',(-2.304493737155E0,-9.368445184736E0,
-1.124226573335E0));
#2783=(BOUNDED_SURFACE()B_SPLINE_SURFACE(3,3,((#2707,#2708,#2709,#2710,#2711,
#2712,#2713,#2714,#2715,#2716,#2717,#2718,#2719,#2720,#2721,#2722,#2723,#2724,
#2725),(#2726,#2727,#2728,#2729,#2730,#2731,#2732,#2733,#2734,#2735,#2736,#2737,
#2738,#2739,#2740,#2741,#2742,#2743,#2744),(#2745,#2746,#2747,#2748,#2749,#2750,
#2751,#2752,#2753,#2754,#2755,#2756,#2757,#2758,#2759,#2760,#2761,#2762,#2763),(
#2764,#2765,#2766,#2767,#2768,#2769,#2770,#2771,#2772,#2773,#2774,#2775,#2776,
#2777,#2778,#2779,#2780,#2781,#2782)),.UNSPECIFIED.,.F.,.F.,.F.)B_SPLINE_SURFACE_WITH_KNOTS((4,4),(4,1,1,1,1,1,1,1,1,1,1,1,1,1,1,1,4),(0.E0,1.E0),(
1.663898751687E-2,4.840657617742E-2,1.001402035186E-1,1.571554852926E-1,
2.214727288499E-1,2.923504848780E-1,3.635261003262E-1,4.288565173765E-1,
4.964026218398E-1,5.665449125366E-1,6.354420678088E-1,6.997597069845E-1,
7.604800375751E-1,8.252533087149E-1,9.023199295144E-1,1.E0,1.009740487876E0),
.UNSPECIFIED.)GEOMETRIC_REPRESENTATION_ITEM()RATIONAL_B_SPLINE_SURFACE(((
1.195412376555E0,1.195412376555E0,1.195412376555E0,1.195412376555E0,
1.195412376555E0,1.195412376555E0,1.195412376555E0,1.195412376555E0,
1.195412376555E0,1.195412376555E0,1.195412376555E0,1.195412376555E0,
1.195412376555E0,1.195412376555E0,1.195412376555E0,1.195412376555E0,
1.195412376555E0,1.195412376555E0,1.195412376555E0),(9.348625411483E-1,
9.348625411483E-1,9.348625411483E-1,9.348625411483E-1,9.348625411483E-1,
9.348625411483E-1,9.348625411483E-1,9.348625411483E-1,9.348625411483E-1,
9.348625411483E-1,9.348625411483E-1,9.348625411483E-1,9.348625411483E-1,
9.348625411483E-1,9.348625411483E-1,9.348625411483E-1,9.348625411483E-1,
9.348625411483E-1,9.348625411483E-1),(9.348625411483E-1,9.348625411483E-1,
9.348625411483E-1,9.348625411483E-1,9.348625411483E-1,9.348625411483E-1,
9.348625411483E-1,9.348625411483E-1,9.348625411483E-1,9.348625411483E-1,
9.348625411483E-1,9.348625411483E-1,9.348625411483E-1,9.348625411483E-1,
9.348625411483E-1,9.348625411483E-1,9.348625411483E-1,9.348625411483E-1,
9.348625411483E-1),(1.195412376555E0,1.195412376555E0,1.195412376555E0,
1.195412376555E0,1.195412376555E0,1.195412376555E0,1.195412376555E0,
1.195412376555E0,1.195412376555E0,1.195412376555E0,1.195412376555E0,
1.195412376555E0,1.195412376555E0,1.195412376555E0,1.195412376555E0,
1.195412376555E0,1.195412376555E0,1.195412376555E0,1.195412376555E0)))REPRESENTATION_ITEM('')SURFACE());
#2785=ORIENTED_EDGE('',*,*,#2784,.F.);
#2786=ORIENTED_EDGE('',*,*,#2701,.T.);
#2787=ORIENTED_EDGE('',*,*,#2590,.T.);
#2788=EDGE_LOOP('',(#2785,#2786,#2787));
#2789=FACE_OUTER_BOUND('',#2788,.F.);
#2791=CARTESIAN_POINT('',(-2.478E0,-9.555E0,-6.E-1));
#2792=DIRECTION('',(0.E0,-1.E0,0.E0));
#2793=DIRECTION('',(-1.E0,0.E0,0.E0));
#2794=AXIS2_PLACEMENT_3D('',#2791,#2792,#2793);
#2795=CYLINDRICAL_SURFACE('',#2794,2.55E-1);
#2796=ORIENTED_EDGE('',*,*,#2603,.F.);
#2797=ORIENTED_EDGE('',*,*,#2622,.T.);
#2799=ORIENTED_EDGE('',*,*,#2798,.T.);
#2800=ORIENTED_EDGE('',*,*,#2618,.F.);
#2801=ORIENTED_EDGE('',*,*,#2784,.T.);
#2802=EDGE_LOOP('',(#2796,#2797,#2799,#2800,#2801));
#2803=FACE_OUTER_BOUND('',#2802,.F.);
#2805=CARTESIAN_POINT('',(-2.478E0,-1.7155E1,-6.E-1));
#2806=DIRECTION('',(0.E0,-1.E0,0.E0));
#2807=DIRECTION('',(-1.E0,0.E0,0.E0));
#2808=AXIS2_PLACEMENT_3D('',#2805,#2806,#2807);
#2809=PLANE('',#2808);
#2810=ORIENTED_EDGE('',*,*,#2798,.F.);
#2811=ORIENTED_EDGE('',*,*,#2620,.F.);
#2812=EDGE_LOOP('',(#2810,#2811));
#2813=FACE_OUTER_BOUND('',#2812,.F.);
#2815=CARTESIAN_POINT('',(0.E0,0.E0,-3.5E-1));
#2816=DIRECTION('',(0.E0,0.E0,1.E0));
#2817=DIRECTION('',(9.999892069027E-1,4.646082025705E-3,0.E0));
#2818=AXIS2_PLACEMENT_3D('',#2815,#2816,#2817);
#2819=TOROIDAL_SURFACE('',#2818,4.45E0,2.5E-1);
#2821=ORIENTED_EDGE('',*,*,#2820,.F.);
#2823=ORIENTED_EDGE('',*,*,#2822,.F.);
#2824=ORIENTED_EDGE('',*,*,#1865,.T.);
#2825=ORIENTED_EDGE('',*,*,#1629,.T.);
#2826=ORIENTED_EDGE('',*,*,#1869,.T.);
#2828=ORIENTED_EDGE('',*,*,#2827,.F.);
#2829=EDGE_LOOP('',(#2821,#2823,#2824,#2825,#2826,#2828));
#2830=FACE_OUTER_BOUND('',#2829,.F.);
#2832=CARTESIAN_POINT('',(0.E0,0.E0,-6.E-1));
#2833=DIRECTION('',(0.E0,0.E0,1.E0));
#2834=DIRECTION('',(1.E0,0.E0,0.E0));
#2835=AXIS2_PLACEMENT_3D('',#2832,#2833,#2834);
#2836=CYLINDRICAL_SURFACE('',#2835,4.7E0);
#2837=ORIENTED_EDGE('',*,*,#2820,.T.);
#2839=ORIENTED_EDGE('',*,*,#2838,.T.);
#2841=ORIENTED_EDGE('',*,*,#2840,.T.);
#2843=ORIENTED_EDGE('',*,*,#2842,.F.);
#2844=EDGE_LOOP('',(#2837,#2839,#2841,#2843));
#2845=FACE_OUTER_BOUND('',#2844,.F.);
#2847=CARTESIAN_POINT('',(0.E0,0.E0,-6.E-1));
#2848=DIRECTION('',(0.E0,0.E0,1.E0));
#2849=DIRECTION('',(1.E0,0.E0,0.E0));
#2850=AXIS2_PLACEMENT_3D('',#2847,#2848,#2849);
#2851=CYLINDRICAL_SURFACE('',#2850,4.7E0);
#2852=ORIENTED_EDGE('',*,*,#2822,.T.);
#2853=ORIENTED_EDGE('',*,*,#2842,.T.);
#2855=ORIENTED_EDGE('',*,*,#2854,.T.);
#2857=ORIENTED_EDGE('',*,*,#2856,.F.);
#2859=ORIENTED_EDGE('',*,*,#2858,.T.);
#2860=ORIENTED_EDGE('',*,*,#2838,.F.);
#2861=ORIENTED_EDGE('',*,*,#2827,.T.);
#2862=ORIENTED_EDGE('',*,*,#1867,.F.);
#2863=EDGE_LOOP('',(#2852,#2853,#2855,#2857,#2859,#2860,#2861,#2862));
#2864=FACE_OUTER_BOUND('',#2863,.F.);
#2866=CARTESIAN_POINT('',(0.E0,0.E0,3.5E-1));
#2867=DIRECTION('',(0.E0,0.E0,1.E0));
#2868=DIRECTION('',(-1.485959642860E-3,9.999988959614E-1,0.E0));
#2869=AXIS2_PLACEMENT_3D('',#2866,#2867,#2868);
#2870=TOROIDAL_SURFACE('',#2869,4.45E0,2.5E-1);
#2872=ORIENTED_EDGE('',*,*,#2871,.T.);
#2874=ORIENTED_EDGE('',*,*,#2873,.T.);
#2875=ORIENTED_EDGE('',*,*,#2854,.F.);
#2876=ORIENTED_EDGE('',*,*,#2840,.F.);
#2877=ORIENTED_EDGE('',*,*,#2858,.F.);
#2879=ORIENTED_EDGE('',*,*,#2878,.T.);
#2880=EDGE_LOOP('',(#2872,#2874,#2875,#2876,#2877,#2879));
#2881=FACE_OUTER_BOUND('',#2880,.F.);
#2883=CARTESIAN_POINT('',(0.E0,0.E0,6.E-1));
#2884=DIRECTION('',(0.E0,0.E0,1.E0));
#2885=DIRECTION('',(1.E0,0.E0,0.E0));
#2886=AXIS2_PLACEMENT_3D('',#2883,#2884,#2885);
#2887=PLANE('',#2886);
#2889=ORIENTED_EDGE('',*,*,#2888,.F.);
#2891=ORIENTED_EDGE('',*,*,#2890,.F.);
#2893=ORIENTED_EDGE('',*,*,#2892,.F.);
#2894=ORIENTED_EDGE('',*,*,#2871,.F.);
#2896=ORIENTED_EDGE('',*,*,#2895,.F.);
#2898=ORIENTED_EDGE('',*,*,#2897,.F.);
#2900=ORIENTED_EDGE('',*,*,#2899,.T.);
#2902=ORIENTED_EDGE('',*,*,#2901,.T.);
#2903=EDGE_LOOP('',(#2889,#2891,#2893,#2894,#2896,#2898,#2900,#2902));
#2904=FACE_OUTER_BOUND('',#2903,.F.);
#2906=CARTESIAN_POINT('',(2.478E0,-1.378E0,6.E-1));
#2907=DIRECTION('',(0.E0,1.E0,0.E0));
#2908=DIRECTION('',(0.E0,0.E0,1.E0));
#2909=AXIS2_PLACEMENT_3D('',#2906,#2907,#2908);
#2910=CYLINDRICAL_SURFACE('',#2909,9.5E-1);
#2911=ORIENTED_EDGE('',*,*,#2888,.T.);
#2913=ORIENTED_EDGE('',*,*,#2912,.T.);
#2915=ORIENTED_EDGE('',*,*,#2914,.F.);
#2917=ORIENTED_EDGE('',*,*,#2916,.T.);
#2919=ORIENTED_EDGE('',*,*,#2918,.F.);
#2920=EDGE_LOOP('',(#2911,#2913,#2915,#2917,#2919));
#2921=FACE_OUTER_BOUND('',#2920,.F.);
#2923=CARTESIAN_POINT('',(2.002556749039E0,-1.020831255584E0,
5.998676411102E-1));
#2924=CARTESIAN_POINT('',(2.002889855021E0,-1.032618543705E0,
5.996266818919E-1));
#2925=CARTESIAN_POINT('',(2.001847773486E0,-1.057300254538E0,
6.003729117229E-1));
#2926=CARTESIAN_POINT('',(1.994721476151E0,-1.095471360765E0,
6.055857030363E-1));
#2927=CARTESIAN_POINT('',(1.981411224573E0,-1.135944073033E0,
6.158962327579E-1));
#2928=CARTESIAN_POINT('',(1.962125756578E0,-1.178258791091E0,
6.324742669287E-1));
#2929=CARTESIAN_POINT('',(1.938963885847E0,-1.220566159382E0,
6.560560974637E-1));
#2930=CARTESIAN_POINT('',(1.916528600650E0,-1.259503404303E0,
6.857063734542E-1));
#2931=CARTESIAN_POINT('',(1.899617846821E0,-1.292258319702E0,
7.187519513247E-1));
#2932=CARTESIAN_POINT('',(1.890437010381E0,-1.318186149704E0,
7.525681637061E-1));
#2933=CARTESIAN_POINT('',(1.889138447957E0,-1.338321580556E0,
7.862329540677E-1));
#2934=CARTESIAN_POINT('',(1.895805814829E0,-1.353896064985E0,
8.200769224715E-1));
#2935=CARTESIAN_POINT('',(1.911287365121E0,-1.365668509757E0,
8.547417574338E-1));
#2936=CARTESIAN_POINT('',(1.937279095994E0,-1.373789841632E0,
8.904672385784E-1));
#2937=CARTESIAN_POINT('',(1.970267828261E0,-1.377494259881E0,
9.215578452766E-1));
#2938=CARTESIAN_POINT('',(1.995735785582E0,-1.378199809802E0,
9.399947692712E-1));
#2939=CARTESIAN_POINT('',(2.006348987882E0,-1.378265869651E0,
9.469842996746E-1));
#2940=CARTESIAN_POINT('',(1.786355461061E0,-1.024079226682E0,
6.072207510636E-1));
#2941=CARTESIAN_POINT('',(1.786616552789E0,-1.030536682498E0,
6.071881888355E-1));
#2942=CARTESIAN_POINT('',(1.785810347263E0,-1.043913883985E0,
6.072724022350E-1));
#2943=CARTESIAN_POINT('',(1.780159703029E0,-1.066396460716E0,
6.081336786397E-1));
#2944=CARTESIAN_POINT('',(1.768987394243E0,-1.094519677135E0,
6.110738414684E-1));
#2945=CARTESIAN_POINT('',(1.751525556903E0,-1.130376957904E0,
6.187345428091E-1));
#2946=CARTESIAN_POINT('',(1.728767133396E0,-1.173830831545E0,
6.347020559882E-1));
#2947=CARTESIAN_POINT('',(1.704905962530E0,-1.220984235910E0,
6.616627087657E-1));
#2948=CARTESIAN_POINT('',(1.685578690124E0,-1.265965721324E0,
6.992171415741E-1));
#2949=CARTESIAN_POINT('',(1.674390131512E0,-1.304628271369E0,
7.445407769837E-1));
#2950=CARTESIAN_POINT('',(1.672634989846E0,-1.335759499940E0,
7.955125245427E-1));
#2951=CARTESIAN_POINT('',(1.681332188151E0,-1.359228923136E0,
8.514836868657E-1));
#2952=CARTESIAN_POINT('',(1.702255415145E0,-1.374628917082E0,
9.121789517707E-1));
#2953=CARTESIAN_POINT('',(1.738002641341E0,-1.380907805530E0,
9.763715330283E-1));
#2954=CARTESIAN_POINT('',(1.783503140380E0,-1.377723245649E0,1.031881856771E0));
#2955=CARTESIAN_POINT('',(1.818403370624E0,-1.371997578359E0,1.063972643889E0));
#2956=CARTESIAN_POINT('',(1.832904550369E0,-1.369320600746E0,1.075998041556E0));
#2957=CARTESIAN_POINT('',(1.633387547289E0,-1.023215984180E0,
4.542250145300E-1));
#2958=CARTESIAN_POINT('',(1.633597687099E0,-1.031100660919E0,
4.542361311502E-1));
#2959=CARTESIAN_POINT('',(1.632958369852E0,-1.047360687961E0,
4.541728921003E-1));
#2960=CARTESIAN_POINT('',(1.628351787745E0,-1.075616188141E0,
4.542041482418E-1));
#2961=CARTESIAN_POINT('',(1.618692127897E0,-1.112999725325E0,
4.564085697417E-1));
#2962=CARTESIAN_POINT('',(1.602520555659E0,-1.163267235885E0,
4.650352958451E-1));
#2963=CARTESIAN_POINT('',(1.580047581331E0,-1.226698860819E0,
4.860916329779E-1));
#2964=CARTESIAN_POINT('',(1.555177560063E0,-1.297484949394E0,
5.244941377354E-1));
#2965=CARTESIAN_POINT('',(1.534140539261E0,-1.366240665534E0,
5.803000839793E-1));
#2966=CARTESIAN_POINT('',(1.521531466115E0,-1.425961489504E0,
6.493511633592E-1));
#2967=CARTESIAN_POINT('',(1.519453283014E0,-1.474256813176E0,
7.282307485422E-1));
#2968=CARTESIAN_POINT('',(1.529586638719E0,-1.510555411649E0,
8.157222307155E-1));
#2969=CARTESIAN_POINT('',(1.554359990475E0,-1.533938322792E0,
9.111687477447E-1));
#2970=CARTESIAN_POINT('',(1.597009477899E0,-1.542541084021E0,1.012377533723E0));
#2971=CARTESIAN_POINT('',(1.651362370365E0,-1.535985177846E0,1.099842252738E0));
#2972=CARTESIAN_POINT('',(1.692936173764E0,-1.525866989932E0,1.150276181088E0));
#2973=CARTESIAN_POINT('',(1.710188196504E0,-1.521210273977E0,1.169152709045E0));
#2974=CARTESIAN_POINT('',(1.640801585528E0,-1.018789765803E0,
2.380466793058E-1));
#2975=CARTESIAN_POINT('',(1.641014194872E0,-1.033952301228E0,
2.379090165798E-1));
#2976=CARTESIAN_POINT('',(1.640366788895E0,-1.065451631550E0,
2.383065348176E-1));
#2977=CARTESIAN_POINT('',(1.635709603258E0,-1.117275175171E0,
2.415564039164E-1));
#2978=CARTESIAN_POINT('',(1.625976628446E0,-1.179647701394E0,
2.501269725040E-1));
#2979=CARTESIAN_POINT('',(1.609742519728E0,-1.256041298516E0,
2.689895671253E-1));
#2980=CARTESIAN_POINT('',(1.587255710269E0,-1.345594226399E0,
3.046060021473E-1));
#2981=CARTESIAN_POINT('',(1.562434585893E0,-1.440420613884E0,
3.613152144326E-1));
#2982=CARTESIAN_POINT('',(1.541480433057E0,-1.529399416447E0,
4.375239568149E-1));
#2983=CARTESIAN_POINT('',(1.528940209311E0,-1.605128143508E0,
5.274534099506E-1));
#2984=CARTESIAN_POINT('',(1.526877683360E0,-1.665855093696E0,
6.271176907542E-1));
#2985=CARTESIAN_POINT('',(1.536941431488E0,-1.711769407476E0,
7.355043405620E-1));
#2986=CARTESIAN_POINT('',(1.561528175664E0,-1.742420723280E0,
8.523527170552E-1));
#2987=CARTESIAN_POINT('',(1.603843124769E0,-1.756037802315E0,
9.756181460299E-1));
#2988=CARTESIAN_POINT('',(1.657766960044E0,-1.751769294089E0,1.082277982911E0));
#2989=CARTESIAN_POINT('',(1.699017309162E0,-1.742086933386E0,1.144094762799E0));
#2990=CARTESIAN_POINT('',(1.716136004234E0,-1.737471092631E0,1.167286591430E0));
#2991=(BOUNDED_SURFACE()B_SPLINE_SURFACE(3,3,((#2923,#2924,#2925,#2926,#2927,
#2928,#2929,#2930,#2931,#2932,#2933,#2934,#2935,#2936,#2937,#2938,#2939),(#2940,
#2941,#2942,#2943,#2944,#2945,#2946,#2947,#2948,#2949,#2950,#2951,#2952,#2953,
#2954,#2955,#2956),(#2957,#2958,#2959,#2960,#2961,#2962,#2963,#2964,#2965,#2966,
#2967,#2968,#2969,#2970,#2971,#2972,#2973),(#2974,#2975,#2976,#2977,#2978,#2979,
#2980,#2981,#2982,#2983,#2984,#2985,#2986,#2987,#2988,#2989,#2990)),
.UNSPECIFIED.,.F.,.F.,.F.)B_SPLINE_SURFACE_WITH_KNOTS((4,4),(4,1,1,1,1,1,1,1,1,
1,1,1,1,1,4),(0.E0,1.E0),(3.604079395291E-1,3.686881199490E-1,3.776923897861E-1,
3.878049051915E-1,3.994279355369E-1,4.126998975102E-1,4.268734274152E-1,
4.404220048438E-1,4.527761224704E-1,4.644358440435E-1,4.758508924586E-1,
4.874653087624E-1,4.999393500258E-1,5.134180038779E-1,5.221455694577E-1),
.UNSPECIFIED.)GEOMETRIC_REPRESENTATION_ITEM()RATIONAL_B_SPLINE_SURFACE(((
1.188739503031E0,1.188739503031E0,1.188739503031E0,1.188739503031E0,
1.188739503031E0,1.188739503031E0,1.188739503031E0,1.188739503031E0,
1.188739503031E0,1.188739503031E0,1.188739503031E0,1.188739503031E0,
1.188739503031E0,1.188739503031E0,1.188739503031E0,1.188739503031E0,
1.188739503031E0),(9.370868323229E-1,9.370868323229E-1,9.370868323229E-1,
9.370868323229E-1,9.370868323229E-1,9.370868323229E-1,9.370868323229E-1,
9.370868323229E-1,9.370868323229E-1,9.370868323229E-1,9.370868323229E-1,
9.370868323229E-1,9.370868323229E-1,9.370868323229E-1,9.370868323229E-1,
9.370868323229E-1,9.370868323229E-1),(9.370868323229E-1,9.370868323229E-1,
9.370868323229E-1,9.370868323229E-1,9.370868323229E-1,9.370868323229E-1,
9.370868323229E-1,9.370868323229E-1,9.370868323229E-1,9.370868323229E-1,
9.370868323229E-1,9.370868323229E-1,9.370868323229E-1,9.370868323229E-1,
9.370868323229E-1,9.370868323229E-1,9.370868323229E-1),(1.188739503031E0,
1.188739503031E0,1.188739503031E0,1.188739503031E0,1.188739503031E0,
1.188739503031E0,1.188739503031E0,1.188739503031E0,1.188739503031E0,
1.188739503031E0,1.188739503031E0,1.188739503031E0,1.188739503031E0,
1.188739503031E0,1.188739503031E0,1.188739503031E0,1.188739503031E0)))REPRESENTATION_ITEM('')SURFACE());
#2993=ORIENTED_EDGE('',*,*,#2992,.F.);
#2995=ORIENTED_EDGE('',*,*,#2994,.F.);
#2996=ORIENTED_EDGE('',*,*,#2912,.F.);
#2997=ORIENTED_EDGE('',*,*,#2901,.F.);
#2998=EDGE_LOOP('',(#2993,#2995,#2996,#2997));
#2999=FACE_OUTER_BOUND('',#2998,.F.);
#3001=CARTESIAN_POINT('',(1.695384E1,-1.028E0,9.5E-1));
#3002=DIRECTION('',(-1.E0,0.E0,0.E0));
#3003=DIRECTION('',(0.E0,0.E0,-1.E0));
#3004=AXIS2_PLACEMENT_3D('',#3001,#3002,#3003);
#3005=CYLINDRICAL_SURFACE('',#3004,3.5E-1);
#3006=ORIENTED_EDGE('',*,*,#2899,.F.);
#3008=ORIENTED_EDGE('',*,*,#3007,.T.);
#3010=ORIENTED_EDGE('',*,*,#3009,.T.);
#3011=ORIENTED_EDGE('',*,*,#2992,.T.);
#3012=EDGE_LOOP('',(#3006,#3008,#3010,#3011));
#3013=FACE_OUTER_BOUND('',#3012,.F.);
#3015=CARTESIAN_POINT('',(2.953648081034E0,-1.377721168755E0,
9.661593240219E-1));
#3016=CARTESIAN_POINT('',(2.957098880037E0,-1.377723176443E0,
9.649215948237E-1));
#3017=CARTESIAN_POINT('',(2.975665965310E0,-1.377824817728E0,
9.583042563970E-1));
#3018=CARTESIAN_POINT('',(3.010281992764E0,-1.379016954337E0,
9.464515300861E-1));
#3019=CARTESIAN_POINT('',(3.058033722070E0,-1.383705333119E0,
9.315132116838E-1));
#3020=CARTESIAN_POINT('',(3.109598462427E0,-1.393368000472E0,
9.172024633648E-1));
#3021=CARTESIAN_POINT('',(3.163745106449E0,-1.410131194661E0,
9.042043539040E-1));
#3022=CARTESIAN_POINT('',(3.217185970376E0,-1.435414940805E0,
8.932483881634E-1));
#3023=CARTESIAN_POINT('',(3.266043632593E0,-1.468859961361E0,
8.846260410016E-1));
#3024=CARTESIAN_POINT('',(3.307836915754E0,-1.508952513479E0,
8.781416166457E-1));
#3025=CARTESIAN_POINT('',(3.341656607779E0,-1.554398679842E0,
8.734157924302E-1));
#3026=CARTESIAN_POINT('',(3.367055739139E0,-1.604138682246E0,
8.701402409491E-1));
#3027=CARTESIAN_POINT('',(3.383602229556E0,-1.656928979500E0,
8.681222234773E-1));
#3028=CARTESIAN_POINT('',(3.391008204477E0,-1.711429321533E0,
8.672469399188E-1));
#3029=CARTESIAN_POINT('',(3.389170431557E0,-1.766358556998E0,
8.674625758405E-1));
#3030=CARTESIAN_POINT('',(3.378078413247E0,-1.820479839585E0,
8.687860929053E-1));
#3031=CARTESIAN_POINT('',(3.357809266860E0,-1.872512987523E0,
8.713065214255E-1));
#3032=CARTESIAN_POINT('',(3.328601310858E0,-1.921135996901E0,
8.751869971373E-1));
#3033=CARTESIAN_POINT('',(3.290881155199E0,-1.965003284510E0,
8.806780800425E-1));
#3034=CARTESIAN_POINT('',(3.245869066489E0,-2.002348076745E0,
8.880421011678E-1));
#3035=CARTESIAN_POINT('',(3.207745093132E0,-2.024756130744E0,
8.952040417165E-1));
#3036=CARTESIAN_POINT('',(3.185633027813E0,-2.035094484614E0,
8.997973127978E-1));
#3037=CARTESIAN_POINT('',(3.181373451049E0,-2.036995872951E0,
9.006987736151E-1));
#3038=CARTESIAN_POINT('',(2.953807744301E0,-1.387708656715E0,
7.500402627050E-1));
#3039=CARTESIAN_POINT('',(2.957200534243E0,-1.386946400726E0,
7.487671294821E-1));
#3040=CARTESIAN_POINT('',(2.975506203110E0,-1.382959581449E0,
7.419827277328E-1));
#3041=CARTESIAN_POINT('',(3.010189145312E0,-1.376811573351E0,
7.300457903059E-1));
#3042=CARTESIAN_POINT('',(3.059508298321E0,-1.372353141370E0,
7.154016915568E-1));
#3043=CARTESIAN_POINT('',(3.114580644943E0,-1.373664383811E0,
7.017475592880E-1));
#3044=CARTESIAN_POINT('',(3.174386542068E0,-1.383792610478E0,
6.896695156031E-1));
#3045=CARTESIAN_POINT('',(3.235216301456E0,-1.405150765490E0,
6.797320530966E-1));
#3046=CARTESIAN_POINT('',(3.292167193124E0,-1.437795909226E0,
6.720664863748E-1));
#3047=CARTESIAN_POINT('',(3.341739492266E0,-1.479949053028E0,
6.663911798094E-1));
#3048=CARTESIAN_POINT('',(3.382356018777E0,-1.529807443829E0,
6.623038916295E-1));
#3049=CARTESIAN_POINT('',(3.413123720533E0,-1.585792096533E0,
6.594953513499E-1));
#3050=CARTESIAN_POINT('',(3.433279670741E0,-1.646116878961E0,
6.577750943309E-1));
#3051=CARTESIAN_POINT('',(3.442328262872E0,-1.708879562446E0,
6.570313486972E-1));
#3052=CARTESIAN_POINT('',(3.440081363565E0,-1.772244421701E0,
6.572144444982E-1));
#3053=CARTESIAN_POINT('',(3.426541380970E0,-1.834427221364E0,
6.583401570524E-1));
#3054=CARTESIAN_POINT('',(3.401897544045E0,-1.893586470281E0,
6.604929912908E-1));
#3055=CARTESIAN_POINT('',(3.366625785213E0,-1.947826111795E0,
6.638307939017E-1));
#3056=CARTESIAN_POINT('',(3.321537061946E0,-1.995222051037E0,
6.686015114075E-1));
#3057=CARTESIAN_POINT('',(3.268512214647E0,-2.033438046994E0,
6.750877362437E-1));
#3058=CARTESIAN_POINT('',(3.224489376704E0,-2.054255089042E0,
6.815055676321E-1));
#3059=CARTESIAN_POINT('',(3.199377970733E0,-2.062919127952E0,
6.856842477196E-1));
#3060=CARTESIAN_POINT('',(3.194556650838E0,-2.064471949606E0,
6.865067471520E-1));
#3061=CARTESIAN_POINT('',(2.951391716986E0,-1.236577716450E0,
5.952473951768E-1));
#3062=CARTESIAN_POINT('',(2.955468485383E0,-1.235256450780E0,
5.945093268506E-1));
#3063=CARTESIAN_POINT('',(2.977593760740E0,-1.228320304733E0,
5.906007350243E-1));
#3064=CARTESIAN_POINT('',(3.020813227105E0,-1.217333991904E0,
5.839615856792E-1));
#3065=CARTESIAN_POINT('',(3.084975707004E0,-1.208295167409E0,
5.762676592017E-1));
#3066=CARTESIAN_POINT('',(3.159319642250E0,-1.207858846722E0,
5.695274723311E-1));
#3067=CARTESIAN_POINT('',(3.242494854160E0,-1.220708938830E0,
5.639500949471E-1));
#3068=CARTESIAN_POINT('',(3.328985874164E0,-1.250628169932E0,
5.596578035758E-1));
#3069=CARTESIAN_POINT('',(3.411186110360E0,-1.297816100965E0,
5.565409172697E-1));
#3070=CARTESIAN_POINT('',(3.483441549560E0,-1.359614678931E0,
5.543475688025E-1));
#3071=CARTESIAN_POINT('',(3.543025421225E0,-1.433263064299E0,
5.528312593920E-1));
#3072=CARTESIAN_POINT('',(3.588350927202E0,-1.516322499773E0,
5.518213823825E-1));
#3073=CARTESIAN_POINT('',(3.618121028997E0,-1.606046824370E0,
5.512161076533E-1));
#3074=CARTESIAN_POINT('',(3.631503905058E0,-1.699515830691E0,
5.509575985467E-1));
#3075=CARTESIAN_POINT('',(3.628179731402E0,-1.793907972760E0,
5.510210592483E-1));
#3076=CARTESIAN_POINT('',(3.608162228846E0,-1.886478499644E0,
5.514137918876E-1));
#3077=CARTESIAN_POINT('',(3.571795431683E0,-1.974395603535E0,
5.521769876479E-1));
#3078=CARTESIAN_POINT('',(3.519912035334E0,-2.054744656858E0,
5.533911762398E-1));
#3079=CARTESIAN_POINT('',(3.453924359081E0,-2.124569061063E0,
5.551893134323E-1));
#3080=CARTESIAN_POINT('',(3.376925869828E0,-2.180316172759E0,
5.577492936749E-1));
#3081=CARTESIAN_POINT('',(3.313747352478E0,-2.210103845180E0,
5.604234194530E-1));
#3082=CARTESIAN_POINT('',(3.278106293016E0,-2.222217777071E0,
5.622438431837E-1));
#3083=CARTESIAN_POINT('',(3.271279197376E0,-2.224375320101E0,
5.626051599604E-1));
#3084=CARTESIAN_POINT('',(2.947934387556E0,-1.020309701406E0,
6.000877186891E-1));
#3085=CARTESIAN_POINT('',(2.953002735836E0,-1.018989700047E0,
6.001153712156E-1));
#3086=CARTESIAN_POINT('',(2.980602856687E0,-1.012116441245E0,
6.002990719581E-1));
#3087=CARTESIAN_POINT('',(3.035407017835E0,-1.001866409955E0,
6.009751515203E-1));
#3088=CARTESIAN_POINT('',(3.118261918169E0,-9.957225606929E-1,
6.024733832086E-1));
#3089=CARTESIAN_POINT('',(3.215402281598E0,-1.001252393956E0,
6.045135115903E-1));
#3090=CARTESIAN_POINT('',(3.324815312992E0,-1.024452562067E0,
6.068889098790E-1));
#3091=CARTESIAN_POINT('',(3.438942815900E0,-1.069982505065E0,
6.092832805772E-1));
#3092=CARTESIAN_POINT('',(3.547512971544E0,-1.137819946777E0,
6.114181651181E-1));
#3093=CARTESIAN_POINT('',(3.642949898807E0,-1.224372234003E0,
6.131682673981E-1));
#3094=CARTESIAN_POINT('',(3.721625704685E0,-1.326079658658E0,
6.145225833106E-1));
#3095=CARTESIAN_POINT('',(3.781452770912E0,-1.439849156421E0,
6.155007132894E-1));
#3096=CARTESIAN_POINT('',(3.820735889712E0,-1.562166801860E0,
6.161195315018E-1));
#3097=CARTESIAN_POINT('',(3.838392067381E0,-1.689284914171E0,
6.163917899280E-1));
#3098=CARTESIAN_POINT('',(3.834006634764E0,-1.817590962210E0,
6.163244992938E-1));
#3099=CARTESIAN_POINT('',(3.807595847774E0,-1.943576564283E0,
6.159145829105E-1));
#3100=CARTESIAN_POINT('',(3.759602924820E0,-2.063619526267E0,
6.151486378617E-1));
#3101=CARTESIAN_POINT('',(3.691109897675E0,-2.173989013037E0,
6.140069519877E-1));
#3102=CARTESIAN_POINT('',(3.603965544433E0,-2.270897660403E0,
6.124681422070E-1));
#3103=CARTESIAN_POINT('',(3.502257887405E0,-2.349702009428E0,
6.105469379582E-1));
#3104=CARTESIAN_POINT('',(3.418832406147E0,-2.393324820371E0,
6.088553418772E-1));
#3105=CARTESIAN_POINT('',(3.371818630440E0,-2.411821869678E0,
6.078715427480E-1));
#3106=CARTESIAN_POINT('',(3.362815569312E0,-2.415153371227E0,
6.076823468845E-1));
#3107=(BOUNDED_SURFACE()B_SPLINE_SURFACE(3,3,((#3015,#3016,#3017,#3018,#3019,
#3020,#3021,#3022,#3023,#3024,#3025,#3026,#3027,#3028,#3029,#3030,#3031,#3032,
#3033,#3034,#3035,#3036,#3037),(#3038,#3039,#3040,#3041,#3042,#3043,#3044,#3045,
#3046,#3047,#3048,#3049,#3050,#3051,#3052,#3053,#3054,#3055,#3056,#3057,#3058,
#3059,#3060),(#3061,#3062,#3063,#3064,#3065,#3066,#3067,#3068,#3069,#3070,#3071,
#3072,#3073,#3074,#3075,#3076,#3077,#3078,#3079,#3080,#3081,#3082,#3083),(#3084,
#3085,#3086,#3087,#3088,#3089,#3090,#3091,#3092,#3093,#3094,#3095,#3096,#3097,
#3098,#3099,#3100,#3101,#3102,#3103,#3104,#3105,#3106)),.UNSPECIFIED.,.F.,.F.,
.F.)B_SPLINE_SURFACE_WITH_KNOTS((4,4),(4,1,1,1,1,1,1,1,1,1,1,1,1,1,1,1,1,1,1,1,
4),(0.E0,1.E0),(3.965569197548E-1,3.988986599140E-1,4.092389305134E-1,
4.210239910734E-1,4.344653014897E-1,4.498415922388E-1,4.665354537048E-1,
4.833435439078E-1,4.998654845462E-1,5.162132768729E-1,5.324388308384E-1,
5.486022274949E-1,5.646989938250E-1,5.807538665039E-1,5.969069071394E-1,
6.131947585806E-1,6.296198013260E-1,6.462780297499E-1,6.631352215698E-1,
6.794870522797E-1,6.833354711625E-1),.UNSPECIFIED.)GEOMETRIC_REPRESENTATION_ITEM()RATIONAL_B_SPLINE_SURFACE(((1.188738150467E0,1.188738150467E0,1.188738150467E0,
1.188738150467E0,1.188738150467E0,1.188738150467E0,1.188738150467E0,
1.188738150467E0,1.188738150467E0,1.188738150467E0,1.188738150467E0,
1.188738150467E0,1.188738150467E0,1.188738150467E0,1.188738150467E0,
1.188738150467E0,1.188738150467E0,1.188738150467E0,1.188738150467E0,
1.188738150467E0,1.188738150467E0,1.188738150467E0,1.188738150467E0),(
9.370872831777E-1,9.370872831777E-1,9.370872831777E-1,9.370872831777E-1,
9.370872831777E-1,9.370872831777E-1,9.370872831777E-1,9.370872831777E-1,
9.370872831777E-1,9.370872831777E-1,9.370872831777E-1,9.370872831777E-1,
9.370872831777E-1,9.370872831777E-1,9.370872831777E-1,9.370872831777E-1,
9.370872831777E-1,9.370872831777E-1,9.370872831777E-1,9.370872831777E-1,
9.370872831777E-1,9.370872831777E-1,9.370872831777E-1),(9.370872831777E-1,
9.370872831777E-1,9.370872831777E-1,9.370872831777E-1,9.370872831777E-1,
9.370872831777E-1,9.370872831777E-1,9.370872831777E-1,9.370872831777E-1,
9.370872831777E-1,9.370872831777E-1,9.370872831777E-1,9.370872831777E-1,
9.370872831777E-1,9.370872831777E-1,9.370872831777E-1,9.370872831777E-1,
9.370872831777E-1,9.370872831777E-1,9.370872831777E-1,9.370872831777E-1,
9.370872831777E-1,9.370872831777E-1),(1.188738150467E0,1.188738150467E0,
1.188738150467E0,1.188738150467E0,1.188738150467E0,1.188738150467E0,
1.188738150467E0,1.188738150467E0,1.188738150467E0,1.188738150467E0,
1.188738150467E0,1.188738150467E0,1.188738150467E0,1.188738150467E0,
1.188738150467E0,1.188738150467E0,1.188738150467E0,1.188738150467E0,
1.188738150467E0,1.188738150467E0,1.188738150467E0,1.188738150467E0,
1.188738150467E0)))REPRESENTATION_ITEM('')SURFACE());
#3109=ORIENTED_EDGE('',*,*,#3108,.F.);
#3111=ORIENTED_EDGE('',*,*,#3110,.F.);
#3112=ORIENTED_EDGE('',*,*,#2916,.F.);
#3114=ORIENTED_EDGE('',*,*,#3113,.F.);
#3115=ORIENTED_EDGE('',*,*,#3007,.F.);
#3116=ORIENTED_EDGE('',*,*,#2897,.T.);
#3117=EDGE_LOOP('',(#3109,#3111,#3112,#3114,#3115,#3116));
#3118=FACE_OUTER_BOUND('',#3117,.F.);
#3120=CARTESIAN_POINT('',(2.477999993657E0,-3.877999827458E0,
6.000000131630E-1));
#3121=DIRECTION('',(0.E0,1.E0,0.E0));
#3122=DIRECTION('',(0.E0,0.E0,-1.E0));
#3123=AXIS2_PLACEMENT_3D('',#3120,#3121,#3122);
#3124=CONICAL_SURFACE('',#3123,6.024999947977E-1,9.856738358731E0);
#3126=ORIENTED_EDGE('',*,*,#3125,.T.);
#3127=ORIENTED_EDGE('',*,*,#3108,.T.);
#3128=ORIENTED_EDGE('',*,*,#2895,.T.);
#3129=ORIENTED_EDGE('',*,*,#2878,.F.);
#3130=ORIENTED_EDGE('',*,*,#2856,.T.);
#3131=ORIENTED_EDGE('',*,*,#2873,.F.);
#3133=ORIENTED_EDGE('',*,*,#3132,.T.);
#3135=ORIENTED_EDGE('',*,*,#3134,.F.);
#3137=ORIENTED_EDGE('',*,*,#3136,.F.);
#3138=EDGE_LOOP('',(#3126,#3127,#3128,#3129,#3130,#3131,#3133,#3135,#3137));
#3139=FACE_OUTER_BOUND('',#3138,.F.);
#3141=CARTESIAN_POINT('',(2.478E0,-1.847819528138E0,6.E-1));
#3142=DIRECTION('',(0.E0,1.E0,0.E0));
#3143=DIRECTION('',(-2.539842596991E-2,0.E0,9.996774079463E-1));
#3144=AXIS2_PLACEMENT_3D('',#3141,#3142,#3143);
#3145=TOROIDAL_SURFACE('',#3144,6.E-1,3.5E-1);
#3146=ORIENTED_EDGE('',*,*,#3125,.F.);
#3148=ORIENTED_EDGE('',*,*,#3147,.F.);
#3149=ORIENTED_EDGE('',*,*,#2890,.T.);
#3150=ORIENTED_EDGE('',*,*,#2918,.T.);
#3151=ORIENTED_EDGE('',*,*,#3110,.T.);
#3152=EDGE_LOOP('',(#3146,#3148,#3149,#3150,#3151));
#3153=FACE_OUTER_BOUND('',#3152,.F.);
#3155=CARTESIAN_POINT('',(2.478000016624E0,-3.877999812306E0,
6.000000098043E-1));
#3156=DIRECTION('',(0.E0,1.E0,0.E0));
#3157=DIRECTION('',(0.E0,0.E0,-1.E0));
#3158=AXIS2_PLACEMENT_3D('',#3155,#3156,#3157);
#3159=CONICAL_SURFACE('',#3158,6.025000042495E-1,9.856738358731E0);
#3160=ORIENTED_EDGE('',*,*,#3147,.T.);
#3161=ORIENTED_EDGE('',*,*,#3136,.T.);
#3163=ORIENTED_EDGE('',*,*,#3162,.F.);
#3164=ORIENTED_EDGE('',*,*,#3132,.F.);
#3165=ORIENTED_EDGE('',*,*,#2892,.T.);
#3166=EDGE_LOOP('',(#3160,#3161,#3163,#3164,#3165));
#3167=FACE_OUTER_BOUND('',#3166,.F.);
#3169=CARTESIAN_POINT('',(2.478E0,-5.908180085715E0,6.E-1));
#3170=DIRECTION('',(0.E0,-1.E0,0.E0));
#3171=DIRECTION('',(-9.996745463081E-1,0.E0,-2.551081072180E-2));
#3172=AXIS2_PLACEMENT_3D('',#3169,#3170,#3171);
#3173=TOROIDAL_SURFACE('',#3172,6.05E-1,3.5E-1);
#3175=ORIENTED_EDGE('',*,*,#3174,.F.);
#3177=ORIENTED_EDGE('',*,*,#3176,.F.);
#3179=ORIENTED_EDGE('',*,*,#3178,.T.);
#3180=ORIENTED_EDGE('',*,*,#3162,.T.);
#3181=EDGE_LOOP('',(#3175,#3177,#3179,#3180));
#3182=FACE_OUTER_BOUND('',#3181,.F.);
#3184=CARTESIAN_POINT('',(2.478E0,-5.908180220218E0,6.E-1));
#3185=DIRECTION('',(0.E0,-1.E0,0.E0));
#3186=DIRECTION('',(-2.539842588721E-2,0.E0,9.996774079484E-1));
#3187=AXIS2_PLACEMENT_3D('',#3184,#3185,#3186);
#3188=TOROIDAL_SURFACE('',#3187,6.05E-1,3.5E-1);
#3189=ORIENTED_EDGE('',*,*,#3134,.T.);
#3190=ORIENTED_EDGE('',*,*,#3178,.F.);
#3192=ORIENTED_EDGE('',*,*,#3191,.F.);
#3194=ORIENTED_EDGE('',*,*,#3193,.F.);
#3195=ORIENTED_EDGE('',*,*,#3174,.T.);
#3196=EDGE_LOOP('',(#3189,#3190,#3192,#3194,#3195));
#3197=FACE_OUTER_BOUND('',#3196,.F.);
#3199=CARTESIAN_POINT('',(2.478E0,-1.555E0,6.E-1));
#3200=DIRECTION('',(0.E0,-1.E0,0.E0));
#3201=DIRECTION('',(1.E0,0.E0,0.E0));
#3202=AXIS2_PLACEMENT_3D('',#3199,#3200,#3201);
#3203=CYLINDRICAL_SURFACE('',#3202,2.55E-1);
#3204=ORIENTED_EDGE('',*,*,#3191,.T.);
#3206=ORIENTED_EDGE('',*,*,#3205,.T.);
#3208=ORIENTED_EDGE('',*,*,#3207,.F.);
#3210=ORIENTED_EDGE('',*,*,#3209,.T.);
#3212=ORIENTED_EDGE('',*,*,#3211,.F.);
#3213=EDGE_LOOP('',(#3204,#3206,#3208,#3210,#3212));
#3214=FACE_OUTER_BOUND('',#3213,.F.);
#3216=CARTESIAN_POINT('',(2.478E0,-1.555E0,6.E-1));
#3217=DIRECTION('',(0.E0,-1.E0,0.E0));
#3218=DIRECTION('',(1.E0,0.E0,0.E0));
#3219=AXIS2_PLACEMENT_3D('',#3216,#3217,#3218);
#3220=CYLINDRICAL_SURFACE('',#3219,2.55E-1);
#3221=ORIENTED_EDGE('',*,*,#3193,.T.);
#3222=ORIENTED_EDGE('',*,*,#3211,.T.);
#3224=ORIENTED_EDGE('',*,*,#3223,.T.);
#3226=ORIENTED_EDGE('',*,*,#3225,.F.);
#3227=ORIENTED_EDGE('',*,*,#3205,.F.);
#3228=ORIENTED_EDGE('',*,*,#3176,.T.);
#3229=EDGE_LOOP('',(#3221,#3222,#3224,#3226,#3227,#3228));
#3230=FACE_OUTER_BOUND('',#3229,.F.);
#3232=CARTESIAN_POINT('',(2.478E0,-8.555E0,6.E-1));
#3233=DIRECTION('',(-7.071067811865E-1,-7.071067811865E-1,0.E0));
#3234=DIRECTION('',(-7.071067811865E-1,7.071067811865E-1,0.E0));
#3235=AXIS2_PLACEMENT_3D('',#3232,#3233,#3234);
#3236=SPHERICAL_SURFACE('',#3235,2.55E-1);
#3238=ORIENTED_EDGE('',*,*,#3237,.T.);
#3240=ORIENTED_EDGE('',*,*,#3239,.T.);
#3241=ORIENTED_EDGE('',*,*,#3223,.F.);
#3242=ORIENTED_EDGE('',*,*,#3209,.F.);
#3243=EDGE_LOOP('',(#3238,#3240,#3241,#3242));
#3244=FACE_OUTER_BOUND('',#3243,.F.);
#3246=CARTESIAN_POINT('',(2.478E0,-8.555E0,6.E-1));
#3247=DIRECTION('',(-1.E0,0.E0,0.E0));
#3248=DIRECTION('',(0.E0,-1.E0,0.E0));
#3249=AXIS2_PLACEMENT_3D('',#3246,#3247,#3248);
#3250=CYLINDRICAL_SURFACE('',#3249,2.55E-1);
#3251=ORIENTED_EDGE('',*,*,#3237,.F.);
#3253=ORIENTED_EDGE('',*,*,#3252,.T.);
#3255=ORIENTED_EDGE('',*,*,#3254,.T.);
#3257=ORIENTED_EDGE('',*,*,#3256,.T.);
#3259=ORIENTED_EDGE('',*,*,#3258,.F.);
#3261=ORIENTED_EDGE('',*,*,#3260,.F.);
#3262=EDGE_LOOP('',(#3251,#3253,#3255,#3257,#3259,#3261));
#3263=FACE_OUTER_BOUND('',#3262,.F.);
#3265=CARTESIAN_POINT('',(2.475947575434E0,-8.566699648664E0,
3.448442957868E-1));
#3266=CARTESIAN_POINT('',(2.473804236276E0,-8.565627325377E0,
3.447953982116E-1));
#3267=CARTESIAN_POINT('',(2.448636971269E0,-8.553032826909E0,
3.442998266082E-1));
#3268=CARTESIAN_POINT('',(2.405808213720E0,-8.531534831847E0,
3.450321733646E-1));
#3269=CARTESIAN_POINT('',(2.350467305812E0,-8.503616655884E0,
3.493841385722E-1));
#3270=CARTESIAN_POINT('',(2.303910239404E0,-8.480032825579E0,
3.554719929434E-1));
#3271=CARTESIAN_POINT('',(2.259543507642E0,-8.457471394801E0,
3.635221995083E-1));
#3272=CARTESIAN_POINT('',(2.214019472419E0,-8.434223589189E0,
3.744148345787E-1));
#3273=CARTESIAN_POINT('',(2.167649993986E0,-8.410428898782E0,
3.888066147357E-1));
#3274=CARTESIAN_POINT('',(2.123234021974E0,-8.387513357040E0,
4.064695036977E-1));
#3275=CARTESIAN_POINT('',(2.080995121965E0,-8.365596063278E0,
4.277727793691E-1));
#3276=CARTESIAN_POINT('',(2.041375916393E0,-8.344907067523E0,
4.534539319503E-1));
#3277=CARTESIAN_POINT('',(2.006359578678E0,-8.326487425602E0,
4.841088803708E-1));
#3278=CARTESIAN_POINT('',(1.979784465680E0,-8.312405824774E0,
5.177752338490E-1));
#3279=CARTESIAN_POINT('',(1.963151948628E0,-8.303540687420E0,
5.517880829325E-1));
#3280=CARTESIAN_POINT('',(1.956422616905E0,-8.299941663322E0,
5.811710951773E-1));
#3281=CARTESIAN_POINT('',(1.955851301867E0,-8.299635381932E0,
5.988619417944E-1));
#3282=CARTESIAN_POINT('',(1.956118651534E0,-8.299778531649E0,
6.055219789484E-1));
#3283=CARTESIAN_POINT('',(2.589509369454E0,-8.453060554853E0,
3.509748941774E-1));
#3284=CARTESIAN_POINT('',(2.587362761629E0,-8.452011251492E0,
3.514036258903E-1));
#3285=CARTESIAN_POINT('',(2.562175856315E0,-8.439739123107E0,
3.565143985708E-1));
#3286=CARTESIAN_POINT('',(2.519670400812E0,-8.419839776235E0,
3.667354522909E-1));
#3287=CARTESIAN_POINT('',(2.465503618587E0,-8.396235039637E0,
3.829295273248E-1));
#3288=CARTESIAN_POINT('',(2.420489366582E0,-8.377854432899E0,
3.985072706008E-1));
#3289=CARTESIAN_POINT('',(2.378118898096E0,-8.361680655993E0,
4.150194158660E-1));
#3290=CARTESIAN_POINT('',(2.335274951040E0,-8.346612807288E0,
4.337400292234E-1));
#3291=CARTESIAN_POINT('',(2.292444022279E0,-8.333095382661E0,
4.547789708233E-1));
#3292=CARTESIAN_POINT('',(2.252374091964E0,-8.322152630746E0,
4.769095290384E-1));
#3293=CARTESIAN_POINT('',(2.215345192012E0,-8.313832241441E0,
4.998460838394E-1));
#3294=CARTESIAN_POINT('',(2.181862186632E0,-8.308275073355E0,
5.232875933215E-1));
#3295=CARTESIAN_POINT('',(2.153695052044E0,-8.305738702837E0,
5.461259538805E-1));
#3296=CARTESIAN_POINT('',(2.133523806210E0,-8.305683208009E0,
5.658909321941E-1));
#3297=CARTESIAN_POINT('',(2.121557165505E0,-8.306620137580E0,
5.816467227808E-1));
#3298=CARTESIAN_POINT('',(2.116889778982E0,-8.307238425796E0,
5.930492690096E-1));
#3299=CARTESIAN_POINT('',(2.116488069096E0,-8.307297201280E0,
5.995748265324E-1));
#3300=CARTESIAN_POINT('',(2.116674659106E0,-8.307271183954E0,
6.020494075264E-1));
#3301=CARTESIAN_POINT('',(2.669898678027E0,-8.374117318409E0,
2.362876421953E-1));
#3302=CARTESIAN_POINT('',(2.667749756343E0,-8.372583989008E0,
2.370483044381E-1));
#3303=CARTESIAN_POINT('',(2.642548947844E0,-8.354665572287E0,
2.460918598047E-1));
#3304=CARTESIAN_POINT('',(2.600272354770E0,-8.325907112176E0,
2.637033429738E-1));
#3305=CARTESIAN_POINT('',(2.546936724894E0,-8.292459480255E0,
2.907274922751E-1));
#3306=CARTESIAN_POINT('',(2.503014616459E0,-8.266922462287E0,
3.161993140063E-1));
#3307=CARTESIAN_POINT('',(2.462057283666E0,-8.244949860063E0,
3.427590386019E-1));
#3308=CARTESIAN_POINT('',(2.421110545407E0,-8.225093742395E0,
3.723846697067E-1));
#3309=CARTESIAN_POINT('',(2.380784522138E0,-8.208090350024E0,
4.050867651959E-1));
#3310=CARTESIAN_POINT('',(2.343791113201E0,-8.195331910308E0,
4.387902328416E-1));
#3311=CARTESIAN_POINT('',(2.310450322492E0,-8.186868728711E0,
4.728955696857E-1));
#3312=CARTESIAN_POINT('',(2.281311074579E0,-8.182882921205E0,
5.066749639260E-1));
#3313=CARTESIAN_POINT('',(2.257992425420E0,-8.183536610888E0,
5.380330576589E-1));
#3314=CARTESIAN_POINT('',(2.242354415944E0,-8.187318961034E0,
5.632053162035E-1));
#3315=CARTESIAN_POINT('',(2.233690704510E0,-8.191393923500E0,
5.812949245295E-1));
#3316=CARTESIAN_POINT('',(2.230482949285E0,-8.193462899590E0,
5.930730947789E-1));
#3317=CARTESIAN_POINT('',(2.230201301265E0,-8.193649704839E0,
5.995725104226E-1));
#3318=CARTESIAN_POINT('',(2.230330722286E0,-8.193564928386E0,
6.020505589675E-1));
#3319=CARTESIAN_POINT('',(2.664550706570E0,-8.381489179267E0,
7.577400262060E-2));
#3320=CARTESIAN_POINT('',(2.662401938818E0,-8.379281271804E0,
7.650385458780E-2));
#3321=CARTESIAN_POINT('',(2.637202055241E0,-8.353439891650E0,
8.523507124586E-2));
#3322=CARTESIAN_POINT('',(2.594910236887E0,-8.311157335487E0,
1.033062676484E-1));
#3323=CARTESIAN_POINT('',(2.541519313848E0,-8.260146525562E0,
1.330669091281E-1));
#3324=CARTESIAN_POINT('',(2.497524549575E0,-8.219772880920E0,
1.623674793375E-1));
#3325=CARTESIAN_POINT('',(2.456473206651E0,-8.183606698076E0,
1.939905335321E-1));
#3326=CARTESIAN_POINT('',(2.415400254862E0,-8.149125028965E0,
2.304676714272E-1));
#3327=CARTESIAN_POINT('',(2.374907590490E0,-8.117151832695E0,
2.722226343444E-1));
#3328=CARTESIAN_POINT('',(2.337709513185E0,-8.089976465729E0,
3.170369815496E-1));
#3329=CARTESIAN_POINT('',(2.304123367674E0,-8.067724163819E0,
3.645435832816E-1));
#3330=CARTESIAN_POINT('',(2.274695147366E0,-8.050721771803E0,
4.144786754641E-1));
#3331=CARTESIAN_POINT('',(2.251053948329E0,-8.039786400529E0,
4.651219579251E-1));
#3332=CARTESIAN_POINT('',(2.235114361204E0,-8.034708852500E0,
5.114744508985E-1));
#3333=CARTESIAN_POINT('',(2.226230919414E0,-8.033205923379E0,
5.509627212906E-1));
#3334=CARTESIAN_POINT('',(2.222926060897E0,-8.033010390123E0,
5.812269933407E-1));
#3335=CARTESIAN_POINT('',(2.222636425653E0,-8.033004482191E0,
5.988565079183E-1));
#3336=CARTESIAN_POINT('',(2.222769649892E0,-8.033009775823E0,
6.055246803698E-1));
#3337=(BOUNDED_SURFACE()B_SPLINE_SURFACE(3,3,((#3265,#3266,#3267,#3268,#3269,
#3270,#3271,#3272,#3273,#3274,#3275,#3276,#3277,#3278,#3279,#3280,#3281,#3282),(
#3283,#3284,#3285,#3286,#3287,#3288,#3289,#3290,#3291,#3292,#3293,#3294,#3295,
#3296,#3297,#3298,#3299,#3300),(#3301,#3302,#3303,#3304,#3305,#3306,#3307,#3308,
#3309,#3310,#3311,#3312,#3313,#3314,#3315,#3316,#3317,#3318),(#3319,#3320,#3321,
#3322,#3323,#3324,#3325,#3326,#3327,#3328,#3329,#3330,#3331,#3332,#3333,#3334,
#3335,#3336)),.UNSPECIFIED.,.F.,.F.,.F.)B_SPLINE_SURFACE_WITH_KNOTS((4,4),(4,1,
1,1,1,1,1,1,1,1,1,1,1,1,1,4),(0.E0,1.E0),(-9.723268652718E-3,0.E0,
1.044544857867E-1,1.847416861424E-1,2.522569227231E-1,3.182812209211E-1,
3.905669594092E-1,4.665858669325E-1,5.415649184891E-1,6.116937682811E-1,
6.871084795235E-1,7.636350185587E-1,8.331554703475E-1,8.941743550683E-1,
9.490322355463E-1,9.823263435286E-1),.UNSPECIFIED.)GEOMETRIC_REPRESENTATION_ITEM()RATIONAL_B_SPLINE_SURFACE(((1.195413650437E0,1.195413650437E0,1.195413650437E0,
1.195413650437E0,1.195413650437E0,1.195413650437E0,1.195413650437E0,
1.195413650437E0,1.195413650437E0,1.195413650437E0,1.195413650437E0,
1.195413650437E0,1.195413650437E0,1.195413650437E0,1.195413650437E0,
1.195413650437E0,1.195413650437E0,1.195413650437E0),(9.348621165210E-1,
9.348621165210E-1,9.348621165210E-1,9.348621165210E-1,9.348621165210E-1,
9.348621165210E-1,9.348621165210E-1,9.348621165210E-1,9.348621165210E-1,
9.348621165210E-1,9.348621165210E-1,9.348621165210E-1,9.348621165210E-1,
9.348621165210E-1,9.348621165210E-1,9.348621165210E-1,9.348621165210E-1,
9.348621165210E-1),(9.348621165210E-1,9.348621165210E-1,9.348621165210E-1,
9.348621165210E-1,9.348621165210E-1,9.348621165210E-1,9.348621165210E-1,
9.348621165210E-1,9.348621165210E-1,9.348621165210E-1,9.348621165210E-1,
9.348621165210E-1,9.348621165210E-1,9.348621165210E-1,9.348621165210E-1,
9.348621165210E-1,9.348621165210E-1,9.348621165210E-1),(1.195413650437E0,
1.195413650437E0,1.195413650437E0,1.195413650437E0,1.195413650437E0,
1.195413650437E0,1.195413650437E0,1.195413650437E0,1.195413650437E0,
1.195413650437E0,1.195413650437E0,1.195413650437E0,1.195413650437E0,
1.195413650437E0,1.195413650437E0,1.195413650437E0,1.195413650437E0,
1.195413650437E0)))REPRESENTATION_ITEM('')SURFACE());
#3338=ORIENTED_EDGE('',*,*,#3207,.T.);
#3340=ORIENTED_EDGE('',*,*,#3339,.F.);
#3341=ORIENTED_EDGE('',*,*,#3252,.F.);
#3342=EDGE_LOOP('',(#3338,#3340,#3341));
#3343=FACE_OUTER_BOUND('',#3342,.F.);
#3345=CARTESIAN_POINT('',(1.956119131030E0,-8.299778530026E0,
5.944682530492E-1));
#3346=CARTESIAN_POINT('',(1.955863694925E0,-8.299641775003E0,
6.008157653331E-1));
#3347=CARTESIAN_POINT('',(1.956346514237E0,-8.299900585589E0,
6.175516704247E-1));
#3348=CARTESIAN_POINT('',(1.962292412636E0,-8.303080755984E0,
6.452539284124E-1));
#3349=CARTESIAN_POINT('',(1.976954823167E0,-8.310899204101E0,
6.772893930136E-1));
#3350=CARTESIAN_POINT('',(2.000431547264E0,-8.323352017601E0,
7.092384285929E-1));
#3351=CARTESIAN_POINT('',(2.031782859044E0,-8.339871135207E0,
7.389087381327E-1));
#3352=CARTESIAN_POINT('',(2.067672944556E0,-8.358650976763E0,
7.641776741728E-1));
#3353=CARTESIAN_POINT('',(2.105827900156E0,-8.378493536975E0,
7.852384182053E-1));
#3354=CARTESIAN_POINT('',(2.145781949159E0,-8.399158884940E0,
8.029259640361E-1));
#3355=CARTESIAN_POINT('',(2.187957743023E0,-8.420861365259E0,
8.178537630946E-1));
#3356=CARTESIAN_POINT('',(2.230568830269E0,-8.442683638230E0,
8.298027879419E-1));
#3357=CARTESIAN_POINT('',(2.271935724997E0,-8.463779183968E0,
8.389018476564E-1));
#3358=CARTESIAN_POINT('',(2.312918229175E0,-8.484600466272E0,
8.458377443369E-1));
#3359=CARTESIAN_POINT('',(2.357039214224E0,-8.506935674881E0,
8.512384046054E-1));
#3360=CARTESIAN_POINT('',(2.409563393863E0,-8.533420530021E0,
8.550658297106E-1));
#3361=CARTESIAN_POINT('',(2.450155846658E0,-8.553792310896E0,
8.556706681025E-1));
#3362=CARTESIAN_POINT('',(2.473807538786E0,-8.565628318402E0,
8.552044435829E-1));
#3363=CARTESIAN_POINT('',(2.475952284092E0,-8.566701339252E0,
8.551554552756E-1));
#3364=CARTESIAN_POINT('',(2.116675063665E0,-8.307270525245E0,
5.979469876537E-1));
#3365=CARTESIAN_POINT('',(2.116496972717E0,-8.307295286459E0,
6.003055147219E-1));
#3366=CARTESIAN_POINT('',(2.116836279043E0,-8.307245865762E0,
6.064811739826E-1));
#3367=CARTESIAN_POINT('',(2.120958844343E0,-8.306696887383E0,
6.171716685932E-1));
#3368=CARTESIAN_POINT('',(2.131462654406E0,-8.305806111257E0,
6.316695393355E-1));
#3369=CARTESIAN_POINT('',(2.149119754696E0,-8.305612736403E0,
6.496659881319E-1));
#3370=CARTESIAN_POINT('',(2.174025494002E0,-8.307387366509E0,
6.706406327404E-1));
#3371=CARTESIAN_POINT('',(2.203964514069E0,-8.311752013962E0,
6.924505939598E-1));
#3372=CARTESIAN_POINT('',(2.237001382234E0,-8.318512005171E0,
7.138238964020E-1));
#3373=CARTESIAN_POINT('',(2.272610036991E0,-8.327495044935E0,
7.345254924550E-1));
#3374=CARTESIAN_POINT('',(2.311113229770E0,-8.338822029628E0,
7.546344576549E-1));
#3375=CARTESIAN_POINT('',(2.350786907068E0,-8.351942886491E0,
7.732307823682E-1));
#3376=CARTESIAN_POINT('',(2.389911456276E0,-8.366094246431E0,
7.897174718707E-1));
#3377=CARTESIAN_POINT('',(2.429167914077E0,-8.381330828835E0,
8.046086470705E-1));
#3378=CARTESIAN_POINT('',(2.471911717622E0,-8.398972868807E0,
8.190824665890E-1));
#3379=CARTESIAN_POINT('',(2.523389471500E0,-8.421562956644E0,
8.341938770810E-1));
#3380=CARTESIAN_POINT('',(2.563695832398E0,-8.440479163079E0,
8.437947701724E-1));
#3381=CARTESIAN_POINT('',(2.587365586706E0,-8.452012691051E0,
8.485972675256E-1));
#3382=CARTESIAN_POINT('',(2.589513555954E0,-8.453062733448E0,
8.490262204657E-1));
#3383=CARTESIAN_POINT('',(2.230331060891E0,-8.193564497891E0,
5.979458584153E-1));
#3384=CARTESIAN_POINT('',(2.230207721834E0,-8.193645323722E0,
6.003077295133E-1));
#3385=CARTESIAN_POINT('',(2.230445436700E0,-8.193487898638E0,
6.064603744111E-1));
#3386=CARTESIAN_POINT('',(2.233277282073E0,-8.191655095569E0,
6.174605352958E-1));
#3387=CARTESIAN_POINT('',(2.240837258946E0,-8.187948895877E0,
6.339024981742E-1));
#3388=CARTESIAN_POINT('',(2.254374703635E0,-8.184181488341E0,
6.564655747473E-1));
#3389=CARTESIAN_POINT('',(2.274717684311E0,-8.182723759611E0,
6.848467606228E-1));
#3390=CARTESIAN_POINT('',(2.300444002508E0,-8.185157135691E0,
7.158961850650E-1));
#3391=CARTESIAN_POINT('',(2.329857825908E0,-8.191472356654E0,
7.473438395114E-1));
#3392=CARTESIAN_POINT('',(2.362390417960E0,-8.201435241376E0,
7.785500671501E-1));
#3393=CARTESIAN_POINT('',(2.398293811829E0,-8.215197441649E0,
8.094836920808E-1));
#3394=CARTESIAN_POINT('',(2.435888124936E0,-8.232052994234E0,
8.386016617589E-1));
#3395=CARTESIAN_POINT('',(2.473425339364E0,-8.250904695230E0,
8.648280534319E-1));
#3396=CARTESIAN_POINT('',(2.511459945570E0,-8.271723268453E0,
8.888696801597E-1));
#3397=CARTESIAN_POINT('',(2.553228855602E0,-8.296317018032E0,
9.126068552411E-1));
#3398=CARTESIAN_POINT('',(2.603965854770E0,-8.328391092367E0,
9.378886021920E-1));
#3399=CARTESIAN_POINT('',(2.644069693970E0,-8.355746321427E0,
9.544543766662E-1));
#3400=CARTESIAN_POINT('',(2.667752234322E0,-8.372586416049E0,
9.629525774508E-1));
#3401=CARTESIAN_POINT('',(2.669902485766E0,-8.374120838250E0,
9.637136494476E-1));
#3402=CARTESIAN_POINT('',(2.222770379923E0,-8.033009904167E0,
5.944656037142E-1));
#3403=CARTESIAN_POINT('',(2.222643398633E0,-8.033004683779E0,
6.008209615119E-1));
#3404=CARTESIAN_POINT('',(2.222887871617E0,-8.033010102505E0,
6.175028720168E-1));
#3405=CARTESIAN_POINT('',(2.225805578905E0,-8.033178258882E0,
6.459316459889E-1));
#3406=CARTESIAN_POINT('',(2.233561386919E0,-8.034391369591E0,
6.825281949915E-1));
#3407=CARTESIAN_POINT('',(2.247372881394E0,-8.038459053387E0,
7.251911130723E-1));
#3408=CARTESIAN_POINT('',(2.268019388176E0,-8.047394651062E0,
7.722380989603E-1));
#3409=CARTESIAN_POINT('',(2.294025945830E0,-8.061643487336E0,
8.191839765397E-1));
#3410=CARTESIAN_POINT('',(2.323680783221E0,-8.080442560673E0,
8.638804160855E-1));
#3411=CARTESIAN_POINT('',(2.356418002651E0,-8.103406748012E0,
9.062131473872E-1));
#3412=CARTESIAN_POINT('',(2.392494341641E0,-8.130822550036E0,
9.465369581519E-1));
#3413=CARTESIAN_POINT('',(2.430226979251E0,-8.161406888387E0,
9.831710839948E-1));
#3414=CARTESIAN_POINT('',(2.467869787155E0,-8.193530024778E0,1.015120708668E0));
#3415=CARTESIAN_POINT('',(2.505985673983E0,-8.227447358848E0,1.043524714269E0));
#3416=CARTESIAN_POINT('',(2.547819436367E0,-8.266092151588E0,1.070658370509E0));
#3417=CARTESIAN_POINT('',(2.598605712390E0,-8.314827630591E0,1.098346682717E0));
#3418=CARTESIAN_POINT('',(2.638723023840E0,-8.354998418800E0,1.115292007880E0));
#3419=CARTESIAN_POINT('',(2.662404713632E0,-8.379284298366E0,1.123496367928E0));
#3420=CARTESIAN_POINT('',(2.664554813259E0,-8.381493735094E0,1.124226572654E0));
#3421=(BOUNDED_SURFACE()B_SPLINE_SURFACE(3,3,((#3345,#3346,#3347,#3348,#3349,
#3350,#3351,#3352,#3353,#3354,#3355,#3356,#3357,#3358,#3359,#3360,#3361,#3362,
#3363),(#3364,#3365,#3366,#3367,#3368,#3369,#3370,#3371,#3372,#3373,#3374,#3375,
#3376,#3377,#3378,#3379,#3380,#3381,#3382),(#3383,#3384,#3385,#3386,#3387,#3388,
#3389,#3390,#3391,#3392,#3393,#3394,#3395,#3396,#3397,#3398,#3399,#3400,#3401),(
#3402,#3403,#3404,#3405,#3406,#3407,#3408,#3409,#3410,#3411,#3412,#3413,#3414,
#3415,#3416,#3417,#3418,#3419,#3420)),.UNSPECIFIED.,.F.,.F.,.F.)B_SPLINE_SURFACE_WITH_KNOTS((4,4),(4,1,1,1,1,1,1,1,1,1,1,1,1,1,1,1,4),(0.E0,1.E0),(
1.663898751684E-2,4.840657617745E-2,1.001402035186E-1,1.571554852926E-1,
2.214727288498E-1,2.923504848779E-1,3.635261003261E-1,4.288565173764E-1,
4.964026218397E-1,5.665449125365E-1,6.354420678087E-1,6.997597069845E-1,
7.604800375751E-1,8.252533087149E-1,9.023199295145E-1,1.E0,1.009740484848E0),
.UNSPECIFIED.)GEOMETRIC_REPRESENTATION_ITEM()RATIONAL_B_SPLINE_SURFACE(((
1.195412376555E0,1.195412376555E0,1.195412376555E0,1.195412376555E0,
1.195412376555E0,1.195412376555E0,1.195412376555E0,1.195412376555E0,
1.195412376555E0,1.195412376555E0,1.195412376555E0,1.195412376555E0,
1.195412376555E0,1.195412376555E0,1.195412376555E0,1.195412376555E0,
1.195412376555E0,1.195412376555E0,1.195412376555E0),(9.348625411483E-1,
9.348625411483E-1,9.348625411483E-1,9.348625411483E-1,9.348625411483E-1,
9.348625411483E-1,9.348625411483E-1,9.348625411483E-1,9.348625411483E-1,
9.348625411483E-1,9.348625411483E-1,9.348625411483E-1,9.348625411483E-1,
9.348625411483E-1,9.348625411483E-1,9.348625411483E-1,9.348625411483E-1,
9.348625411483E-1,9.348625411483E-1),(9.348625411483E-1,9.348625411483E-1,
9.348625411483E-1,9.348625411483E-1,9.348625411483E-1,9.348625411483E-1,
9.348625411483E-1,9.348625411483E-1,9.348625411483E-1,9.348625411483E-1,
9.348625411483E-1,9.348625411483E-1,9.348625411483E-1,9.348625411483E-1,
9.348625411483E-1,9.348625411483E-1,9.348625411483E-1,9.348625411483E-1,
9.348625411483E-1),(1.195412376555E0,1.195412376555E0,1.195412376555E0,
1.195412376555E0,1.195412376555E0,1.195412376555E0,1.195412376555E0,
1.195412376555E0,1.195412376555E0,1.195412376555E0,1.195412376555E0,
1.195412376555E0,1.195412376555E0,1.195412376555E0,1.195412376555E0,
1.195412376555E0,1.195412376555E0,1.195412376555E0,1.195412376555E0)))REPRESENTATION_ITEM('')SURFACE());
#3423=ORIENTED_EDGE('',*,*,#3422,.F.);
#3424=ORIENTED_EDGE('',*,*,#3339,.T.);
#3425=ORIENTED_EDGE('',*,*,#3225,.T.);
#3426=EDGE_LOOP('',(#3423,#3424,#3425));
#3427=FACE_OUTER_BOUND('',#3426,.F.);
#3429=CARTESIAN_POINT('',(2.478E0,-8.555E0,6.E-1));
#3430=DIRECTION('',(-1.E0,0.E0,0.E0));
#3431=DIRECTION('',(0.E0,-1.E0,0.E0));
#3432=AXIS2_PLACEMENT_3D('',#3429,#3430,#3431);
#3433=CYLINDRICAL_SURFACE('',#3432,2.55E-1);
#3434=ORIENTED_EDGE('',*,*,#3239,.F.);
#3435=ORIENTED_EDGE('',*,*,#3260,.T.);
#3437=ORIENTED_EDGE('',*,*,#3436,.F.);
#3439=ORIENTED_EDGE('',*,*,#3438,.T.);
#3440=ORIENTED_EDGE('',*,*,#3254,.F.);
#3441=ORIENTED_EDGE('',*,*,#3422,.T.);
#3442=EDGE_LOOP('',(#3434,#3435,#3437,#3439,#3440,#3441));
#3443=FACE_OUTER_BOUND('',#3442,.F.);
#3445=CARTESIAN_POINT('',(1.466300123617E0,-8.557052656696E0,
8.551557166500E-1));
#3446=CARTESIAN_POINT('',(1.467372446443E0,-8.559195994832E0,
8.552046151591E-1));
#3447=CARTESIAN_POINT('',(1.479966945053E0,-8.584363258780E0,
8.557001980147E-1));
#3448=CARTESIAN_POINT('',(1.501464942829E0,-8.627192015963E0,
8.549678704174E-1));
#3449=CARTESIAN_POINT('',(1.529383127491E0,-8.682532926235E0,
8.506159290996E-1));
#3450=CARTESIAN_POINT('',(1.552966968291E0,-8.729089995753E0,
8.445280938731E-1));
#3451=CARTESIAN_POINT('',(1.575528411956E0,-8.773456731543E0,
8.364779043790E-1));
#3452=CARTESIAN_POINT('',(1.598776234069E0,-8.818980772173E0,
8.255852851005E-1));
#3453=CARTESIAN_POINT('',(1.622570945209E0,-8.865350257746E0,
8.111935183531E-1));
#3454=CARTESIAN_POINT('',(1.645486511104E0,-8.909766238528E0,
7.935306384040E-1));
#3455=CARTESIAN_POINT('',(1.667403832296E0,-8.952005149048E0,
7.722273660274E-1));
#3456=CARTESIAN_POINT('',(1.688092858577E0,-8.991624367001E0,
7.465462089282E-1));
#3457=CARTESIAN_POINT('',(1.706512532540E0,-9.026640718535E0,
7.158912447393E-1));
#3458=CARTESIAN_POINT('',(1.720594161663E0,-9.053215844452E0,
6.822248632173E-1));
#3459=CARTESIAN_POINT('',(1.729459318793E0,-9.069848370918E0,
6.482119773029E-1));
#3460=CARTESIAN_POINT('',(1.733058349828E0,-9.076577703869E0,
6.188289415924E-1));
#3461=CARTESIAN_POINT('',(1.733364633072E0,-9.077149021338E0,
6.011380857402E-1));
#3462=CARTESIAN_POINT('',(1.733221484305E0,-9.076881673918E0,
5.944780530643E-1));
#3463=CARTESIAN_POINT('',(1.579939324497E0,-8.443490758231E0,
8.490249072551E-1));
#3464=CARTESIAN_POINT('',(1.580988626522E0,-8.445637365035E0,
8.485961762526E-1));
#3465=CARTESIAN_POINT('',(1.593260744639E0,-8.470824269298E0,
8.434854098343E-1));
#3466=CARTESIAN_POINT('',(1.613160075612E0,-8.513329724145E0,
8.332643679297E-1));
#3467=CARTESIAN_POINT('',(1.636764794764E0,-8.567496507654E0,
8.170703101031E-1));
#3468=CARTESIAN_POINT('',(1.655145388572E0,-8.612510761351E0,
8.014925827055E-1));
#3469=CARTESIAN_POINT('',(1.671319154742E0,-8.654881232029E0,
7.849804537054E-1));
#3470=CARTESIAN_POINT('',(1.686386994233E0,-8.697725182027E0,
7.662598581633E-1));
#3471=CARTESIAN_POINT('',(1.699904411634E0,-8.740556114673E0,
7.452209358236E-1));
#3472=CARTESIAN_POINT('',(1.710847158994E0,-8.780626049760E0,
7.230903969741E-1));
#3473=CARTESIAN_POINT('',(1.719167546425E0,-8.817654955432E0,
7.001538611834E-1));
#3474=CARTESIAN_POINT('',(1.724724715401E0,-8.851137967549E0,
6.767123697467E-1));
#3475=CARTESIAN_POINT('',(1.727261089502E0,-8.879305109657E0,
6.538740247745E-1));
#3476=CARTESIAN_POINT('',(1.727316589250E0,-8.899476362520E0,
6.341090574240E-1));
#3477=CARTESIAN_POINT('',(1.726379663898E0,-8.911443008348E0,
6.183532730380E-1));
#3478=CARTESIAN_POINT('',(1.725761377948E0,-8.916110395096E0,
6.069507345773E-1));
#3479=CARTESIAN_POINT('',(1.725702602447E0,-8.916512106617E0,
6.004251830059E-1));
#3480=CARTESIAN_POINT('',(1.725728619459E0,-8.916325518201E0,
5.979506073890E-1));
#3481=CARTESIAN_POINT('',(1.658882690991E0,-8.363101319786E0,
9.637121994763E-1));
#3482=CARTESIAN_POINT('',(1.660416018998E0,-8.365250240450E0,
9.629515375545E-1));
#3483=CARTESIAN_POINT('',(1.678334427191E0,-8.390451047915E0,
9.539079821955E-1));
#3484=CARTESIAN_POINT('',(1.707092873369E0,-8.432727639968E0,
9.362964998959E-1));
#3485=CARTESIAN_POINT('',(1.740540488081E0,-8.486063269786E0,
9.092723532787E-1));
#3486=CARTESIAN_POINT('',(1.766077491515E0,-8.529985378149E0,8.838005353E-1));
#3487=CARTESIAN_POINT('',(1.788050079835E0,-8.570942710851E0,
8.572408156653E-1));
#3488=CARTESIAN_POINT('',(1.807906183176E0,-8.611889448987E0,
8.276151912728E-1));
#3489=CARTESIAN_POINT('',(1.824909560884E0,-8.652215472094E0,
7.949131046518E-1));
#3490=CARTESIAN_POINT('',(1.837667986477E0,-8.689208880833E0,
7.612096478901E-1));
#3491=CARTESIAN_POINT('',(1.846131154567E0,-8.722549671304E0,
7.271043241734E-1));
#3492=CARTESIAN_POINT('',(1.850116949323E0,-8.751688918936E0,
6.933249457588E-1));
#3493=CARTESIAN_POINT('',(1.849463248286E0,-8.775007567781E0,
6.619668709172E-1));
#3494=CARTESIAN_POINT('',(1.845680889462E0,-8.790645576962E0,
6.367946331200E-1));
#3495=CARTESIAN_POINT('',(1.841605921528E0,-8.799309288184E0,
6.187050457572E-1));
#3496=CARTESIAN_POINT('',(1.839536944132E0,-8.802517041907E0,
6.069268987479E-1));
#3497=CARTESIAN_POINT('',(1.839350138049E0,-8.802798690916E0,
6.004274984662E-1));
#3498=CARTESIAN_POINT('',(1.839434913828E0,-8.802669271065E0,
5.979494589535E-1));
#3499=CARTESIAN_POINT('',(1.651510823869E0,-8.368449296482E0,1.124225996343E0));
#3500=CARTESIAN_POINT('',(1.653718730280E0,-8.370598063214E0,1.123496144708E0));
#3501=CARTESIAN_POINT('',(1.679560109347E0,-8.395797945757E0,1.114764928328E0));
#3502=CARTESIAN_POINT('',(1.721842664505E0,-8.438089763105E0,1.096693732355E0));
#3503=CARTESIAN_POINT('',(1.772853474426E0,-8.491480686139E0,1.066933090880E0));
#3504=CARTESIAN_POINT('',(1.813227119068E0,-8.535475450412E0,1.037632520672E0));
#3505=CARTESIAN_POINT('',(1.849393301913E0,-8.576526793335E0,1.006009466479E0));
#3506=CARTESIAN_POINT('',(1.883874971025E0,-8.617599745126E0,
9.695323285843E-1));
#3507=CARTESIAN_POINT('',(1.915848167297E0,-8.658092409500E0,
9.277773656670E-1));
#3508=CARTESIAN_POINT('',(1.943023534265E0,-8.695290486806E0,
8.829630184610E-1));
#3509=CARTESIAN_POINT('',(1.965275836177E0,-8.728876632320E0,
8.354564167279E-1));
#3510=CARTESIAN_POINT('',(1.982278228195E0,-8.758304852629E0,
7.855213245441E-1));
#3511=CARTESIAN_POINT('',(1.993213599470E0,-8.781946051668E0,
7.348780420815E-1));
#3512=CARTESIAN_POINT('',(1.998291147500E0,-8.797885638794E0,
6.885255491056E-1));
#3513=CARTESIAN_POINT('',(1.999794076618E0,-8.806769080588E0,
6.490372787126E-1));
#3514=CARTESIAN_POINT('',(1.999989609800E0,-8.810073937657E0,
6.187730198494E-1));
#3515=CARTESIAN_POINT('',(1.999995517790E0,-8.810363573928E0,
6.011435180905E-1));
#3516=CARTESIAN_POINT('',(1.999990224208E0,-8.810230350889E0,
5.944753586956E-1));
#3517=(BOUNDED_SURFACE()B_SPLINE_SURFACE(3,3,((#3445,#3446,#3447,#3448,#3449,
#3450,#3451,#3452,#3453,#3454,#3455,#3456,#3457,#3458,#3459,#3460,#3461,#3462),(
#3463,#3464,#3465,#3466,#3467,#3468,#3469,#3470,#3471,#3472,#3473,#3474,#3475,
#3476,#3477,#3478,#3479,#3480),(#3481,#3482,#3483,#3484,#3485,#3486,#3487,#3488,
#3489,#3490,#3491,#3492,#3493,#3494,#3495,#3496,#3497,#3498),(#3499,#3500,#3501,
#3502,#3503,#3504,#3505,#3506,#3507,#3508,#3509,#3510,#3511,#3512,#3513,#3514,
#3515,#3516)),.UNSPECIFIED.,.F.,.F.,.F.)B_SPLINE_SURFACE_WITH_KNOTS((4,4),(4,1,
1,1,1,1,1,1,1,1,1,1,1,1,1,4),(0.E0,1.E0),(-9.723264049550E-3,0.E0,
1.044544857705E-1,1.847416861203E-1,2.522569227003E-1,3.182812208985E-1,
3.905669593871E-1,4.665858669125E-1,5.415649184725E-1,6.116937682670E-1,
6.871084795108E-1,7.636350185489E-1,8.331554703411E-1,8.941743550645E-1,
9.490322355445E-1,9.823262785109E-1),.UNSPECIFIED.)GEOMETRIC_REPRESENTATION_ITEM()RATIONAL_B_SPLINE_SURFACE(((1.195413986484E0,1.195413986484E0,1.195413986484E0,
1.195413986484E0,1.195413986484E0,1.195413986484E0,1.195413986484E0,
1.195413986484E0,1.195413986484E0,1.195413986484E0,1.195413986484E0,
1.195413986484E0,1.195413986484E0,1.195413986484E0,1.195413986484E0,
1.195413986484E0,1.195413986484E0,1.195413986484E0),(9.348620045055E-1,
9.348620045055E-1,9.348620045055E-1,9.348620045055E-1,9.348620045055E-1,
9.348620045055E-1,9.348620045055E-1,9.348620045055E-1,9.348620045055E-1,
9.348620045055E-1,9.348620045055E-1,9.348620045055E-1,9.348620045055E-1,
9.348620045055E-1,9.348620045055E-1,9.348620045055E-1,9.348620045055E-1,
9.348620045055E-1),(9.348620045055E-1,9.348620045055E-1,9.348620045055E-1,
9.348620045055E-1,9.348620045055E-1,9.348620045055E-1,9.348620045055E-1,
9.348620045055E-1,9.348620045055E-1,9.348620045055E-1,9.348620045055E-1,
9.348620045055E-1,9.348620045055E-1,9.348620045055E-1,9.348620045055E-1,
9.348620045055E-1,9.348620045055E-1,9.348620045055E-1),(1.195413986484E0,
1.195413986484E0,1.195413986484E0,1.195413986484E0,1.195413986484E0,
1.195413986484E0,1.195413986484E0,1.195413986484E0,1.195413986484E0,
1.195413986484E0,1.195413986484E0,1.195413986484E0,1.195413986484E0,
1.195413986484E0,1.195413986484E0,1.195413986484E0,1.195413986484E0,
1.195413986484E0)))REPRESENTATION_ITEM('')SURFACE());
#3519=ORIENTED_EDGE('',*,*,#3518,.F.);
#3520=ORIENTED_EDGE('',*,*,#3436,.T.);
#3522=ORIENTED_EDGE('',*,*,#3521,.F.);
#3524=ORIENTED_EDGE('',*,*,#3523,.F.);
#3525=EDGE_LOOP('',(#3519,#3520,#3522,#3524));
#3526=FACE_OUTER_BOUND('',#3525,.F.);
#3528=CARTESIAN_POINT('',(1.478E0,-8.555E0,6.E-1));
#3529=DIRECTION('',(0.E0,-1.E0,0.E0));
#3530=DIRECTION('',(1.E0,0.E0,0.E0));
#3531=AXIS2_PLACEMENT_3D('',#3528,#3529,#3530);
#3532=CYLINDRICAL_SURFACE('',#3531,2.55E-1);
#3534=ORIENTED_EDGE('',*,*,#3533,.F.);
#3535=ORIENTED_EDGE('',*,*,#3518,.T.);
#3537=ORIENTED_EDGE('',*,*,#3536,.F.);
#3539=ORIENTED_EDGE('',*,*,#3538,.F.);
#3541=ORIENTED_EDGE('',*,*,#3540,.F.);
#3543=ORIENTED_EDGE('',*,*,#3542,.T.);
#3544=EDGE_LOOP('',(#3534,#3535,#3537,#3539,#3541,#3543));
#3545=FACE_OUTER_BOUND('',#3544,.F.);
#3547=CARTESIAN_POINT('',(1.478E0,-8.555E0,6.E-1));
#3548=DIRECTION('',(-7.071067811865E-1,-7.071067811865E-1,0.E0));
#3549=DIRECTION('',(7.071067811865E-1,-7.071067811865E-1,0.E0));
#3550=AXIS2_PLACEMENT_3D('',#3547,#3548,#3549);
#3551=SPHERICAL_SURFACE('',#3550,2.55E-1);
#3552=ORIENTED_EDGE('',*,*,#3533,.T.);
#3553=ORIENTED_EDGE('',*,*,#3256,.F.);
#3554=ORIENTED_EDGE('',*,*,#3438,.F.);
#3555=EDGE_LOOP('',(#3552,#3553,#3554));
#3556=FACE_OUTER_BOUND('',#3555,.F.);
#3558=CARTESIAN_POINT('',(1.479797745988E0,-9.566827064345E0,
8.551498625483E-1));
#3559=CARTESIAN_POINT('',(1.482025987672E0,-9.565712286366E0,
8.552012481700E-1));
#3560=CARTESIAN_POINT('',(1.507278210608E0,-9.553075401064E0,
8.557016237760E-1));
#3561=CARTESIAN_POINT('',(1.550191786462E0,-9.531534831921E0,
8.549678266179E-1));
#3562=CARTESIAN_POINT('',(1.605532694140E0,-9.503616655876E0,
8.506158614324E-1));
#3563=CARTESIAN_POINT('',(1.652089760592E0,-9.480032825589E0,
8.445280070577E-1));
#3564=CARTESIAN_POINT('',(1.696456492343E0,-9.457471394806E0,
8.364778004946E-1));
#3565=CARTESIAN_POINT('',(1.741980527569E0,-9.434223589195E0,
8.255851654244E-1));
#3566=CARTESIAN_POINT('',(1.788350006004E0,-9.410428898788E0,
8.111933852681E-1));
#3567=CARTESIAN_POINT('',(1.832765978017E0,-9.387513357043E0,
7.935304963059E-1));
#3568=CARTESIAN_POINT('',(1.875004878032E0,-9.365596063287E0,
7.722272206363E-1));
#3569=CARTESIAN_POINT('',(1.914624083586E0,-9.344907067503E0,
7.465460680483E-1));
#3570=CARTESIAN_POINT('',(1.949640421377E0,-9.326487425686E0,
7.158911196526E-1));
#3571=CARTESIAN_POINT('',(1.976215534132E0,-9.312405824515E0,
6.822247660919E-1));
#3572=CARTESIAN_POINT('',(1.992848051948E0,-9.303540688227E0,
6.482119172621E-1));
#3573=CARTESIAN_POINT('',(1.999593785185E0,-9.299932887938E0,
6.187572790356E-1));
#3574=CARTESIAN_POINT('',(2.000153355607E0,-9.299632889033E0,
6.009921045944E-1));
#3575=CARTESIAN_POINT('',(1.999872415888E0,-9.299783314495E0,
5.942598139692E-1));
#3576=CARTESIAN_POINT('',(1.369601047475E0,-9.456553107001E0,
8.492560208560E-1));
#3577=CARTESIAN_POINT('',(1.371832712719E0,-9.455461196729E0,
8.488255592934E-1));
#3578=CARTESIAN_POINT('',(1.397104754948E0,-9.443136162485E0,
8.438672725391E-1));
#3579=CARTESIAN_POINT('',(1.439703978858E0,-9.423149932947E0,
8.339077390875E-1));
#3580=CARTESIAN_POINT('',(1.493905559791E0,-9.399417365710E0,
8.180646126328E-1));
#3581=CARTESIAN_POINT('',(1.538965533578E0,-9.380882557761E0,
8.027681086040E-1));
#3582=CARTESIAN_POINT('',(1.581395162798E0,-9.364519478518E0,
7.865067385300E-1));
#3583=CARTESIAN_POINT('',(1.624318536018E0,-9.349209211314E0,
7.680181125407E-1));
#3584=CARTESIAN_POINT('',(1.667254332070E0,-9.335387213050E0,
7.471761640061E-1));
#3585=CARTESIAN_POINT('',(1.707453060249E0,-9.324089639535E0,
7.251780081580E-1));
#3586=CARTESIAN_POINT('',(1.744636361973E0,-9.315366296801E0,
7.022898566539E-1));
#3587=CARTESIAN_POINT('',(1.778301217985E0,-9.309360687233E0,
6.787819739326E-1));
#3588=CARTESIAN_POINT('',(1.806671332390E0,-9.306353604109E0,
6.557119632734E-1));
#3589=CARTESIAN_POINT('',(1.827032364034E0,-9.305882440368E0,
6.355350094023E-1));
#3590=CARTESIAN_POINT('',(1.839137271962E0,-9.306528866336E0,
6.192381556402E-1));
#3591=CARTESIAN_POINT('',(1.843877318182E0,-9.307023410897E0,
6.072736608033E-1));
#3592=CARTESIAN_POINT('',(1.844275798603E0,-9.307070494484E0,
6.003897298294E-1));
#3593=CARTESIAN_POINT('',(1.844077211191E0,-9.307048432576E0,
5.977625340657E-1));
#3594=CARTESIAN_POINT('',(1.290093773327E0,-9.378477052603E0,
9.584395998355E-1));
#3595=CARTESIAN_POINT('',(1.292327908679E0,-9.376905928157E0,
9.576678506996E-1));
#3596=CARTESIAN_POINT('',(1.317614250594E0,-9.359188399523E0,
9.488068369157E-1));
#3597=CARTESIAN_POINT('',(1.359986668561E0,-9.330783229197E0,
9.315477998542E-1));
#3598=CARTESIAN_POINT('',(1.413366221563E0,-9.297779954804E0,
9.050815407977E-1));
#3599=CARTESIAN_POINT('',(1.457346038155E0,-9.272557417011E0,
8.801138691980E-1));
#3600=CARTESIAN_POINT('',(1.498378041637E0,-9.250830609352E0,
8.540612301384E-1));
#3601=CARTESIAN_POINT('',(1.539425028813E0,-9.231165371584E0,
8.249803199513E-1));
#3602=CARTESIAN_POINT('',(1.579883411928E0,-9.214282974117E0,
7.928536431257E-1));
#3603=CARTESIAN_POINT('',(1.617039385050E0,-9.201560032041E0,
7.597122939366E-1));
#3604=CARTESIAN_POINT('',(1.650575056268E0,-9.193047024640E0,
7.261383103034E-1));
#3605=CARTESIAN_POINT('',(1.679943829839E0,-9.188924501931E0,
6.928351422874E-1));
#3606=CARTESIAN_POINT('',(1.703518672589E0,-9.189362324065E0,
6.618446938592E-1));
#3607=CARTESIAN_POINT('',(1.719396224627E0,-9.192906113371E0,
6.368686019235E-1));
#3608=CARTESIAN_POINT('',(1.728234447387E0,-9.196792915224E0,
6.188126924405E-1));
#3609=CARTESIAN_POINT('',(1.731527383942E0,-9.198781122656E0,
6.069485716987E-1));
#3610=CARTESIAN_POINT('',(1.731809637406E0,-9.198956913665E0,
6.003763244151E-1));
#3611=CARTESIAN_POINT('',(1.731670467451E0,-9.198871484288E0,
5.978532915525E-1));
#3612=CARTESIAN_POINT('',(1.291000425394E0,-9.381428306423E0,1.114416293011E0));
#3613=CARTESIAN_POINT('',(1.293234532579E0,-9.379175590400E0,1.113657259962E0));
#3614=CARTESIAN_POINT('',(1.318520711429E0,-9.353733732180E0,1.104890251998E0));
#3615=CARTESIAN_POINT('',(1.360895715751E0,-9.312201615345E0,1.086823113482E0));
#3616=CARTESIAN_POINT('',(1.414284642654E0,-9.262269294182E0,1.057245544815E0));
#3617=CARTESIAN_POINT('',(1.458276776694E0,-9.222804835501E0,1.028192615308E0));
#3618=CARTESIAN_POINT('',(1.499324717842E0,-9.187506739247E0,
9.968921417786E-1));
#3619=CARTESIAN_POINT('',(1.540393102170E0,-9.153917656281E0,
9.608471555941E-1));
#3620=CARTESIAN_POINT('',(1.580879736179E0,-9.122855767046E0,
9.196587522634E-1));
#3621=CARTESIAN_POINT('',(1.618070407008E0,-9.096555556815E0,
8.755353278572E-1));
#3622=CARTESIAN_POINT('',(1.651647673562E0,-9.075137723613E0,
8.288575629235E-1));
#3623=CARTESIAN_POINT('',(1.681065437016E0,-9.058920290429E0,
7.799166062748E-1));
#3624=CARTESIAN_POINT('',(1.704694962095E0,-9.048680892360E0,
7.304538513640E-1));
#3625=CARTESIAN_POINT('',(1.720623640978E0,-9.044133165740E0,
6.853915039468E-1));
#3626=CARTESIAN_POINT('',(1.729499115007E0,-9.042962599432E0,
6.472016158403E-1));
#3627=CARTESIAN_POINT('',(1.732808553511E0,-9.042901638736E0,
6.179853251160E-1));
#3628=CARTESIAN_POINT('',(1.733092132355E0,-9.042907267422E0,
6.009602722075E-1));
#3629=CARTESIAN_POINT('',(1.732952284840E0,-9.042907221008E0,
5.944753259524E-1));
#3630=(BOUNDED_SURFACE()B_SPLINE_SURFACE(3,3,((#3558,#3559,#3560,#3561,#3562,
#3563,#3564,#3565,#3566,#3567,#3568,#3569,#3570,#3571,#3572,#3573,#3574,#3575),(
#3576,#3577,#3578,#3579,#3580,#3581,#3582,#3583,#3584,#3585,#3586,#3587,#3588,
#3589,#3590,#3591,#3592,#3593),(#3594,#3595,#3596,#3597,#3598,#3599,#3600,#3601,
#3602,#3603,#3604,#3605,#3606,#3607,#3608,#3609,#3610,#3611),(#3612,#3613,#3614,
#3615,#3616,#3617,#3618,#3619,#3620,#3621,#3622,#3623,#3624,#3625,#3626,#3627,
#3628,#3629)),.UNSPECIFIED.,.F.,.F.,.F.)B_SPLINE_SURFACE_WITH_KNOTS((4,4),(4,1,
1,1,1,1,1,1,1,1,1,1,1,1,1,4),(0.E0,1.E0),(-1.010838467414E-2,0.E0,
1.044544857725E-1,1.847416861230E-1,2.522569227032E-1,3.182812209014E-1,
3.905669593899E-1,4.665858669151E-1,5.415649184746E-1,6.116937682689E-1,
6.871084795125E-1,7.636350185502E-1,8.331554703420E-1,8.941743550651E-1,
9.490322355448E-1,9.826899686409E-1),.UNSPECIFIED.)GEOMETRIC_REPRESENTATION_ITEM()RATIONAL_B_SPLINE_SURFACE(((1.185328551299E0,1.185328551299E0,1.185328551299E0,
1.185328551299E0,1.185328551299E0,1.185328551299E0,1.185328551299E0,
1.185328551299E0,1.185328551299E0,1.185328551299E0,1.185328551299E0,
1.185328551299E0,1.185328551299E0,1.185328551299E0,1.185328551299E0,
1.185328551299E0,1.185328551299E0,1.185328551299E0),(9.382238162337E-1,
9.382238162337E-1,9.382238162337E-1,9.382238162337E-1,9.382238162337E-1,
9.382238162337E-1,9.382238162337E-1,9.382238162337E-1,9.382238162337E-1,
9.382238162337E-1,9.382238162337E-1,9.382238162337E-1,9.382238162337E-1,
9.382238162337E-1,9.382238162337E-1,9.382238162337E-1,9.382238162337E-1,
9.382238162337E-1),(9.382238162337E-1,9.382238162337E-1,9.382238162337E-1,
9.382238162337E-1,9.382238162337E-1,9.382238162337E-1,9.382238162337E-1,
9.382238162337E-1,9.382238162337E-1,9.382238162337E-1,9.382238162337E-1,
9.382238162337E-1,9.382238162337E-1,9.382238162337E-1,9.382238162337E-1,
9.382238162337E-1,9.382238162337E-1,9.382238162337E-1),(1.185328551299E0,
1.185328551299E0,1.185328551299E0,1.185328551299E0,1.185328551299E0,
1.185328551299E0,1.185328551299E0,1.185328551299E0,1.185328551299E0,
1.185328551299E0,1.185328551299E0,1.185328551299E0,1.185328551299E0,
1.185328551299E0,1.185328551299E0,1.185328551299E0,1.185328551299E0,
1.185328551299E0)))REPRESENTATION_ITEM('')SURFACE());
#3632=ORIENTED_EDGE('',*,*,#3631,.F.);
#3633=ORIENTED_EDGE('',*,*,#3536,.T.);
#3634=ORIENTED_EDGE('',*,*,#3523,.T.);
#3636=ORIENTED_EDGE('',*,*,#3635,.F.);
#3637=EDGE_LOOP('',(#3632,#3633,#3634,#3636));
#3638=FACE_OUTER_BOUND('',#3637,.F.);
#3640=CARTESIAN_POINT('',(1.478E0,-9.555E0,6.E-1));
#3641=DIRECTION('',(1.E0,0.E0,0.E0));
#3642=DIRECTION('',(0.E0,1.E0,0.E0));
#3643=AXIS2_PLACEMENT_3D('',#3640,#3641,#3642);
#3644=CYLINDRICAL_SURFACE('',#3643,2.55E-1);
#3646=ORIENTED_EDGE('',*,*,#3645,.F.);
#3647=ORIENTED_EDGE('',*,*,#3631,.T.);
#3649=ORIENTED_EDGE('',*,*,#3648,.T.);
#3651=ORIENTED_EDGE('',*,*,#3650,.T.);
#3653=ORIENTED_EDGE('',*,*,#3652,.F.);
#3655=ORIENTED_EDGE('',*,*,#3654,.F.);
#3656=EDGE_LOOP('',(#3646,#3647,#3649,#3651,#3653,#3655));
#3657=FACE_OUTER_BOUND('',#3656,.F.);
#3659=CARTESIAN_POINT('',(1.478E0,-9.555E0,6.E-1));
#3660=DIRECTION('',(7.071067811865E-1,-7.071067811865E-1,0.E0));
#3661=DIRECTION('',(7.071067811865E-1,7.071067811865E-1,0.E0));
#3662=AXIS2_PLACEMENT_3D('',#3659,#3660,#3661);
#3663=SPHERICAL_SURFACE('',#3662,2.55E-1);
#3664=ORIENTED_EDGE('',*,*,#3645,.T.);
#3666=ORIENTED_EDGE('',*,*,#3665,.T.);
#3667=ORIENTED_EDGE('',*,*,#3538,.T.);
#3668=EDGE_LOOP('',(#3664,#3666,#3667));
#3669=FACE_OUTER_BOUND('',#3668,.F.);
#3671=CARTESIAN_POINT('',(1.478E0,-9.555E0,6.E-1));
#3672=DIRECTION('',(1.E0,0.E0,0.E0));
#3673=DIRECTION('',(0.E0,1.E0,0.E0));
#3674=AXIS2_PLACEMENT_3D('',#3671,#3672,#3673);
#3675=CYLINDRICAL_SURFACE('',#3674,2.55E-1);
#3676=ORIENTED_EDGE('',*,*,#3665,.F.);
#3677=ORIENTED_EDGE('',*,*,#3654,.T.);
#3679=ORIENTED_EDGE('',*,*,#3678,.F.);
#3681=ORIENTED_EDGE('',*,*,#3680,.T.);
#3682=ORIENTED_EDGE('',*,*,#3648,.F.);
#3684=ORIENTED_EDGE('',*,*,#3683,.T.);
#3685=EDGE_LOOP('',(#3676,#3677,#3679,#3681,#3682,#3684));
#3686=FACE_OUTER_BOUND('',#3685,.F.);
#3688=CARTESIAN_POINT('',(2.489699651338E0,-9.557052419221E0,
3.448442959087E-1));
#3689=CARTESIAN_POINT('',(2.488627327160E0,-9.559195760161E0,
3.447953982818E-1));
#3690=CARTESIAN_POINT('',(2.476032827804E0,-9.584363026948E0,
3.442998265779E-1));
#3691=CARTESIAN_POINT('',(2.454534831850E0,-9.627191786273E0,
3.450321733644E-1));
#3692=CARTESIAN_POINT('',(2.426616655890E0,-9.682532694177E0,
3.493841385711E-1));
#3693=CARTESIAN_POINT('',(2.403032825586E0,-9.729089760583E0,
3.554719929415E-1));
#3694=CARTESIAN_POINT('',(2.380471394807E0,-9.773456492346E0,
3.635221995057E-1));
#3695=CARTESIAN_POINT('',(2.357223589194E0,-9.818980527569E0,
3.744148345756E-1));
#3696=CARTESIAN_POINT('',(2.333428898787E0,-9.865350006004E0,
3.888066147322E-1));
#3697=CARTESIAN_POINT('',(2.310513357044E0,-9.909765978018E0,
4.064695036939E-1));
#3698=CARTESIAN_POINT('',(2.288596063281E0,-9.952004878028E0,
4.277727793652E-1));
#3699=CARTESIAN_POINT('',(2.267907067525E0,-9.991624083602E0,
4.534539319464E-1));
#3700=CARTESIAN_POINT('',(2.249487425604E0,-1.002664042132E1,
4.841088803671E-1));
#3701=CARTESIAN_POINT('',(2.235405824775E0,-1.005321553432E1,
5.177752338460E-1));
#3702=CARTESIAN_POINT('',(2.226540687420E0,-1.006984805137E1,
5.517880829306E-1));
#3703=CARTESIAN_POINT('',(2.222941663322E0,-1.007657738310E1,
5.811710951764E-1));
#3704=CARTESIAN_POINT('',(2.222635381932E0,-1.007714869813E1,
5.988619417941E-1));
#3705=CARTESIAN_POINT('',(2.222778531649E0,-1.007688134847E1,
6.055219789484E-1));
#3706=CARTESIAN_POINT('',(2.376060557469E0,-9.443490625193E0,
3.509748931083E-1));
#3707=CARTESIAN_POINT('',(2.375011253230E0,-9.445637234806E0,
3.514036251668E-1));
#3708=CARTESIAN_POINT('',(2.362739123935E0,-9.470824141916E0,
3.565143981454E-1));
#3709=CARTESIAN_POINT('',(2.342839776238E0,-9.513329599181E0,
3.667354522891E-1));
#3710=CARTESIAN_POINT('',(2.319235039642E0,-9.567496381402E0,
3.829295273213E-1));
#3711=CARTESIAN_POINT('',(2.300854432904E0,-9.612510633406E0,
3.985072705965E-1));
#3712=CARTESIAN_POINT('',(2.284680655997E0,-9.654881101892E0,
4.150194158613E-1));
#3713=CARTESIAN_POINT('',(2.269612807291E0,-9.697725048949E0,
4.337400292184E-1));
#3714=CARTESIAN_POINT('',(2.256095382664E0,-9.740555977711E0,
4.547789708184E-1));
#3715=CARTESIAN_POINT('',(2.245152630748E0,-9.780625908028E0,
4.769095290341E-1));
#3716=CARTESIAN_POINT('',(2.236832241442E0,-9.817654807982E0,
4.998460838356E-1));
#3717=CARTESIAN_POINT('',(2.231275073355E0,-9.851137813364E0,
5.232875933183E-1));
#3718=CARTESIAN_POINT('',(2.228738702837E0,-9.879304947954E0,
5.461259538781E-1));
#3719=CARTESIAN_POINT('',(2.228683208009E0,-9.899476193789E0,
5.658909321926E-1));
#3720=CARTESIAN_POINT('',(2.229620137580E0,-9.911442834494E0,
5.816467227800E-1));
#3721=CARTESIAN_POINT('',(2.230238425796E0,-9.916110221018E0,
5.930492690092E-1));
#3722=CARTESIAN_POINT('',(2.230297201280E0,-9.916511930904E0,
5.995748265323E-1));
#3723=CARTESIAN_POINT('',(2.230271183954E0,-9.916325340894E0,
6.020494075264E-1));
#3724=CARTESIAN_POINT('',(2.297117322232E0,-9.363101316614E0,
2.362876402985E-1));
#3725=CARTESIAN_POINT('',(2.295583991545E0,-9.365250240089E0,
2.370483031578E-1));
#3726=CARTESIAN_POINT('',(2.277665573484E0,-9.390451050396E0,
2.460918590718E-1));
#3727=CARTESIAN_POINT('',(2.248907112180E0,-9.432727645223E0,
2.637033429708E-1));
#3728=CARTESIAN_POINT('',(2.215459480262E0,-9.486063275096E0,
2.907274922694E-1));
#3729=CARTESIAN_POINT('',(2.189922462293E0,-9.529985383530E0,
3.161993139992E-1));
#3730=CARTESIAN_POINT('',(2.167949860069E0,-9.570942716323E0,
3.427590385943E-1));
#3731=CARTESIAN_POINT('',(2.148093742399E0,-9.611889454583E0,
3.723846696990E-1));
#3732=CARTESIAN_POINT('',(2.131090350027E0,-9.652215477853E0,
4.050867651885E-1));
#3733=CARTESIAN_POINT('',(2.118331910310E0,-9.689208886792E0,
4.387902328350E-1));
#3734=CARTESIAN_POINT('',(2.109868728712E0,-9.722549677503E0,
4.728955696801E-1));
#3735=CARTESIAN_POINT('',(2.105882921205E0,-9.751688925418E0,
5.066749639215E-1));
#3736=CARTESIAN_POINT('',(2.106536610888E0,-9.775007574578E0,
5.380330576557E-1));
#3737=CARTESIAN_POINT('',(2.110318961034E0,-9.790645584056E0,
5.632053162017E-1));
#3738=CARTESIAN_POINT('',(2.114393923499E0,-9.799309295490E0,
5.812949245287E-1));
#3739=CARTESIAN_POINT('',(2.116462899590E0,-9.802517050715E0,
5.930730947786E-1));
#3740=CARTESIAN_POINT('',(2.116649704839E0,-9.802798698735E0,
5.995725104226E-1));
#3741=CARTESIAN_POINT('',(2.116564928386E0,-9.802669277714E0,
6.020505589675E-1));
#3742=CARTESIAN_POINT('',(2.304489184773E0,-9.368449288072E0,
7.577400080064E-2));
#3743=CARTESIAN_POINT('',(2.302281275462E0,-9.370598057615E0,
7.650385335173E-2));
#3744=CARTESIAN_POINT('',(2.276439893410E0,-9.395797942999E0,
8.523507049381E-2));
#3745=CARTESIAN_POINT('',(2.234157335494E0,-9.438089763106E0,
1.033062676453E-1));
#3746=CARTESIAN_POINT('',(2.183146525572E0,-9.491480686141E0,
1.330669091216E-1));
#3747=CARTESIAN_POINT('',(2.142772880930E0,-9.535475450414E0,
1.623674793293E-1));
#3748=CARTESIAN_POINT('',(2.106606698085E0,-9.576526793337E0,
1.939905335229E-1));
#3749=CARTESIAN_POINT('',(2.072125028974E0,-9.617599745128E0,
2.304676714175E-1));
#3750=CARTESIAN_POINT('',(2.040151832701E0,-9.658092409502E0,
2.722226343348E-1));
#3751=CARTESIAN_POINT('',(2.012976465734E0,-9.695290486808E0,
3.170369815407E-1));
#3752=CARTESIAN_POINT('',(1.990724163822E0,-9.728876632321E0,
3.645435832735E-1));
#3753=CARTESIAN_POINT('',(1.973721771805E0,-9.758304852630E0,
4.144786754572E-1));
#3754=CARTESIAN_POINT('',(1.962786400530E0,-9.781946051669E0,
4.651219579196E-1));
#3755=CARTESIAN_POINT('',(1.957708852501E0,-9.797885638795E0,
5.114744508949E-1));
#3756=CARTESIAN_POINT('',(1.956205923379E0,-9.806769080586E0,
5.509627212885E-1));
#3757=CARTESIAN_POINT('',(1.956010390123E0,-9.810073939103E0,
5.812269933398E-1));
#3758=CARTESIAN_POINT('',(1.956004482191E0,-9.810363574347E0,
5.988565079180E-1));
#3759=CARTESIAN_POINT('',(1.956009775823E0,-9.810230350108E0,
6.055246803699E-1));
#3760=(BOUNDED_SURFACE()B_SPLINE_SURFACE(3,3,((#3688,#3689,#3690,#3691,#3692,
#3693,#3694,#3695,#3696,#3697,#3698,#3699,#3700,#3701,#3702,#3703,#3704,#3705),(
#3706,#3707,#3708,#3709,#3710,#3711,#3712,#3713,#3714,#3715,#3716,#3717,#3718,
#3719,#3720,#3721,#3722,#3723),(#3724,#3725,#3726,#3727,#3728,#3729,#3730,#3731,
#3732,#3733,#3734,#3735,#3736,#3737,#3738,#3739,#3740,#3741),(#3742,#3743,#3744,
#3745,#3746,#3747,#3748,#3749,#3750,#3751,#3752,#3753,#3754,#3755,#3756,#3757,
#3758,#3759)),.UNSPECIFIED.,.F.,.F.,.F.)B_SPLINE_SURFACE_WITH_KNOTS((4,4),(4,1,
1,1,1,1,1,1,1,1,1,1,1,1,1,4),(0.E0,1.E0),(-9.723276734679E-3,0.E0,
1.044544857733E-1,1.847416861239E-1,2.522569227040E-1,3.182812209021E-1,
3.905669593906E-1,4.665858669157E-1,5.415649184751E-1,6.116937682693E-1,
6.871084795129E-1,7.636350185505E-1,8.331554703422E-1,8.941743550652E-1,
9.490322355449E-1,9.823263435287E-1),.UNSPECIFIED.)GEOMETRIC_REPRESENTATION_ITEM()RATIONAL_B_SPLINE_SURFACE(((1.195413650437E0,1.195413650437E0,1.195413650437E0,
1.195413650437E0,1.195413650437E0,1.195413650437E0,1.195413650437E0,
1.195413650437E0,1.195413650437E0,1.195413650437E0,1.195413650437E0,
1.195413650437E0,1.195413650437E0,1.195413650437E0,1.195413650437E0,
1.195413650437E0,1.195413650437E0,1.195413650437E0),(9.348621165210E-1,
9.348621165210E-1,9.348621165210E-1,9.348621165210E-1,9.348621165210E-1,
9.348621165210E-1,9.348621165210E-1,9.348621165210E-1,9.348621165210E-1,
9.348621165210E-1,9.348621165210E-1,9.348621165210E-1,9.348621165210E-1,
9.348621165210E-1,9.348621165210E-1,9.348621165210E-1,9.348621165210E-1,
9.348621165210E-1),(9.348621165210E-1,9.348621165210E-1,9.348621165210E-1,
9.348621165210E-1,9.348621165210E-1,9.348621165210E-1,9.348621165210E-1,
9.348621165210E-1,9.348621165210E-1,9.348621165210E-1,9.348621165210E-1,
9.348621165210E-1,9.348621165210E-1,9.348621165210E-1,9.348621165210E-1,
9.348621165210E-1,9.348621165210E-1,9.348621165210E-1),(1.195413650437E0,
1.195413650437E0,1.195413650437E0,1.195413650437E0,1.195413650437E0,
1.195413650437E0,1.195413650437E0,1.195413650437E0,1.195413650437E0,
1.195413650437E0,1.195413650437E0,1.195413650437E0,1.195413650437E0,
1.195413650437E0,1.195413650437E0,1.195413650437E0,1.195413650437E0,
1.195413650437E0)))REPRESENTATION_ITEM('')SURFACE());
#3761=ORIENTED_EDGE('',*,*,#3678,.T.);
#3763=ORIENTED_EDGE('',*,*,#3762,.F.);
#3765=ORIENTED_EDGE('',*,*,#3764,.F.);
#3766=EDGE_LOOP('',(#3761,#3763,#3765));
#3767=FACE_OUTER_BOUND('',#3766,.F.);
#3769=CARTESIAN_POINT('',(2.222778530026E0,-1.007688086897E1,
5.944682530492E-1));
#3770=CARTESIAN_POINT('',(2.222641775003E0,-1.007713630507E1,
6.008157653330E-1));
#3771=CARTESIAN_POINT('',(2.222900585589E0,-1.007665348576E1,
6.175516704247E-1));
#3772=CARTESIAN_POINT('',(2.226080755984E0,-1.007070758736E1,
6.452539284124E-1));
#3773=CARTESIAN_POINT('',(2.233899204101E0,-1.005604517683E1,
6.772893930136E-1));
#3774=CARTESIAN_POINT('',(2.246352017601E0,-1.003256845274E1,
7.092384285929E-1));
#3775=CARTESIAN_POINT('',(2.262871135207E0,-1.000121714096E1,
7.389087381327E-1));
#3776=CARTESIAN_POINT('',(2.281650976763E0,-9.965327055444E0,
7.641776741728E-1));
#3777=CARTESIAN_POINT('',(2.301493536975E0,-9.927172099844E0,
7.852384182054E-1));
#3778=CARTESIAN_POINT('',(2.322158884940E0,-9.887218050841E0,
8.029259640361E-1));
#3779=CARTESIAN_POINT('',(2.343861365259E0,-9.845042256977E0,
8.178537630946E-1));
#3780=CARTESIAN_POINT('',(2.365683638230E0,-9.802431169731E0,
8.298027879419E-1));
#3781=CARTESIAN_POINT('',(2.386779183968E0,-9.761064275003E0,
8.389018476564E-1));
#3782=CARTESIAN_POINT('',(2.407600466272E0,-9.720081770825E0,
8.458377443369E-1));
#3783=CARTESIAN_POINT('',(2.429935674881E0,-9.675960785776E0,
8.512384046054E-1));
#3784=CARTESIAN_POINT('',(2.456420530021E0,-9.623436606137E0,
8.550658297106E-1));
#3785=CARTESIAN_POINT('',(2.476792310473E0,-9.582844154186E0,
8.556706680899E-1));
#3786=CARTESIAN_POINT('',(2.488628317557E0,-9.559192462903E0,
8.552044436162E-1));
#3787=CARTESIAN_POINT('',(2.489701337985E0,-9.557047718442E0,
8.551554553335E-1));
#3788=CARTESIAN_POINT('',(2.230270525245E0,-9.916324936335E0,
5.979469876537E-1));
#3789=CARTESIAN_POINT('',(2.230295286459E0,-9.916503027283E0,
6.003055147219E-1));
#3790=CARTESIAN_POINT('',(2.230245865762E0,-9.916163720957E0,
6.064811739826E-1));
#3791=CARTESIAN_POINT('',(2.229696887383E0,-9.912041155657E0,
6.171716685932E-1));
#3792=CARTESIAN_POINT('',(2.228806111257E0,-9.901537345594E0,
6.316695393355E-1));
#3793=CARTESIAN_POINT('',(2.228612736403E0,-9.883880245304E0,
6.496659881319E-1));
#3794=CARTESIAN_POINT('',(2.230387366509E0,-9.858974505998E0,
6.706406327404E-1));
#3795=CARTESIAN_POINT('',(2.234752013962E0,-9.829035485931E0,
6.924505939598E-1));
#3796=CARTESIAN_POINT('',(2.241512005171E0,-9.795998617766E0,
7.138238964021E-1));
#3797=CARTESIAN_POINT('',(2.250495044935E0,-9.760389963009E0,
7.345254924550E-1));
#3798=CARTESIAN_POINT('',(2.261822029628E0,-9.721886770230E0,
7.546344576549E-1));
#3799=CARTESIAN_POINT('',(2.274942886491E0,-9.682213092932E0,
7.732307823682E-1));
#3800=CARTESIAN_POINT('',(2.289094246431E0,-9.643088543724E0,
7.897174718707E-1));
#3801=CARTESIAN_POINT('',(2.304330828835E0,-9.603832085923E0,
8.046086470706E-1));
#3802=CARTESIAN_POINT('',(2.321972868807E0,-9.561088282378E0,
8.190824665890E-1));
#3803=CARTESIAN_POINT('',(2.344562956644E0,-9.509610528500E0,
8.341938770810E-1));
#3804=CARTESIAN_POINT('',(2.363479162685E0,-9.469304168440E0,
8.437947699727E-1));
#3805=CARTESIAN_POINT('',(2.375012690227E0,-9.445634414984E0,
8.485972671826E-1));
#3806=CARTESIAN_POINT('',(2.376062732207E0,-9.443486446584E0,
8.490262199589E-1));
#3807=CARTESIAN_POINT('',(2.116564497891E0,-9.802668939109E0,
5.979458584153E-1));
#3808=CARTESIAN_POINT('',(2.116645323722E0,-9.802792278166E0,
6.003077295133E-1));
#3809=CARTESIAN_POINT('',(2.116487898638E0,-9.802554563300E0,
6.064603744111E-1));
#3810=CARTESIAN_POINT('',(2.114655095569E0,-9.799722717927E0,
6.174605352958E-1));
#3811=CARTESIAN_POINT('',(2.110948895877E0,-9.792162741054E0,
6.339024981742E-1));
#3812=CARTESIAN_POINT('',(2.107181488341E0,-9.778625296365E0,
6.564655747473E-1));
#3813=CARTESIAN_POINT('',(2.105723759611E0,-9.758282315689E0,
6.848467606228E-1));
#3814=CARTESIAN_POINT('',(2.108157135691E0,-9.732555997491E0,
7.158961850650E-1));
#3815=CARTESIAN_POINT('',(2.114472356654E0,-9.703142174092E0,
7.473438395114E-1));
#3816=CARTESIAN_POINT('',(2.124435241376E0,-9.670609582040E0,
7.785500671502E-1));
#3817=CARTESIAN_POINT('',(2.138197441649E0,-9.634706188171E0,
8.094836920808E-1));
#3818=CARTESIAN_POINT('',(2.155052994234E0,-9.597111875064E0,
8.386016617589E-1));
#3819=CARTESIAN_POINT('',(2.173904695230E0,-9.559574660636E0,
8.648280534319E-1));
#3820=CARTESIAN_POINT('',(2.194723268453E0,-9.521540054430E0,
8.888696801597E-1));
#3821=CARTESIAN_POINT('',(2.219317018032E0,-9.479771144398E0,
9.126068552411E-1));
#3822=CARTESIAN_POINT('',(2.251391092367E0,-9.429034145230E0,
9.378886021920E-1));
#3823=CARTESIAN_POINT('',(2.278746320858E0,-9.388930306864E0,
9.544543763217E-1));
#3824=CARTESIAN_POINT('',(2.295586414846E0,-9.365247767369E0,
9.629525768438E-1));
#3825=CARTESIAN_POINT('',(2.297120836437E0,-9.363097516774E0,
9.637136485484E-1));
#3826=CARTESIAN_POINT('',(1.956009904167E0,-9.810229620077E0,
5.944656037142E-1));
#3827=CARTESIAN_POINT('',(1.956004683779E0,-9.810356601367E0,
6.008209615119E-1));
#3828=CARTESIAN_POINT('',(1.956010102505E0,-9.810112128383E0,
6.175028720167E-1));
#3829=CARTESIAN_POINT('',(1.956178258882E0,-9.807194421095E0,
6.459316459889E-1));
#3830=CARTESIAN_POINT('',(1.957391369591E0,-9.799438613081E0,
6.825281949915E-1));
#3831=CARTESIAN_POINT('',(1.961459053387E0,-9.785627118606E0,
7.251911130724E-1));
#3832=CARTESIAN_POINT('',(1.970394651062E0,-9.764980611823E0,
7.722380989604E-1));
#3833=CARTESIAN_POINT('',(1.984643487336E0,-9.738974054170E0,
8.191839765398E-1));
#3834=CARTESIAN_POINT('',(2.003442560673E0,-9.709319216779E0,
8.638804160856E-1));
#3835=CARTESIAN_POINT('',(2.026406748012E0,-9.676581997349E0,
9.062131473872E-1));
#3836=CARTESIAN_POINT('',(2.053822550036E0,-9.640505658359E0,
9.465369581520E-1));
#3837=CARTESIAN_POINT('',(2.084406888387E0,-9.602773020749E0,
9.831710839948E-1));
#3838=CARTESIAN_POINT('',(2.116530024778E0,-9.565130212845E0,1.015120708668E0));
#3839=CARTESIAN_POINT('',(2.150447358848E0,-9.527014326017E0,1.043524714269E0));
#3840=CARTESIAN_POINT('',(2.189092151588E0,-9.485180563633E0,1.070658370509E0));
#3841=CARTESIAN_POINT('',(2.237827630591E0,-9.434394287610E0,1.098346682717E0));
#3842=CARTESIAN_POINT('',(2.277998417964E0,-9.394276976995E0,1.115292007528E0));
#3843=CARTESIAN_POINT('',(2.302284296632E0,-9.370595288059E0,1.123496367342E0));
#3844=CARTESIAN_POINT('',(2.304493732483E0,-9.368445189282E0,1.124226571791E0));
#3845=(BOUNDED_SURFACE()B_SPLINE_SURFACE(3,3,((#3769,#3770,#3771,#3772,#3773,
#3774,#3775,#3776,#3777,#3778,#3779,#3780,#3781,#3782,#3783,#3784,#3785,#3786,
#3787),(#3788,#3789,#3790,#3791,#3792,#3793,#3794,#3795,#3796,#3797,#3798,#3799,
#3800,#3801,#3802,#3803,#3804,#3805,#3806),(#3807,#3808,#3809,#3810,#3811,#3812,
#3813,#3814,#3815,#3816,#3817,#3818,#3819,#3820,#3821,#3822,#3823,#3824,#3825),(
#3826,#3827,#3828,#3829,#3830,#3831,#3832,#3833,#3834,#3835,#3836,#3837,#3838,
#3839,#3840,#3841,#3842,#3843,#3844)),.UNSPECIFIED.,.F.,.F.,.F.)B_SPLINE_SURFACE_WITH_KNOTS((4,4),(4,1,1,1,1,1,1,1,1,1,1,1,1,1,1,1,4),(0.E0,1.E0),(
1.663898751680E-2,4.840657617742E-2,1.001402035186E-1,1.571554852926E-1,
2.214727288499E-1,2.923504848780E-1,3.635261003262E-1,4.288565173765E-1,
4.964026218398E-1,5.665449125366E-1,6.354420678088E-1,6.997597069845E-1,
7.604800375751E-1,8.252533087149E-1,9.023199295144E-1,1.E0,1.009740481011E0),
.UNSPECIFIED.)GEOMETRIC_REPRESENTATION_ITEM()RATIONAL_B_SPLINE_SURFACE(((
1.195412376555E0,1.195412376555E0,1.195412376555E0,1.195412376555E0,
1.195412376555E0,1.195412376555E0,1.195412376555E0,1.195412376555E0,
1.195412376555E0,1.195412376555E0,1.195412376555E0,1.195412376555E0,
1.195412376555E0,1.195412376555E0,1.195412376555E0,1.195412376555E0,
1.195412376555E0,1.195412376555E0,1.195412376555E0),(9.348625411483E-1,
9.348625411483E-1,9.348625411483E-1,9.348625411483E-1,9.348625411483E-1,
9.348625411483E-1,9.348625411483E-1,9.348625411483E-1,9.348625411483E-1,
9.348625411483E-1,9.348625411483E-1,9.348625411483E-1,9.348625411483E-1,
9.348625411483E-1,9.348625411483E-1,9.348625411483E-1,9.348625411483E-1,
9.348625411483E-1,9.348625411483E-1),(9.348625411483E-1,9.348625411483E-1,
9.348625411483E-1,9.348625411483E-1,9.348625411483E-1,9.348625411483E-1,
9.348625411483E-1,9.348625411483E-1,9.348625411483E-1,9.348625411483E-1,
9.348625411483E-1,9.348625411483E-1,9.348625411483E-1,9.348625411483E-1,
9.348625411483E-1,9.348625411483E-1,9.348625411483E-1,9.348625411483E-1,
9.348625411483E-1),(1.195412376555E0,1.195412376555E0,1.195412376555E0,
1.195412376555E0,1.195412376555E0,1.195412376555E0,1.195412376555E0,
1.195412376555E0,1.195412376555E0,1.195412376555E0,1.195412376555E0,
1.195412376555E0,1.195412376555E0,1.195412376555E0,1.195412376555E0,
1.195412376555E0,1.195412376555E0,1.195412376555E0,1.195412376555E0)))REPRESENTATION_ITEM('')SURFACE());
#3847=ORIENTED_EDGE('',*,*,#3846,.F.);
#3848=ORIENTED_EDGE('',*,*,#3762,.T.);
#3849=ORIENTED_EDGE('',*,*,#3652,.T.);
#3850=EDGE_LOOP('',(#3847,#3848,#3849));
#3851=FACE_OUTER_BOUND('',#3850,.F.);
#3853=CARTESIAN_POINT('',(2.478E0,-9.555E0,6.E-1));
#3854=DIRECTION('',(0.E0,-1.E0,0.E0));
#3855=DIRECTION('',(1.E0,0.E0,0.E0));
#3856=AXIS2_PLACEMENT_3D('',#3853,#3854,#3855);
#3857=CYLINDRICAL_SURFACE('',#3856,2.55E-1);
#3859=ORIENTED_EDGE('',*,*,#3858,.F.);
#3861=ORIENTED_EDGE('',*,*,#3860,.T.);
#3863=ORIENTED_EDGE('',*,*,#3862,.T.);
#3865=ORIENTED_EDGE('',*,*,#3864,.F.);
#3866=ORIENTED_EDGE('',*,*,#3846,.T.);
#3867=EDGE_LOOP('',(#3859,#3861,#3863,#3865,#3866));
#3868=FACE_OUTER_BOUND('',#3867,.F.);
#3870=CARTESIAN_POINT('',(2.478E0,-9.555E0,6.E-1));
#3871=DIRECTION('',(7.071067811865E-1,-7.071067811865E-1,0.E0));
#3872=DIRECTION('',(-7.071067811865E-1,-7.071067811865E-1,0.E0));
#3873=AXIS2_PLACEMENT_3D('',#3870,#3871,#3872);
#3874=SPHERICAL_SURFACE('',#3873,2.55E-1);
#3876=ORIENTED_EDGE('',*,*,#3875,.T.);
#3877=ORIENTED_EDGE('',*,*,#3858,.T.);
#3878=ORIENTED_EDGE('',*,*,#3650,.F.);
#3879=ORIENTED_EDGE('',*,*,#3680,.F.);
#3880=EDGE_LOOP('',(#3876,#3877,#3878,#3879));
#3881=FACE_OUTER_BOUND('',#3880,.F.);
#3883=CARTESIAN_POINT('',(2.478E0,-9.555E0,6.E-1));
#3884=DIRECTION('',(0.E0,-1.E0,0.E0));
#3885=DIRECTION('',(1.E0,0.E0,0.E0));
#3886=AXIS2_PLACEMENT_3D('',#3883,#3884,#3885);
#3887=CYLINDRICAL_SURFACE('',#3886,2.55E-1);
#3888=ORIENTED_EDGE('',*,*,#3875,.F.);
#3889=ORIENTED_EDGE('',*,*,#3764,.T.);
#3890=ORIENTED_EDGE('',*,*,#3864,.T.);
#3892=ORIENTED_EDGE('',*,*,#3891,.T.);
#3893=ORIENTED_EDGE('',*,*,#3860,.F.);
#3894=EDGE_LOOP('',(#3888,#3889,#3890,#3892,#3893));
#3895=FACE_OUTER_BOUND('',#3894,.F.);
#3897=CARTESIAN_POINT('',(2.478E0,-1.7155E1,6.E-1));
#3898=DIRECTION('',(0.E0,-1.E0,0.E0));
#3899=DIRECTION('',(1.E0,0.E0,0.E0));
#3900=AXIS2_PLACEMENT_3D('',#3897,#3898,#3899);
#3901=PLANE('',#3900);
#3902=ORIENTED_EDGE('',*,*,#3862,.F.);
#3903=ORIENTED_EDGE('',*,*,#3891,.F.);
#3904=EDGE_LOOP('',(#3902,#3903));
#3905=FACE_OUTER_BOUND('',#3904,.F.);
#3907=CARTESIAN_POINT('',(1.999872104691E0,-9.299783222221E0,
6.057454070847E-1));
#3908=CARTESIAN_POINT('',(2.000140373408E0,-9.299639597627E0,
5.993271234076E-1));
#3909=CARTESIAN_POINT('',(1.999668567409E0,-9.299892516504E0,
5.825186025884E-1));
#3910=CARTESIAN_POINT('',(1.993707587850E0,-9.303080756661E0,
5.547460714387E-1));
#3911=CARTESIAN_POINT('',(1.979045176679E0,-9.310899203886E0,
5.227106070337E-1));
#3912=CARTESIAN_POINT('',(1.955568452785E0,-9.323352017668E0,
4.907615713923E-1));
#3913=CARTESIAN_POINT('',(1.924217140942E0,-9.339871135188E0,
4.610912618714E-1));
#3914=CARTESIAN_POINT('',(1.888327055447E0,-9.358650976767E0,
4.358223258262E-1));
#3915=CARTESIAN_POINT('',(1.850172099843E0,-9.378493536974E0,
4.147615817949E-1));
#3916=CARTESIAN_POINT('',(1.810218050842E0,-9.399158884940E0,
3.970740359638E-1));
#3917=CARTESIAN_POINT('',(1.768042256977E0,-9.420861365259E0,
3.821462369054E-1));
#3918=CARTESIAN_POINT('',(1.725431169731E0,-9.442683638230E0,
3.701972120582E-1));
#3919=CARTESIAN_POINT('',(1.684064275002E0,-9.463779183967E0,
3.610981523435E-1));
#3920=CARTESIAN_POINT('',(1.643081770832E0,-9.484600466274E0,
3.541622556636E-1));
#3921=CARTESIAN_POINT('',(1.598960785746E0,-9.506935674870E0,
3.487615953921E-1));
#3922=CARTESIAN_POINT('',(1.546436606288E0,-9.533420530078E0,
3.449341703023E-1));
#3923=CARTESIAN_POINT('',(1.505761343319E0,-9.553833869650E0,
3.443280979748E-1));
#3924=CARTESIAN_POINT('',(1.482026729150E0,-9.565711255304E0,
3.447988333960E-1));
#3925=CARTESIAN_POINT('',(1.479799105879E0,-9.566825718175E0,
3.448502533007E-1));
#3926=CARTESIAN_POINT('',(1.843963046636E0,-9.307053120008E0,
6.022369184519E-1));
#3927=CARTESIAN_POINT('',(1.844152433789E0,-9.307074209796E0,
5.997350624771E-1));
#3928=CARTESIAN_POINT('',(1.843816712534E0,-9.307034535542E0,
5.932269588460E-1));
#3929=CARTESIAN_POINT('',(1.839630791010E0,-9.306592277768E0,
5.820160158389E-1));
#3930=CARTESIAN_POINT('',(1.829006695478E0,-9.305953438438E0,
5.670108441159E-1));
#3931=CARTESIAN_POINT('',(1.811181252265E0,-9.306125868300E0,
5.486107986177E-1));
#3932=CARTESIAN_POINT('',(1.786089066799E0,-9.308327003689E0,
5.273846199099E-1));
#3933=CARTESIAN_POINT('',(1.755977903910E0,-9.313108629849E0,
5.054746032268E-1));
#3934=CARTESIAN_POINT('',(1.722792988193E0,-9.320247052134E0,
4.841103419440E-1));
#3935=CARTESIAN_POINT('',(1.687058637016E0,-9.329568018448E0,
4.634959313751E-1));
#3936=CARTESIAN_POINT('',(1.648449209288E0,-9.341195128393E0,
4.435368384138E-1));
#3937=CARTESIAN_POINT('',(1.608690563424E0,-9.354567685483E0,
4.251327958410E-1));
#3938=CARTESIAN_POINT('',(1.569501151368E0,-9.368919915403E0,
4.088598035263E-1));
#3939=CARTESIAN_POINT('',(1.530194765235E0,-9.384318042767E0,
3.941987455104E-1));
#3940=CARTESIAN_POINT('',(1.487411125295E0,-9.402095839157E0,
3.799873794348E-1));
#3941=CARTESIAN_POINT('',(1.435903099959E0,-9.424798587594E0,3.652023733E-1));
#3942=CARTESIAN_POINT('',(1.395506227827E0,-9.443795576577E0,
3.558426486794E-1));
#3943=CARTESIAN_POINT('',(1.371753375061E0,-9.455380061490E0,
3.511790364616E-1));
#3944=CARTESIAN_POINT('',(1.369522377702E0,-9.456471695630E0,
3.507483925375E-1));
#3945=CARTESIAN_POINT('',(1.731524940527E0,-9.198744614068E0,
6.021482133067E-1));
#3946=CARTESIAN_POINT('',(1.731657440070E0,-9.198826099349E0,
5.997432153620E-1));
#3947=CARTESIAN_POINT('',(1.731419860072E0,-9.198678154651E0,
5.935219195840E-1));
#3948=CARTESIAN_POINT('',(1.728514070481E0,-9.196914780499E0,
5.824391035462E-1));
#3949=CARTESIAN_POINT('',(1.720802317361E0,-9.193372912336E0,
5.660153182793E-1));
#3950=CARTESIAN_POINT('',(1.707052450673E0,-9.189820518391E0,
5.436051637090E-1));
#3951=CARTESIAN_POINT('',(1.686474206374E0,-9.188570635155E0,
5.155283669144E-1));
#3952=CARTESIAN_POINT('',(1.660530672496E0,-9.191150871167E0,
4.848885514264E-1));
#3953=CARTESIAN_POINT('',(1.630930037764E0,-9.197539409780E0,
4.539040409023E-1));
#3954=CARTESIAN_POINT('',(1.598238837751E0,-9.207504632748E0,
4.231916132823E-1));
#3955=CARTESIAN_POINT('',(1.562201393070E0,-9.221197160072E0,
3.927752278766E-1));
#3956=CARTESIAN_POINT('',(1.524499863776E0,-9.237916689773E0,
3.641665366956E-1));
#3957=CARTESIAN_POINT('',(1.486880803250E0,-9.256580986956E0,
3.384165687796E-1));
#3958=CARTESIAN_POINT('',(1.448783195747E0,-9.277166235358E0,
3.148266468237E-1));
#3959=CARTESIAN_POINT('',(1.406964019049E0,-9.301460256167E0,
2.915508753520E-1));
#3960=CARTESIAN_POINT('',(1.356188821210E0,-9.333115272553E0,
2.667810580231E-1));
#3961=CARTESIAN_POINT('',(1.315992718288E0,-9.360144518593E0,
2.505379290372E-1));
#3962=CARTESIAN_POINT('',(1.292226712258E0,-9.376803830566E0,
2.422053501840E-1));
#3963=CARTESIAN_POINT('',(1.289993281582E0,-9.378375155282E0,
2.414334475615E-1));
#3964=CARTESIAN_POINT('',(1.732953749393E0,-9.042668181151E0,
6.055348287295E-1));
#3965=CARTESIAN_POINT('',(1.733086971837E0,-9.042667930239E0,
5.993464776524E-1));
#3966=CARTESIAN_POINT('',(1.732848144707E0,-9.042663824434E0,
5.832188139118E-1));
#3967=CARTESIAN_POINT('',(1.729926087821E0,-9.042715848379E0,
5.557504451237E-1));
#3968=CARTESIAN_POINT('',(1.722177326067E0,-9.043642755821E0,
5.203473146575E-1));
#3969=CARTESIAN_POINT('',(1.708375668931E0,-9.047253159509E0,
4.788786263365E-1));
#3970=CARTESIAN_POINT('',(1.687740063660E0,-9.055579856799E0,
4.329455410026E-1));
#3971=CARTESIAN_POINT('',(1.661743569575E0,-9.069133788245E0,
3.869528163794E-1));
#3972=CARTESIAN_POINT('',(1.632097387541E0,-9.087196189365E0,
3.430544313216E-1));
#3973=CARTESIAN_POINT('',(1.599367516640E0,-9.109390947E0,3.013950649366E-1));
#3974=CARTESIAN_POINT('',(1.563297388447E0,-9.135996549833E0,
2.616425565628E-1));
#3975=CARTESIAN_POINT('',(1.525569718314E0,-9.165764246785E0,
2.254685770525E-1));
#3976=CARTESIAN_POINT('',(1.487930702524E0,-9.197096267872E0,
1.938719955612E-1));
#3977=CARTESIAN_POINT('',(1.449817734449E0,-9.230231327639E0,
1.657397468613E-1));
#3978=CARTESIAN_POINT('',(1.407986301820E0,-9.268035490352E0,
1.388209708563E-1));
#3979=CARTESIAN_POINT('',(1.357201791565E0,-9.315772256677E0,
1.112904661424E-1));
#3980=CARTESIAN_POINT('',(1.317003137365E0,-9.355253480948E0,
9.434378620754E-2));
#3981=CARTESIAN_POINT('',(1.293237298480E0,-9.379178067850E0,
8.610471163764E-2));
#3982=CARTESIAN_POINT('',(1.291003898726E0,-9.381431274730E0,
8.534601285884E-2));
#3983=(BOUNDED_SURFACE()B_SPLINE_SURFACE(3,3,((#3907,#3908,#3909,#3910,#3911,
#3912,#3913,#3914,#3915,#3916,#3917,#3918,#3919,#3920,#3921,#3922,#3923,#3924,
#3925),(#3926,#3927,#3928,#3929,#3930,#3931,#3932,#3933,#3934,#3935,#3936,#3937,
#3938,#3939,#3940,#3941,#3942,#3943,#3944),(#3945,#3946,#3947,#3948,#3949,#3950,
#3951,#3952,#3953,#3954,#3955,#3956,#3957,#3958,#3959,#3960,#3961,#3962,#3963),(
#3964,#3965,#3966,#3967,#3968,#3969,#3970,#3971,#3972,#3973,#3974,#3975,#3976,
#3977,#3978,#3979,#3980,#3981,#3982)),.UNSPECIFIED.,.F.,.F.,.F.)B_SPLINE_SURFACE_WITH_KNOTS((4,4),(4,1,1,1,1,1,1,1,1,1,1,1,1,1,1,1,4),(0.E0,1.E0),(
1.628253792671E-2,4.840657617744E-2,1.001402035186E-1,1.571554852926E-1,
2.214727288499E-1,2.923504848780E-1,3.635261003262E-1,4.288565173765E-1,
4.964026218398E-1,5.665449125365E-1,6.354420678087E-1,6.997597069845E-1,
7.604800375751E-1,8.252533087149E-1,9.023199295145E-1,1.E0,1.010116843102E0),
.UNSPECIFIED.)GEOMETRIC_REPRESENTATION_ITEM()RATIONAL_B_SPLINE_SURFACE(((
1.185566795851E0,1.185566795851E0,1.185566795851E0,1.185566795851E0,
1.185566795851E0,1.185566795851E0,1.185566795851E0,1.185566795851E0,
1.185566795851E0,1.185566795851E0,1.185566795851E0,1.185566795851E0,
1.185566795851E0,1.185566795851E0,1.185566795851E0,1.185566795851E0,
1.185566795851E0,1.185566795851E0,1.185566795851E0),(9.381444013831E-1,
9.381444013831E-1,9.381444013831E-1,9.381444013831E-1,9.381444013831E-1,
9.381444013831E-1,9.381444013831E-1,9.381444013831E-1,9.381444013831E-1,
9.381444013831E-1,9.381444013831E-1,9.381444013831E-1,9.381444013831E-1,
9.381444013831E-1,9.381444013831E-1,9.381444013831E-1,9.381444013831E-1,
9.381444013831E-1,9.381444013831E-1),(9.381444013831E-1,9.381444013831E-1,
9.381444013831E-1,9.381444013831E-1,9.381444013831E-1,9.381444013831E-1,
9.381444013831E-1,9.381444013831E-1,9.381444013831E-1,9.381444013831E-1,
9.381444013831E-1,9.381444013831E-1,9.381444013831E-1,9.381444013831E-1,
9.381444013831E-1,9.381444013831E-1,9.381444013831E-1,9.381444013831E-1,
9.381444013831E-1),(1.185566795851E0,1.185566795851E0,1.185566795851E0,
1.185566795851E0,1.185566795851E0,1.185566795851E0,1.185566795851E0,
1.185566795851E0,1.185566795851E0,1.185566795851E0,1.185566795851E0,
1.185566795851E0,1.185566795851E0,1.185566795851E0,1.185566795851E0,
1.185566795851E0,1.185566795851E0,1.185566795851E0,1.185566795851E0)))REPRESENTATION_ITEM('')SURFACE());
#3984=ORIENTED_EDGE('',*,*,#3540,.T.);
#3985=ORIENTED_EDGE('',*,*,#3683,.F.);
#3986=ORIENTED_EDGE('',*,*,#3635,.T.);
#3988=ORIENTED_EDGE('',*,*,#3987,.T.);
#3989=EDGE_LOOP('',(#3984,#3985,#3986,#3988));
#3990=FACE_OUTER_BOUND('',#3989,.F.);
#3992=CARTESIAN_POINT('',(1.733221519613E0,-9.076881930355E0,
6.055317644040E-1));
#3993=CARTESIAN_POINT('',(1.733358275527E0,-9.077137366641E0,
5.991842275906E-1));
#3994=CARTESIAN_POINT('',(1.733099462751E0,-9.076654546097E0,
5.824482545853E-1));
#3995=CARTESIAN_POINT('',(1.729919267918E0,-9.070708636038E0,
5.547458859831E-1));
#3996=CARTESIAN_POINT('',(1.722100762239E0,-9.056046198021E0,
5.227103054704E-1));
#3997=CARTESIAN_POINT('',(1.709647865157E0,-9.032569435462E0,
4.907611776740E-1));
#3998=CARTESIAN_POINT('',(1.693128650100E0,-9.001218081080E0,
4.610908106617E-1));
#3999=CARTESIAN_POINT('',(1.674348713270E0,-8.965327956235E0,
4.358218517600E-1));
#4000=CARTESIAN_POINT('',(1.654506066590E0,-8.927172966809E0,
4.147611097930E-1));
#4001=CARTESIAN_POINT('',(1.633840641414E0,-8.887218889086E0,
3.970735838829E-1));
#4002=CARTESIAN_POINT('',(1.612138092519E0,-8.845043070948E0,
3.821458190682E-1));
#4003=CARTESIAN_POINT('',(1.590315762038E0,-8.802431964288E0,
3.701968381548E-1));
#4004=CARTESIAN_POINT('',(1.569220170404E0,-8.761065054740E0,
3.610978272673E-1));
#4005=CARTESIAN_POINT('',(1.548398851189E0,-8.720082539154E0,
3.541619831654E-1));
#4006=CARTESIAN_POINT('',(1.526063611561E0,-8.675961545003E0,
3.487613828642E-1));
#4007=CARTESIAN_POINT('',(1.499578730679E0,-8.623437358447E0,
3.449340323382E-1));
#4008=CARTESIAN_POINT('',(1.479206939851E0,-8.582844903099E0,
3.443292533940E-1));
#4009=CARTESIAN_POINT('',(1.467370930015E0,-8.559193210428E0,
3.447955127722E-1));
#4010=CARTESIAN_POINT('',(1.466297908681E0,-8.557048464480E0,
3.448445042576E-1));
#4011=CARTESIAN_POINT('',(1.725728831147E0,-8.916325513825E0,
6.020530089163E-1));
#4012=CARTESIAN_POINT('',(1.725704070217E0,-8.916503604821E0,
5.996944841240E-1));
#4013=CARTESIAN_POINT('',(1.725753490453E0,-8.916164297783E0,
5.935188295432E-1));
#4014=CARTESIAN_POINT('',(1.726302463026E0,-8.912041726198E0,
5.828283440584E-1));
#4015=CARTESIAN_POINT('',(1.727193226709E0,-8.901537901181E0,
5.683304911542E-1));
#4016=CARTESIAN_POINT('',(1.727386586389E0,-8.883880779965E0,
5.503340735645E-1));
#4017=CARTESIAN_POINT('',(1.725611943860E0,-8.858975017481E0,
5.293594740997E-1));
#4018=CARTESIAN_POINT('',(1.721247291185E0,-8.829035976015E0,
5.075495662954E-1));
#4019=CARTESIAN_POINT('',(1.714487302606E0,-8.795999089446E0,
4.861763204917E-1));
#4020=CARTESIAN_POINT('',(1.705504272948E0,-8.760390419064E0,
4.654747824410E-1));
#4021=CARTESIAN_POINT('',(1.694177306049E0,-8.721887213078E0,
4.453658761957E-1));
#4022=CARTESIAN_POINT('',(1.681056473644E0,-8.682213525218E0,
4.267696081542E-1));
#4023=CARTESIAN_POINT('',(1.666905142913E0,-8.643088967947E0,
4.102829706272E-1));
#4024=CARTESIAN_POINT('',(1.651668594151E0,-8.603832503939E0,
3.953918438602E-1));
#4025=CARTESIAN_POINT('',(1.634026595189E0,-8.561088695442E0,
3.809180729718E-1));
#4026=CARTESIAN_POINT('',(1.611436562316E0,-8.509610937801E0,
3.658067153521E-1));
#4027=CARTESIAN_POINT('',(1.592520403692E0,-8.469304575217E0,
3.562058578142E-1));
#4028=CARTESIAN_POINT('',(1.580986905399E0,-8.445634820305E0,
3.514033791026E-1));
#4029=CARTESIAN_POINT('',(1.579936865413E0,-8.443486850404E0,
3.509744277175E-1));
#4030=CARTESIAN_POINT('',(1.839434986708E0,-8.802668914949E0,
6.020541283532E-1));
#4031=CARTESIAN_POINT('',(1.839354160706E0,-8.802792253835E0,
5.996922707721E-1));
#4032=CARTESIAN_POINT('',(1.839511586400E0,-8.802554538856E0,
5.935396603087E-1));
#4033=CARTESIAN_POINT('',(1.841344395769E0,-8.799722693945E0,
5.825395560875E-1));
#4034=CARTESIAN_POINT('',(1.845050611252E0,-8.792162717700E0,
5.660976578990E-1));
#4035=CARTESIAN_POINT('',(1.848818043935E0,-8.778625273891E0,
5.435346458401E-1));
#4036=CARTESIAN_POINT('',(1.850275806025E0,-8.758282294189E0,
5.151535198760E-1));
#4037=CARTESIAN_POINT('',(1.847842467868E0,-8.732555976892E0,
4.841041464564E-1));
#4038=CARTESIAN_POINT('',(1.841527286975E0,-8.703142154266E0,
4.526565345345E-1));
#4039=CARTESIAN_POINT('',(1.831564443983E0,-8.670609562871E0,
4.214503426083E-1));
#4040=CARTESIAN_POINT('',(1.817802287534E0,-8.634706169557E0,
3.905167478172E-1));
#4041=CARTESIAN_POINT('',(1.800946779014E0,-8.597111856894E0,
3.613988022636E-1));
#4042=CARTESIAN_POINT('',(1.782095120616E0,-8.559574642805E0,
3.351724289604E-1));
#4043=CARTESIAN_POINT('',(1.761276589435E0,-8.521540036859E0,
3.111308162345E-1));
#4044=CARTESIAN_POINT('',(1.736682884955E0,-8.479771127035E0,
2.873936520547E-1));
#4045=CARTESIAN_POINT('',(1.704608864099E0,-8.429034128026E0,
2.621119128281E-1));
#4046=CARTESIAN_POINT('',(1.677253675726E0,-8.388930288214E0,
2.455461393019E-1));
#4047=CARTESIAN_POINT('',(1.660413604506E0,-8.365247747186E0,
2.370479373681E-1));
#4048=CARTESIAN_POINT('',(1.658879183992E0,-8.363097495076E0,
2.362868650429E-1));
#4049=CARTESIAN_POINT('',(1.999990095837E0,-8.810229620188E0,
6.055343907402E-1));
#4050=CARTESIAN_POINT('',(1.999995316219E0,-8.810356601314E0,
5.991790347959E-1));
#4051=CARTESIAN_POINT('',(1.999989897485E0,-8.810112128191E0,
5.824971261141E-1));
#4052=CARTESIAN_POINT('',(1.999821741118E0,-8.807194421095E0,
5.540683540110E-1));
#4053=CARTESIAN_POINT('',(1.998608630409E0,-8.799438613081E0,
5.174718050085E-1));
#4054=CARTESIAN_POINT('',(1.994540946613E0,-8.785627118606E0,
4.748088869276E-1));
#4055=CARTESIAN_POINT('',(1.985605348938E0,-8.764980611823E0,
4.277619010396E-1));
#4056=CARTESIAN_POINT('',(1.971356512664E0,-8.738974054170E0,
3.808160234603E-1));
#4057=CARTESIAN_POINT('',(1.952557439327E0,-8.709319216779E0,
3.361195839144E-1));
#4058=CARTESIAN_POINT('',(1.929593251988E0,-8.676581997349E0,
2.937868526128E-1));
#4059=CARTESIAN_POINT('',(1.902177449964E0,-8.640505658359E0,
2.534630418480E-1));
#4060=CARTESIAN_POINT('',(1.871593111613E0,-8.602773020749E0,
2.168289160052E-1));
#4061=CARTESIAN_POINT('',(1.839469975222E0,-8.565130212845E0,
1.848792913316E-1));
#4062=CARTESIAN_POINT('',(1.805552641152E0,-8.527014326017E0,
1.564752857310E-1));
#4063=CARTESIAN_POINT('',(1.766907848412E0,-8.485180563633E0,
1.293416294913E-1));
#4064=CARTESIAN_POINT('',(1.718172369409E0,-8.434394287610E0,
1.016533172829E-1));
#4065=CARTESIAN_POINT('',(1.678001580545E0,-8.394276975506E0,
8.470799184354E-2));
#4066=CARTESIAN_POINT('',(1.653715700273E0,-8.370595285041E0,
7.650363161243E-2));
#4067=CARTESIAN_POINT('',(1.651506262857E0,-8.368445184748E0,
7.577342666920E-2));
#4068=(BOUNDED_SURFACE()B_SPLINE_SURFACE(3,3,((#3992,#3993,#3994,#3995,#3996,
#3997,#3998,#3999,#4000,#4001,#4002,#4003,#4004,#4005,#4006,#4007,#4008,#4009,
#4010),(#4011,#4012,#4013,#4014,#4015,#4016,#4017,#4018,#4019,#4020,#4021,#4022,
#4023,#4024,#4025,#4026,#4027,#4028,#4029),(#4030,#4031,#4032,#4033,#4034,#4035,
#4036,#4037,#4038,#4039,#4040,#4041,#4042,#4043,#4044,#4045,#4046,#4047,#4048),(
#4049,#4050,#4051,#4052,#4053,#4054,#4055,#4056,#4057,#4058,#4059,#4060,#4061,
#4062,#4063,#4064,#4065,#4066,#4067)),.UNSPECIFIED.,.F.,.F.,.F.)B_SPLINE_SURFACE_WITH_KNOTS((4,4),(4,1,1,1,1,1,1,1,1,1,1,1,1,1,1,1,4),(0.E0,1.E0),(
1.663899675684E-2,4.840657617744E-2,1.001402035186E-1,1.571554852926E-1,
2.214727288499E-1,2.923504848780E-1,3.635261003262E-1,4.288565173765E-1,
4.964026218398E-1,5.665449125365E-1,6.354420678087E-1,6.997597069845E-1,
7.604800375751E-1,8.252533087150E-1,9.023199295145E-1,1.E0,1.009740487858E0),
.UNSPECIFIED.)GEOMETRIC_REPRESENTATION_ITEM()RATIONAL_B_SPLINE_SURFACE(((
1.195413477555E0,1.195413477555E0,1.195413477555E0,1.195413477555E0,
1.195413477555E0,1.195413477555E0,1.195413477555E0,1.195413477555E0,
1.195413477555E0,1.195413477555E0,1.195413477555E0,1.195413477555E0,
1.195413477555E0,1.195413477555E0,1.195413477555E0,1.195413477555E0,
1.195413477555E0,1.195413477555E0,1.195413477555E0),(9.348621741485E-1,
9.348621741485E-1,9.348621741485E-1,9.348621741485E-1,9.348621741485E-1,
9.348621741485E-1,9.348621741485E-1,9.348621741485E-1,9.348621741485E-1,
9.348621741485E-1,9.348621741485E-1,9.348621741485E-1,9.348621741485E-1,
9.348621741485E-1,9.348621741485E-1,9.348621741485E-1,9.348621741485E-1,
9.348621741485E-1,9.348621741485E-1),(9.348621741485E-1,9.348621741485E-1,
9.348621741485E-1,9.348621741485E-1,9.348621741485E-1,9.348621741485E-1,
9.348621741485E-1,9.348621741485E-1,9.348621741485E-1,9.348621741485E-1,
9.348621741485E-1,9.348621741485E-1,9.348621741485E-1,9.348621741485E-1,
9.348621741485E-1,9.348621741485E-1,9.348621741485E-1,9.348621741485E-1,
9.348621741485E-1),(1.195413477555E0,1.195413477555E0,1.195413477555E0,
1.195413477555E0,1.195413477555E0,1.195413477555E0,1.195413477555E0,
1.195413477555E0,1.195413477555E0,1.195413477555E0,1.195413477555E0,
1.195413477555E0,1.195413477555E0,1.195413477555E0,1.195413477555E0,
1.195413477555E0,1.195413477555E0,1.195413477555E0,1.195413477555E0)))REPRESENTATION_ITEM('')SURFACE());
#4069=ORIENTED_EDGE('',*,*,#3258,.T.);
#4070=ORIENTED_EDGE('',*,*,#3542,.F.);
#4071=ORIENTED_EDGE('',*,*,#3987,.F.);
#4072=ORIENTED_EDGE('',*,*,#3521,.T.);
#4073=EDGE_LOOP('',(#4069,#4070,#4071,#4072));
#4074=FACE_OUTER_BOUND('',#4073,.F.);
#4076=CARTESIAN_POINT('',(2.478E0,-1.728E0,6.E-1));
#4077=DIRECTION('',(0.E0,1.E0,0.E0));
#4078=DIRECTION('',(1.087730577645E-3,0.E0,-9.999994084209E-1));
#4079=AXIS2_PLACEMENT_3D('',#4076,#4077,#4078);
#4080=TOROIDAL_SURFACE('',#4079,6.E-1,3.5E-1);
#4081=ORIENTED_EDGE('',*,*,#2914,.T.);
#4082=ORIENTED_EDGE('',*,*,#2994,.T.);
#4084=ORIENTED_EDGE('',*,*,#4083,.T.);
#4085=ORIENTED_EDGE('',*,*,#3113,.T.);
#4086=EDGE_LOOP('',(#4081,#4082,#4084,#4085));
#4087=FACE_OUTER_BOUND('',#4086,.F.);
#4089=CARTESIAN_POINT('',(0.E0,-1.378E0,0.E0));
#4090=DIRECTION('',(0.E0,1.E0,0.E0));
#4091=DIRECTION('',(0.E0,0.E0,1.E0));
#4092=AXIS2_PLACEMENT_3D('',#4089,#4090,#4091);
#4093=PLANE('',#4092);
#4094=ORIENTED_EDGE('',*,*,#4083,.F.);
#4095=ORIENTED_EDGE('',*,*,#3009,.F.);
#4096=EDGE_LOOP('',(#4094,#4095));
#4097=FACE_OUTER_BOUND('',#4096,.F.);
#4099=CARTESIAN_POINT('',(0.E0,-1.378E0,0.E0));
#4100=DIRECTION('',(0.E0,1.E0,0.E0));
#4101=DIRECTION('',(0.E0,0.E0,1.E0));
#4102=AXIS2_PLACEMENT_3D('',#4099,#4100,#4101);
#4103=PLANE('',#4102);
#4105=ORIENTED_EDGE('',*,*,#4104,.F.);
#4106=ORIENTED_EDGE('',*,*,#1745,.F.);
#4107=EDGE_LOOP('',(#4105,#4106));
#4108=FACE_OUTER_BOUND('',#4107,.F.);
#4110=CARTESIAN_POINT('',(-2.478E0,-1.728E0,-6.E-1));
#4111=DIRECTION('',(0.E0,1.E0,0.E0));
#4112=DIRECTION('',(-1.087730577645E-3,0.E0,9.999994084209E-1));
#4113=AXIS2_PLACEMENT_3D('',#4110,#4111,#4112);
#4114=TOROIDAL_SURFACE('',#4113,6.E-1,3.5E-1);
#4115=ORIENTED_EDGE('',*,*,#1650,.T.);
#4116=ORIENTED_EDGE('',*,*,#1732,.T.);
#4117=ORIENTED_EDGE('',*,*,#4104,.T.);
#4118=ORIENTED_EDGE('',*,*,#1849,.T.);
#4119=EDGE_LOOP('',(#4115,#4116,#4117,#4118));
#4120=FACE_OUTER_BOUND('',#4119,.F.);
#4122=CLOSED_SHELL('',(#1641,#1658,#1736,#1750,#1855,#1879,#1893,#1907,#1922,
#1937,#1954,#1970,#1984,#2003,#2083,#2167,#2183,#2266,#2352,#2370,#2381,#2463,
#2548,#2567,#2579,#2595,#2609,#2626,#2706,#2790,#2804,#2814,#2831,#2846,#2865,
#2882,#2905,#2922,#3000,#3014,#3119,#3140,#3154,#3168,#3183,#3198,#3215,#3231,
#3245,#3264,#3344,#3428,#3444,#3527,#3546,#3557,#3639,#3658,#3670,#3687,#3768,
#3852,#3869,#3882,#3896,#3906,#3991,#4075,#4088,#4098,#4109,#4121));
#4123=MANIFOLD_SOLID_BREP('',#4122);
#4125=DIMENSIONAL_EXPONENTS(0.E0,0.E0,0.E0,0.E0,0.E0,0.E0,0.E0);
#4127=PLANE_ANGLE_MEASURE_WITH_UNIT(PLANE_ANGLE_MEASURE(1.745329251994E-2),
#4126);
#4128=(CONVERSION_BASED_UNIT('DEGREE',#4127)NAMED_UNIT(*)PLANE_ANGLE_UNIT());
#4130=UNCERTAINTY_MEASURE_WITH_UNIT(LENGTH_MEASURE(9.996824737049E-4),#4124,
'closure',
'Maximum model space distance between geometric entities at asserted connectivities');
#4133=APPLICATION_CONTEXT(
'CONFIGURATION CONTROLLED 3D DESIGNS OF MECHANICAL PARTS AND ASSEMBLIES');
#4134=APPLICATION_PROTOCOL_DEFINITION('international standard',
'config_control_design',1994,#4133);
#4135=DESIGN_CONTEXT('',#4133,'design');
#4136=MECHANICAL_CONTEXT('',#4133,'mechanical');
#4137=PRODUCT('MF-RHT200','MF-RHT200','NOT SPECIFIED',(#4136));
#4138=PRODUCT_DEFINITION_FORMATION_WITH_SPECIFIED_SOURCE('2','LAST_VERSION',
#4137,.MADE.);
#4142=PRODUCT_CATEGORY('part','');
#4143=PRODUCT_RELATED_PRODUCT_CATEGORY('detail','',(#4137));
#4144=PRODUCT_CATEGORY_RELATIONSHIP('','',#4142,#4143);
#4145=SECURITY_CLASSIFICATION_LEVEL('unclassified');
#4146=SECURITY_CLASSIFICATION('','',#4145);
#4147=CC_DESIGN_SECURITY_CLASSIFICATION(#4146,(#4138));
#4148=APPROVAL_STATUS('approved');
#4149=APPROVAL(#4148,'');
#4150=CC_DESIGN_APPROVAL(#4149,(#4146,#4138,#4139));
#4151=CALENDAR_DATE(112,25,7);
#4152=COORDINATED_UNIVERSAL_TIME_OFFSET(7,0,.BEHIND.);
#4153=LOCAL_TIME(12,5,4.6E1,#4152);
#4154=DATE_AND_TIME(#4151,#4153);
#4155=APPROVAL_DATE_TIME(#4154,#4149);
#4156=DATE_TIME_ROLE('creation_date');
#4157=CC_DESIGN_DATE_AND_TIME_ASSIGNMENT(#4154,#4156,(#4139));
#4158=DATE_TIME_ROLE('classification_date');
#4159=CC_DESIGN_DATE_AND_TIME_ASSIGNMENT(#4154,#4158,(#4146));
#4160=PERSON('UNSPECIFIED','UNSPECIFIED',$,$,$,$);
#4161=ORGANIZATION('UNSPECIFIED','UNSPECIFIED','UNSPECIFIED');
#4162=PERSON_AND_ORGANIZATION(#4160,#4161);
#4163=APPROVAL_ROLE('approver');
#4164=APPROVAL_PERSON_ORGANIZATION(#4162,#4149,#4163);
#4165=PERSON_AND_ORGANIZATION_ROLE('creator');
#4166=CC_DESIGN_PERSON_AND_ORGANIZATION_ASSIGNMENT(#4162,#4165,(#4138,#4139));
#4167=PERSON_AND_ORGANIZATION_ROLE('design_supplier');
#4168=CC_DESIGN_PERSON_AND_ORGANIZATION_ASSIGNMENT(#4162,#4167,(#4138));
#4169=PERSON_AND_ORGANIZATION_ROLE('classification_officer');
#4170=CC_DESIGN_PERSON_AND_ORGANIZATION_ASSIGNMENT(#4162,#4169,(#4146));
#4171=PERSON_AND_ORGANIZATION_ROLE('design_owner');
#4172=CC_DESIGN_PERSON_AND_ORGANIZATION_ASSIGNMENT(#4162,#4171,(#4137));
#35=B_SPLINE_CURVE_WITH_KNOTS('',3,(#13,#14,#15,#16,#17,#18,#19,#20,#21,#22,#23,
#24,#25,#26,#27,#28,#29,#30,#31,#32,#33,#34),.UNSPECIFIED.,.F.,.F.,(4,1,1,1,1,1,
1,1,1,1,1,1,1,1,1,1,1,1,1,4),(0.E0,5.263157894737E-2,1.052631578947E-1,
1.578947368421E-1,2.105263157895E-1,2.631578947368E-1,3.157894736842E-1,
3.684210526316E-1,4.210526315789E-1,4.736842105263E-1,5.263157894737E-1,
5.789473684211E-1,6.315789473684E-1,6.842105263158E-1,7.368421052632E-1,
7.894736842105E-1,8.421052631579E-1,8.947368421053E-1,9.473684210526E-1,1.E0),
.UNSPECIFIED.);
#52=B_SPLINE_CURVE_WITH_KNOTS('',3,(#40,#41,#42,#43,#44,#45,#46,#47,#48,#49,#50,
#51),.UNSPECIFIED.,.F.,.F.,(4,1,1,1,1,1,1,1,1,4),(0.E0,1.111111111111E-1,
2.222222222222E-1,3.333333333333E-1,4.444444444444E-1,5.555555555556E-1,
6.666666666667E-1,7.777777777778E-1,8.888888888889E-1,1.E0),.UNSPECIFIED.);
#62=B_SPLINE_CURVE_WITH_KNOTS('',3,(#53,#54,#55,#56,#57,#58,#59,#60,#61),
.UNSPECIFIED.,.F.,.F.,(4,1,1,1,1,1,4),(0.E0,1.666666666667E-1,3.333333333333E-1,
5.E-1,6.666666666667E-1,8.333333333333E-1,1.E0),.UNSPECIFIED.);
#69=B_SPLINE_CURVE_WITH_KNOTS('',3,(#63,#64,#65,#66,#67,#68),.UNSPECIFIED.,.F.,
.F.,(4,1,1,4),(0.E0,3.333333333333E-1,6.666666666667E-1,1.E0),.UNSPECIFIED.);
#88=B_SPLINE_CURVE_WITH_KNOTS('',3,(#70,#71,#72,#73,#74,#75,#76,#77,#78,#79,#80,
#81,#82,#83,#84,#85,#86,#87),.UNSPECIFIED.,.F.,.F.,(4,1,1,1,1,1,1,1,1,1,1,1,1,1,
1,4),(0.E0,6.666666666667E-2,1.333333333333E-1,2.E-1,2.666666666667E-1,
3.333333333333E-1,4.E-1,4.666666666667E-1,5.333333333333E-1,6.E-1,
6.666666666667E-1,7.333333333333E-1,8.E-1,8.666666666667E-1,9.333333333333E-1,
1.E0),.UNSPECIFIED.);
#93=CIRCLE('',#92,3.499999141727E-1);
#116=B_SPLINE_CURVE_WITH_KNOTS('',3,(#94,#95,#96,#97,#98,#99,#100,#101,#102,
#103,#104,#105,#106,#107,#108,#109,#110,#111,#112,#113,#114,#115),.UNSPECIFIED.,
.F.,.F.,(4,1,1,1,1,1,1,1,1,1,1,1,1,1,1,1,1,1,1,4),(0.E0,5.263157894737E-2,
1.052631578947E-1,1.578947368421E-1,2.105263157895E-1,2.631578947368E-1,
3.157894736842E-1,3.684210526316E-1,4.210526315789E-1,4.736842105263E-1,
5.263157894737E-1,5.789473684211E-1,6.315789473684E-1,6.842105263158E-1,
7.368421052632E-1,7.894736842105E-1,8.421052631579E-1,8.947368421053E-1,
9.473684210526E-1,1.E0),.UNSPECIFIED.);
#121=CIRCLE('',#120,3.499999923213E-1);
#126=CIRCLE('',#125,9.448335885383E-1);
#137=B_SPLINE_CURVE_WITH_KNOTS('',3,(#127,#128,#129,#130,#131,#132,#133,#134,
#135,#136),.UNSPECIFIED.,.F.,.F.,(4,1,1,1,1,1,1,4),(0.E0,1.428571428571E-1,
2.857142857143E-1,4.285714285714E-1,5.714285714286E-1,7.142857142857E-1,
8.571428571429E-1,1.E0),.UNSPECIFIED.);
#150=CIRCLE('',#149,3.5E-1);
#155=CIRCLE('',#154,9.5E-1);
#161=B_SPLINE_CURVE_WITH_KNOTS('',3,(#156,#157,#158,#159,#160),.UNSPECIFIED.,
.F.,.F.,(4,1,4),(0.E0,5.E-1,1.E0),.UNSPECIFIED.);
#166=CIRCLE('',#165,9.448336100329E-1);
#171=CIRCLE('',#170,2.601664148799E-1);
#176=CIRCLE('',#175,3.5E-1);
#181=CIRCLE('',#180,2.601663983745E-1);
#186=CIRCLE('',#185,3.5E-1);
#191=CIRCLE('',#190,2.55E-1);
#213=B_SPLINE_CURVE_WITH_KNOTS('',3,(#196,#197,#198,#199,#200,#201,#202,#203,
#204,#205,#206,#207,#208,#209,#210,#211,#212),.UNSPECIFIED.,.F.,.F.,(4,1,1,1,1,
1,1,1,1,1,1,1,1,1,4),(0.E0,7.142857142857E-2,1.428571428571E-1,
2.142857142857E-1,2.857142857143E-1,3.571428571429E-1,4.285714285714E-1,5.E-1,
5.714285714286E-1,6.428571428571E-1,7.142857142857E-1,7.857142857143E-1,
8.571428571429E-1,9.285714285714E-1,1.E0),.UNSPECIFIED.);
#218=CIRCLE('',#217,2.55E-1);
#223=CIRCLE('',#222,2.55E-1);
#232=CIRCLE('',#231,2.55E-1);
#251=B_SPLINE_CURVE_WITH_KNOTS('',3,(#233,#234,#235,#236,#237,#238,#239,#240,
#241,#242,#243,#244,#245,#246,#247,#248,#249,#250),.UNSPECIFIED.,.F.,.F.,(4,1,1,
1,1,1,1,1,1,1,1,1,1,1,1,4),(0.E0,6.666666666667E-2,1.333333333333E-1,2.E-1,
2.666666666667E-1,3.333333333333E-1,4.E-1,4.666666666667E-1,5.333333333333E-1,
6.E-1,6.666666666667E-1,7.333333333333E-1,8.E-1,8.666666666667E-1,
9.333333333333E-1,1.E0),.UNSPECIFIED.);
#256=CIRCLE('',#255,2.55E-1);
#261=CIRCLE('',#260,2.55E-1);
#279=B_SPLINE_CURVE_WITH_KNOTS('',3,(#262,#263,#264,#265,#266,#267,#268,#269,
#270,#271,#272,#273,#274,#275,#276,#277,#278),.UNSPECIFIED.,.F.,.F.,(4,1,1,1,1,
1,1,1,1,1,1,1,1,1,4),(0.E0,7.142857142857E-2,1.428571428571E-1,
2.142857142857E-1,2.857142857143E-1,3.571428571429E-1,4.285714285714E-1,5.E-1,
5.714285714286E-1,6.428571428571E-1,7.142857142857E-1,7.857142857143E-1,
8.571428571429E-1,9.285714285714E-1,1.E0),.UNSPECIFIED.);
#288=CIRCLE('',#287,2.55E-1);
#307=B_SPLINE_CURVE_WITH_KNOTS('',3,(#289,#290,#291,#292,#293,#294,#295,#296,
#297,#298,#299,#300,#301,#302,#303,#304,#305,#306),.UNSPECIFIED.,.F.,.F.,(4,1,1,
1,1,1,1,1,1,1,1,1,1,1,1,4),(0.E0,6.666666666667E-2,1.333333333333E-1,2.E-1,
2.666666666667E-1,3.333333333333E-1,4.E-1,4.666666666667E-1,5.333333333333E-1,
6.E-1,6.666666666667E-1,7.333333333333E-1,8.E-1,8.666666666667E-1,
9.333333333333E-1,1.E0),.UNSPECIFIED.);
#312=CIRCLE('',#311,2.549988272501E-1);
#317=CIRCLE('',#316,2.55E-1);
#339=B_SPLINE_CURVE_WITH_KNOTS('',3,(#322,#323,#324,#325,#326,#327,#328,#329,
#330,#331,#332,#333,#334,#335,#336,#337,#338),.UNSPECIFIED.,.F.,.F.,(4,1,1,1,1,
1,1,1,1,1,1,1,1,1,4),(0.E0,7.142857142857E-2,1.428571428571E-1,
2.142857142857E-1,2.857142857143E-1,3.571428571429E-1,4.285714285714E-1,5.E-1,
5.714285714286E-1,6.428571428571E-1,7.142857142857E-1,7.857142857143E-1,
8.571428571429E-1,9.285714285714E-1,1.E0),.UNSPECIFIED.);
#344=CIRCLE('',#343,2.55E-1);
#363=B_SPLINE_CURVE_WITH_KNOTS('',3,(#345,#346,#347,#348,#349,#350,#351,#352,
#353,#354,#355,#356,#357,#358,#359,#360,#361,#362),.UNSPECIFIED.,.F.,.F.,(4,1,1,
1,1,1,1,1,1,1,1,1,1,1,1,4),(0.E0,6.666666666667E-2,1.333333333333E-1,2.E-1,
2.666666666667E-1,3.333333333333E-1,4.E-1,4.666666666667E-1,5.333333333333E-1,
6.E-1,6.666666666667E-1,7.333333333333E-1,8.E-1,8.666666666667E-1,
9.333333333333E-1,1.E0),.UNSPECIFIED.);
#370=B_SPLINE_CURVE_WITH_KNOTS('',3,(#364,#365,#366,#367,#368,#369),
.UNSPECIFIED.,.F.,.F.,(4,1,1,4),(0.E0,3.333333333333E-1,6.666666666667E-1,1.E0),
.UNSPECIFIED.);
#377=B_SPLINE_CURVE_WITH_KNOTS('',3,(#371,#372,#373,#374,#375,#376),
.UNSPECIFIED.,.F.,.F.,(4,1,1,4),(0.E0,3.333333333333E-1,6.666666666667E-1,1.E0),
.UNSPECIFIED.);
#382=CIRCLE('',#381,2.549988272502E-1);
#399=B_SPLINE_CURVE_WITH_KNOTS('',3,(#383,#384,#385,#386,#387,#388,#389,#390,
#391,#392,#393,#394,#395,#396,#397,#398),.UNSPECIFIED.,.F.,.F.,(4,1,1,1,1,1,1,1,
1,1,1,1,1,4),(0.E0,7.692307692308E-2,1.538461538462E-1,2.307692307692E-1,
3.076923076923E-1,3.846153846154E-1,4.615384615385E-1,5.384615384615E-1,
6.153846153846E-1,6.923076923077E-1,7.692307692308E-1,8.461538461538E-1,
9.230769230769E-1,1.E0),.UNSPECIFIED.);
#416=B_SPLINE_CURVE_WITH_KNOTS('',3,(#400,#401,#402,#403,#404,#405,#406,#407,
#408,#409,#410,#411,#412,#413,#414,#415),.UNSPECIFIED.,.F.,.F.,(4,1,1,1,1,1,1,1,
1,1,1,1,1,4),(0.E0,7.692307692308E-2,1.538461538462E-1,2.307692307692E-1,
3.076923076923E-1,3.846153846154E-1,4.615384615385E-1,5.384615384615E-1,
6.153846153846E-1,6.923076923077E-1,7.692307692308E-1,8.461538461538E-1,
9.230769230769E-1,1.E0),.UNSPECIFIED.);
#434=B_SPLINE_CURVE_WITH_KNOTS('',3,(#417,#418,#419,#420,#421,#422,#423,#424,
#425,#426,#427,#428,#429,#430,#431,#432,#433),.UNSPECIFIED.,.F.,.F.,(4,1,1,1,1,
1,1,1,1,1,1,1,1,1,4),(0.E0,7.142857142857E-2,1.428571428571E-1,
2.142857142857E-1,2.857142857143E-1,3.571428571429E-1,4.285714285714E-1,5.E-1,
5.714285714286E-1,6.428571428571E-1,7.142857142857E-1,7.857142857143E-1,
8.571428571429E-1,9.285714285714E-1,1.E0),.UNSPECIFIED.);
#452=B_SPLINE_CURVE_WITH_KNOTS('',3,(#435,#436,#437,#438,#439,#440,#441,#442,
#443,#444,#445,#446,#447,#448,#449,#450,#451),.UNSPECIFIED.,.F.,.F.,(4,1,1,1,1,
1,1,1,1,1,1,1,1,1,4),(0.E0,7.142857142857E-2,1.428571428571E-1,
2.142857142857E-1,2.857142857143E-1,3.571428571429E-1,4.285714285714E-1,5.E-1,
5.714285714286E-1,6.428571428571E-1,7.142857142857E-1,7.857142857143E-1,
8.571428571429E-1,9.285714285714E-1,1.E0),.UNSPECIFIED.);
#457=CIRCLE('',#456,2.55E-1);
#462=CIRCLE('',#461,2.549988272500E-1);
#467=CIRCLE('',#466,2.55E-1);
#489=B_SPLINE_CURVE_WITH_KNOTS('',3,(#472,#473,#474,#475,#476,#477,#478,#479,
#480,#481,#482,#483,#484,#485,#486,#487,#488),.UNSPECIFIED.,.F.,.F.,(4,1,1,1,1,
1,1,1,1,1,1,1,1,1,4),(0.E0,7.142857142857E-2,1.428571428571E-1,
2.142857142857E-1,2.857142857143E-1,3.571428571429E-1,4.285714285714E-1,5.E-1,
5.714285714286E-1,6.428571428571E-1,7.142857142857E-1,7.857142857143E-1,
8.571428571429E-1,9.285714285714E-1,1.E0),.UNSPECIFIED.);
#494=CIRCLE('',#493,2.55E-1);
#513=B_SPLINE_CURVE_WITH_KNOTS('',3,(#495,#496,#497,#498,#499,#500,#501,#502,
#503,#504,#505,#506,#507,#508,#509,#510,#511,#512),.UNSPECIFIED.,.F.,.F.,(4,1,1,
1,1,1,1,1,1,1,1,1,1,1,1,4),(0.E0,6.666666666667E-2,1.333333333333E-1,2.E-1,
2.666666666667E-1,3.333333333333E-1,4.E-1,4.666666666667E-1,5.333333333333E-1,
6.E-1,6.666666666667E-1,7.333333333333E-1,8.E-1,8.666666666667E-1,
9.333333333333E-1,1.E0),.UNSPECIFIED.);
#518=CIRCLE('',#517,2.55E-1);
#523=CIRCLE('',#522,2.55E-1);
#541=B_SPLINE_CURVE_WITH_KNOTS('',3,(#524,#525,#526,#527,#528,#529,#530,#531,
#532,#533,#534,#535,#536,#537,#538,#539,#540),.UNSPECIFIED.,.F.,.F.,(4,1,1,1,1,
1,1,1,1,1,1,1,1,1,4),(0.E0,7.142857142857E-2,1.428571428571E-1,
2.142857142857E-1,2.857142857143E-1,3.571428571429E-1,4.285714285714E-1,5.E-1,
5.714285714286E-1,6.428571428571E-1,7.142857142857E-1,7.857142857143E-1,
8.571428571429E-1,9.285714285714E-1,1.E0),.UNSPECIFIED.);
#550=CIRCLE('',#549,2.55E-1);
#569=B_SPLINE_CURVE_WITH_KNOTS('',3,(#551,#552,#553,#554,#555,#556,#557,#558,
#559,#560,#561,#562,#563,#564,#565,#566,#567,#568),.UNSPECIFIED.,.F.,.F.,(4,1,1,
1,1,1,1,1,1,1,1,1,1,1,1,4),(0.E0,6.666666666667E-2,1.333333333333E-1,2.E-1,
2.666666666667E-1,3.333333333333E-1,4.E-1,4.666666666667E-1,5.333333333333E-1,
6.E-1,6.666666666667E-1,7.333333333333E-1,8.E-1,8.666666666667E-1,
9.333333333333E-1,1.E0),.UNSPECIFIED.);
#574=CIRCLE('',#573,2.55E-1);
#592=B_SPLINE_CURVE_WITH_KNOTS('',3,(#575,#576,#577,#578,#579,#580,#581,#582,
#583,#584,#585,#586,#587,#588,#589,#590,#591),.UNSPECIFIED.,.F.,.F.,(4,1,1,1,1,
1,1,1,1,1,1,1,1,1,4),(0.E0,7.142857142857E-2,1.428571428571E-1,
2.142857142857E-1,2.857142857143E-1,3.571428571429E-1,4.285714285714E-1,5.E-1,
5.714285714286E-1,6.428571428571E-1,7.142857142857E-1,7.857142857143E-1,
8.571428571429E-1,9.285714285714E-1,1.E0),.UNSPECIFIED.);
#601=CIRCLE('',#600,2.549988272501E-1);
#606=CIRCLE('',#605,2.55E-1);
#629=B_SPLINE_CURVE_WITH_KNOTS('',3,(#611,#612,#613,#614,#615,#616,#617,#618,
#619,#620,#621,#622,#623,#624,#625,#626,#627,#628),.UNSPECIFIED.,.F.,.F.,(4,1,1,
1,1,1,1,1,1,1,1,1,1,1,1,4),(0.E0,6.666666666667E-2,1.333333333333E-1,2.E-1,
2.666666666667E-1,3.333333333333E-1,4.E-1,4.666666666667E-1,5.333333333333E-1,
6.E-1,6.666666666667E-1,7.333333333333E-1,8.E-1,8.666666666667E-1,
9.333333333333E-1,1.E0),.UNSPECIFIED.);
#634=CIRCLE('',#633,2.55E-1);
#639=CIRCLE('',#638,2.55E-1);
#651=B_SPLINE_CURVE_WITH_KNOTS('',3,(#640,#641,#642,#643,#644,#645,#646,#647,
#648,#649,#650),.UNSPECIFIED.,.F.,.F.,(4,1,1,1,1,1,1,1,4),(0.E0,1.25E-1,2.5E-1,
3.75E-1,5.E-1,6.25E-1,7.5E-1,8.75E-1,1.E0),.UNSPECIFIED.);
#656=CIRCLE('',#655,4.45E0);
#669=B_SPLINE_CURVE_WITH_KNOTS('',3,(#657,#658,#659,#660,#661,#662,#663,#664,
#665,#666,#667,#668),.UNSPECIFIED.,.F.,.F.,(4,1,1,1,1,1,1,1,1,4),(0.E0,
1.111111111111E-1,2.222222222222E-1,3.333333333333E-1,4.444444444444E-1,
5.555555555556E-1,6.666666666667E-1,7.777777777778E-1,8.888888888889E-1,1.E0),
.UNSPECIFIED.);
#674=CIRCLE('',#673,4.7E0);
#683=CIRCLE('',#682,4.7E0);
#688=CIRCLE('',#687,4.7E0);
#697=CIRCLE('',#696,4.7E0);
#716=B_SPLINE_CURVE_WITH_KNOTS('',3,(#698,#699,#700,#701,#702,#703,#704,#705,
#706,#707,#708,#709,#710,#711,#712,#713,#714,#715),.UNSPECIFIED.,.F.,.F.,(4,1,1,
1,1,1,1,1,1,1,1,1,1,1,1,4),(0.E0,6.666666666667E-2,1.333333333333E-1,2.E-1,
2.666666666667E-1,3.333333333333E-1,4.E-1,4.666666666667E-1,5.333333333333E-1,
6.E-1,6.666666666667E-1,7.333333333333E-1,8.E-1,8.666666666667E-1,
9.333333333333E-1,1.E0),.UNSPECIFIED.);
#721=CIRCLE('',#720,4.7E0);
#726=CIRCLE('',#725,4.7E0);
#745=B_SPLINE_CURVE_WITH_KNOTS('',3,(#727,#728,#729,#730,#731,#732,#733,#734,
#735,#736,#737,#738,#739,#740,#741,#742,#743,#744),.UNSPECIFIED.,.F.,.F.,(4,1,1,
1,1,1,1,1,1,1,1,1,1,1,1,4),(0.E0,6.666666666667E-2,1.333333333333E-1,2.E-1,
2.666666666667E-1,3.333333333333E-1,4.E-1,4.666666666667E-1,5.333333333333E-1,
6.E-1,6.666666666667E-1,7.333333333333E-1,8.E-1,8.666666666667E-1,
9.333333333333E-1,1.E0),.UNSPECIFIED.);
#750=CIRCLE('',#749,4.45E0);
#763=B_SPLINE_CURVE_WITH_KNOTS('',3,(#751,#752,#753,#754,#755,#756,#757,#758,
#759,#760,#761,#762),.UNSPECIFIED.,.F.,.F.,(4,1,1,1,1,1,1,1,1,4),(0.E0,
1.111111111111E-1,2.222222222222E-1,3.333333333333E-1,4.444444444444E-1,
5.555555555556E-1,6.666666666667E-1,7.777777777778E-1,8.888888888889E-1,1.E0),
.UNSPECIFIED.);
#775=B_SPLINE_CURVE_WITH_KNOTS('',3,(#764,#765,#766,#767,#768,#769,#770,#771,
#772,#773,#774),.UNSPECIFIED.,.F.,.F.,(4,1,1,1,1,1,1,1,4),(0.E0,1.25E-1,2.5E-1,
3.75E-1,5.E-1,6.25E-1,7.5E-1,8.75E-1,1.E0),.UNSPECIFIED.);
#810=B_SPLINE_CURVE_WITH_KNOTS('',3,(#788,#789,#790,#791,#792,#793,#794,#795,
#796,#797,#798,#799,#800,#801,#802,#803,#804,#805,#806,#807,#808,#809),
.UNSPECIFIED.,.F.,.F.,(4,1,1,1,1,1,1,1,1,1,1,1,1,1,1,1,1,1,1,4),(0.E0,
5.263157894737E-2,1.052631578947E-1,1.578947368421E-1,2.105263157895E-1,
2.631578947368E-1,3.157894736842E-1,3.684210526316E-1,4.210526315789E-1,
4.736842105263E-1,5.263157894737E-1,5.789473684211E-1,6.315789473684E-1,
6.842105263158E-1,7.368421052632E-1,7.894736842105E-1,8.421052631579E-1,
8.947368421053E-1,9.473684210526E-1,1.E0),.UNSPECIFIED.);
#827=B_SPLINE_CURVE_WITH_KNOTS('',3,(#815,#816,#817,#818,#819,#820,#821,#822,
#823,#824,#825,#826),.UNSPECIFIED.,.F.,.F.,(4,1,1,1,1,1,1,1,1,4),(0.E0,
1.111111111111E-1,2.222222222222E-1,3.333333333333E-1,4.444444444444E-1,
5.555555555556E-1,6.666666666667E-1,7.777777777778E-1,8.888888888889E-1,1.E0),
.UNSPECIFIED.);
#837=B_SPLINE_CURVE_WITH_KNOTS('',3,(#828,#829,#830,#831,#832,#833,#834,#835,
#836),.UNSPECIFIED.,.F.,.F.,(4,1,1,1,1,1,4),(0.E0,1.666666666667E-1,
3.333333333333E-1,5.E-1,6.666666666667E-1,8.333333333333E-1,1.E0),
.UNSPECIFIED.);
#844=B_SPLINE_CURVE_WITH_KNOTS('',3,(#838,#839,#840,#841,#842,#843),
.UNSPECIFIED.,.F.,.F.,(4,1,1,4),(0.E0,3.333333333333E-1,6.666666666667E-1,1.E0),
.UNSPECIFIED.);
#863=B_SPLINE_CURVE_WITH_KNOTS('',3,(#845,#846,#847,#848,#849,#850,#851,#852,
#853,#854,#855,#856,#857,#858,#859,#860,#861,#862),.UNSPECIFIED.,.F.,.F.,(4,1,1,
1,1,1,1,1,1,1,1,1,1,1,1,4),(0.E0,6.666666666667E-2,1.333333333333E-1,2.E-1,
2.666666666667E-1,3.333333333333E-1,4.E-1,4.666666666667E-1,5.333333333333E-1,
6.E-1,6.666666666667E-1,7.333333333333E-1,8.E-1,8.666666666667E-1,
9.333333333333E-1,1.E0),.UNSPECIFIED.);
#868=CIRCLE('',#867,3.499999141727E-1);
#891=B_SPLINE_CURVE_WITH_KNOTS('',3,(#869,#870,#871,#872,#873,#874,#875,#876,
#877,#878,#879,#880,#881,#882,#883,#884,#885,#886,#887,#888,#889,#890),
.UNSPECIFIED.,.F.,.F.,(4,1,1,1,1,1,1,1,1,1,1,1,1,1,1,1,1,1,1,4),(0.E0,
5.263157894737E-2,1.052631578947E-1,1.578947368421E-1,2.105263157895E-1,
2.631578947368E-1,3.157894736842E-1,3.684210526316E-1,4.210526315789E-1,
4.736842105263E-1,5.263157894737E-1,5.789473684211E-1,6.315789473684E-1,
6.842105263158E-1,7.368421052632E-1,7.894736842105E-1,8.421052631579E-1,
8.947368421053E-1,9.473684210526E-1,1.E0),.UNSPECIFIED.);
#896=CIRCLE('',#895,3.499999923213E-1);
#901=CIRCLE('',#900,9.448335885383E-1);
#913=B_SPLINE_CURVE_WITH_KNOTS('',3,(#902,#903,#904,#905,#906,#907,#908,#909,
#910,#911,#912),.UNSPECIFIED.,.F.,.F.,(4,1,1,1,1,1,1,1,4),(0.E0,1.25E-1,2.5E-1,
3.75E-1,5.E-1,6.25E-1,7.5E-1,8.75E-1,1.E0),.UNSPECIFIED.);
#926=CIRCLE('',#925,3.5E-1);
#931=CIRCLE('',#930,9.5E-1);
#937=B_SPLINE_CURVE_WITH_KNOTS('',3,(#932,#933,#934,#935,#936),.UNSPECIFIED.,
.F.,.F.,(4,1,4),(0.E0,5.E-1,1.E0),.UNSPECIFIED.);
#942=CIRCLE('',#941,9.448336100329E-1);
#947=CIRCLE('',#946,2.601664148799E-1);
#952=CIRCLE('',#951,3.5E-1);
#957=CIRCLE('',#956,2.601663983745E-1);
#962=CIRCLE('',#961,3.5E-1);
#967=CIRCLE('',#966,2.55E-1);
#989=B_SPLINE_CURVE_WITH_KNOTS('',3,(#972,#973,#974,#975,#976,#977,#978,#979,
#980,#981,#982,#983,#984,#985,#986,#987,#988),.UNSPECIFIED.,.F.,.F.,(4,1,1,1,1,
1,1,1,1,1,1,1,1,1,4),(0.E0,7.142857142857E-2,1.428571428571E-1,
2.142857142857E-1,2.857142857143E-1,3.571428571429E-1,4.285714285714E-1,5.E-1,
5.714285714286E-1,6.428571428571E-1,7.142857142857E-1,7.857142857143E-1,
8.571428571429E-1,9.285714285714E-1,1.E0),.UNSPECIFIED.);
#994=CIRCLE('',#993,2.55E-1);
#999=CIRCLE('',#998,2.55E-1);
#1008=CIRCLE('',#1007,2.55E-1);
#1027=B_SPLINE_CURVE_WITH_KNOTS('',3,(#1009,#1010,#1011,#1012,#1013,#1014,#1015,
#1016,#1017,#1018,#1019,#1020,#1021,#1022,#1023,#1024,#1025,#1026),
.UNSPECIFIED.,.F.,.F.,(4,1,1,1,1,1,1,1,1,1,1,1,1,1,1,4),(0.E0,6.666666666667E-2,
1.333333333333E-1,2.E-1,2.666666666667E-1,3.333333333333E-1,4.E-1,
4.666666666667E-1,5.333333333333E-1,6.E-1,6.666666666667E-1,7.333333333333E-1,
8.E-1,8.666666666667E-1,9.333333333333E-1,1.E0),.UNSPECIFIED.);
#1032=CIRCLE('',#1031,2.55E-1);
#1037=CIRCLE('',#1036,2.55E-1);
#1055=B_SPLINE_CURVE_WITH_KNOTS('',3,(#1038,#1039,#1040,#1041,#1042,#1043,#1044,
#1045,#1046,#1047,#1048,#1049,#1050,#1051,#1052,#1053,#1054),.UNSPECIFIED.,.F.,
.F.,(4,1,1,1,1,1,1,1,1,1,1,1,1,1,4),(0.E0,7.142857142857E-2,1.428571428571E-1,
2.142857142857E-1,2.857142857143E-1,3.571428571429E-1,4.285714285714E-1,5.E-1,
5.714285714286E-1,6.428571428571E-1,7.142857142857E-1,7.857142857143E-1,
8.571428571429E-1,9.285714285714E-1,1.E0),.UNSPECIFIED.);
#1064=CIRCLE('',#1063,2.55E-1);
#1083=B_SPLINE_CURVE_WITH_KNOTS('',3,(#1065,#1066,#1067,#1068,#1069,#1070,#1071,
#1072,#1073,#1074,#1075,#1076,#1077,#1078,#1079,#1080,#1081,#1082),
.UNSPECIFIED.,.F.,.F.,(4,1,1,1,1,1,1,1,1,1,1,1,1,1,1,4),(0.E0,6.666666666667E-2,
1.333333333333E-1,2.E-1,2.666666666667E-1,3.333333333333E-1,4.E-1,
4.666666666667E-1,5.333333333333E-1,6.E-1,6.666666666667E-1,7.333333333333E-1,
8.E-1,8.666666666667E-1,9.333333333333E-1,1.E0),.UNSPECIFIED.);
#1088=CIRCLE('',#1087,2.549988272501E-1);
#1093=CIRCLE('',#1092,2.55E-1);
#1115=B_SPLINE_CURVE_WITH_KNOTS('',3,(#1098,#1099,#1100,#1101,#1102,#1103,#1104,
#1105,#1106,#1107,#1108,#1109,#1110,#1111,#1112,#1113,#1114),.UNSPECIFIED.,.F.,
.F.,(4,1,1,1,1,1,1,1,1,1,1,1,1,1,4),(0.E0,7.142857142857E-2,1.428571428571E-1,
2.142857142857E-1,2.857142857143E-1,3.571428571429E-1,4.285714285714E-1,5.E-1,
5.714285714286E-1,6.428571428571E-1,7.142857142857E-1,7.857142857143E-1,
8.571428571429E-1,9.285714285714E-1,1.E0),.UNSPECIFIED.);
#1120=CIRCLE('',#1119,2.55E-1);
#1139=B_SPLINE_CURVE_WITH_KNOTS('',3,(#1121,#1122,#1123,#1124,#1125,#1126,#1127,
#1128,#1129,#1130,#1131,#1132,#1133,#1134,#1135,#1136,#1137,#1138),
.UNSPECIFIED.,.F.,.F.,(4,1,1,1,1,1,1,1,1,1,1,1,1,1,1,4),(0.E0,6.666666666667E-2,
1.333333333333E-1,2.E-1,2.666666666667E-1,3.333333333333E-1,4.E-1,
4.666666666667E-1,5.333333333333E-1,6.E-1,6.666666666667E-1,7.333333333333E-1,
8.E-1,8.666666666667E-1,9.333333333333E-1,1.E0),.UNSPECIFIED.);
#1156=B_SPLINE_CURVE_WITH_KNOTS('',3,(#1140,#1141,#1142,#1143,#1144,#1145,#1146,
#1147,#1148,#1149,#1150,#1151,#1152,#1153,#1154,#1155),.UNSPECIFIED.,.F.,.F.,(4,
1,1,1,1,1,1,1,1,1,1,1,1,4),(0.E0,7.692307692308E-2,1.538461538462E-1,
2.307692307692E-1,3.076923076923E-1,3.846153846154E-1,4.615384615385E-1,
5.384615384615E-1,6.153846153846E-1,6.923076923077E-1,7.692307692308E-1,
8.461538461538E-1,9.230769230769E-1,1.E0),.UNSPECIFIED.);
#1173=B_SPLINE_CURVE_WITH_KNOTS('',3,(#1157,#1158,#1159,#1160,#1161,#1162,#1163,
#1164,#1165,#1166,#1167,#1168,#1169,#1170,#1171,#1172),.UNSPECIFIED.,.F.,.F.,(4,
1,1,1,1,1,1,1,1,1,1,1,1,4),(0.E0,7.692307692308E-2,1.538461538462E-1,
2.307692307692E-1,3.076923076923E-1,3.846153846154E-1,4.615384615385E-1,
5.384615384615E-1,6.153846153846E-1,6.923076923077E-1,7.692307692308E-1,
8.461538461538E-1,9.230769230769E-1,1.E0),.UNSPECIFIED.);
#1191=B_SPLINE_CURVE_WITH_KNOTS('',3,(#1174,#1175,#1176,#1177,#1178,#1179,#1180,
#1181,#1182,#1183,#1184,#1185,#1186,#1187,#1188,#1189,#1190),.UNSPECIFIED.,.F.,
.F.,(4,1,1,1,1,1,1,1,1,1,1,1,1,1,4),(0.E0,7.142857142857E-2,1.428571428571E-1,
2.142857142857E-1,2.857142857143E-1,3.571428571429E-1,4.285714285714E-1,5.E-1,
5.714285714286E-1,6.428571428571E-1,7.142857142857E-1,7.857142857143E-1,
8.571428571429E-1,9.285714285714E-1,1.E0),.UNSPECIFIED.);
#1209=B_SPLINE_CURVE_WITH_KNOTS('',3,(#1192,#1193,#1194,#1195,#1196,#1197,#1198,
#1199,#1200,#1201,#1202,#1203,#1204,#1205,#1206,#1207,#1208),.UNSPECIFIED.,.F.,
.F.,(4,1,1,1,1,1,1,1,1,1,1,1,1,1,4),(0.E0,7.142857142857E-2,1.428571428571E-1,
2.142857142857E-1,2.857142857143E-1,3.571428571429E-1,4.285714285714E-1,5.E-1,
5.714285714286E-1,6.428571428571E-1,7.142857142857E-1,7.857142857143E-1,
8.571428571429E-1,9.285714285714E-1,1.E0),.UNSPECIFIED.);
#1214=CIRCLE('',#1213,2.55E-1);
#1221=B_SPLINE_CURVE_WITH_KNOTS('',3,(#1215,#1216,#1217,#1218,#1219,#1220),
.UNSPECIFIED.,.F.,.F.,(4,1,1,4),(0.E0,3.333333333333E-1,6.666666666667E-1,1.E0),
.UNSPECIFIED.);
#1226=CIRCLE('',#1225,2.55E-1);
#1244=B_SPLINE_CURVE_WITH_KNOTS('',3,(#1227,#1228,#1229,#1230,#1231,#1232,#1233,
#1234,#1235,#1236,#1237,#1238,#1239,#1240,#1241,#1242,#1243),.UNSPECIFIED.,.F.,
.F.,(4,1,1,1,1,1,1,1,1,1,1,1,1,1,4),(0.E0,7.142857142857E-2,1.428571428571E-1,
2.142857142857E-1,2.857142857143E-1,3.571428571429E-1,4.285714285714E-1,5.E-1,
5.714285714286E-1,6.428571428571E-1,7.142857142857E-1,7.857142857143E-1,
8.571428571429E-1,9.285714285714E-1,1.E0),.UNSPECIFIED.);
#1253=CIRCLE('',#1252,2.55E-1);
#1272=B_SPLINE_CURVE_WITH_KNOTS('',3,(#1254,#1255,#1256,#1257,#1258,#1259,#1260,
#1261,#1262,#1263,#1264,#1265,#1266,#1267,#1268,#1269,#1270,#1271),
.UNSPECIFIED.,.F.,.F.,(4,1,1,1,1,1,1,1,1,1,1,1,1,1,1,4),(0.E0,6.666666666667E-2,
1.333333333333E-1,2.E-1,2.666666666667E-1,3.333333333333E-1,4.E-1,
4.666666666667E-1,5.333333333333E-1,6.E-1,6.666666666667E-1,7.333333333333E-1,
8.E-1,8.666666666667E-1,9.333333333333E-1,1.E0),.UNSPECIFIED.);
#1277=CIRCLE('',#1276,2.55E-1);
#1282=CIRCLE('',#1281,2.55E-1);
#1304=B_SPLINE_CURVE_WITH_KNOTS('',3,(#1287,#1288,#1289,#1290,#1291,#1292,#1293,
#1294,#1295,#1296,#1297,#1298,#1299,#1300,#1301,#1302,#1303),.UNSPECIFIED.,.F.,
.F.,(4,1,1,1,1,1,1,1,1,1,1,1,1,1,4),(0.E0,7.142857142857E-2,1.428571428571E-1,
2.142857142857E-1,2.857142857143E-1,3.571428571429E-1,4.285714285714E-1,5.E-1,
5.714285714286E-1,6.428571428571E-1,7.142857142857E-1,7.857142857143E-1,
8.571428571429E-1,9.285714285714E-1,1.E0),.UNSPECIFIED.);
#1309=CIRCLE('',#1308,2.55E-1);
#1328=B_SPLINE_CURVE_WITH_KNOTS('',3,(#1310,#1311,#1312,#1313,#1314,#1315,#1316,
#1317,#1318,#1319,#1320,#1321,#1322,#1323,#1324,#1325,#1326,#1327),
.UNSPECIFIED.,.F.,.F.,(4,1,1,1,1,1,1,1,1,1,1,1,1,1,1,4),(0.E0,6.666666666667E-2,
1.333333333333E-1,2.E-1,2.666666666667E-1,3.333333333333E-1,4.E-1,
4.666666666667E-1,5.333333333333E-1,6.E-1,6.666666666667E-1,7.333333333333E-1,
8.E-1,8.666666666667E-1,9.333333333333E-1,1.E0),.UNSPECIFIED.);
#1333=CIRCLE('',#1332,2.549988272501E-1);
#1338=CIRCLE('',#1337,2.55E-1);
#1361=B_SPLINE_CURVE_WITH_KNOTS('',3,(#1343,#1344,#1345,#1346,#1347,#1348,#1349,
#1350,#1351,#1352,#1353,#1354,#1355,#1356,#1357,#1358,#1359,#1360),
.UNSPECIFIED.,.F.,.F.,(4,1,1,1,1,1,1,1,1,1,1,1,1,1,1,4),(0.E0,6.666666666667E-2,
1.333333333333E-1,2.E-1,2.666666666667E-1,3.333333333333E-1,4.E-1,
4.666666666667E-1,5.333333333333E-1,6.E-1,6.666666666667E-1,7.333333333333E-1,
8.E-1,8.666666666667E-1,9.333333333333E-1,1.E0),.UNSPECIFIED.);
#1366=CIRCLE('',#1365,2.55E-1);
#1384=B_SPLINE_CURVE_WITH_KNOTS('',3,(#1367,#1368,#1369,#1370,#1371,#1372,#1373,
#1374,#1375,#1376,#1377,#1378,#1379,#1380,#1381,#1382,#1383),.UNSPECIFIED.,.F.,
.F.,(4,1,1,1,1,1,1,1,1,1,1,1,1,1,4),(0.E0,7.142857142857E-2,1.428571428571E-1,
2.142857142857E-1,2.857142857143E-1,3.571428571429E-1,4.285714285714E-1,5.E-1,
5.714285714286E-1,6.428571428571E-1,7.142857142857E-1,7.857142857143E-1,
8.571428571429E-1,9.285714285714E-1,1.E0),.UNSPECIFIED.);
#1393=CIRCLE('',#1392,2.55E-1);
#1398=CIRCLE('',#1397,2.55E-1);
#1403=CIRCLE('',#1402,2.549988272500E-1);
#1410=B_SPLINE_CURVE_WITH_KNOTS('',3,(#1404,#1405,#1406,#1407,#1408,#1409),
.UNSPECIFIED.,.F.,.F.,(4,1,1,4),(0.E0,3.333333333333E-1,6.666666666667E-1,1.E0),
.UNSPECIFIED.);
#1415=CIRCLE('',#1414,2.549988272502E-1);
#1420=CIRCLE('',#1419,9.5E-1);
#1425=CIRCLE('',#1424,6.E-1);
#1438=CIRCLE('',#1437,9.5E-1);
#1443=CIRCLE('',#1442,6.E-1);
#1623=EDGE_CURVE('',#1595,#1572,#4,.T.);
#1625=EDGE_CURVE('',#1601,#1595,#150,.T.);
#1627=EDGE_CURVE('',#1468,#1601,#8,.T.);
#1629=EDGE_CURVE('',#1602,#1468,#656,.T.);
#1631=EDGE_CURVE('',#1617,#1602,#12,.T.);
#1633=EDGE_CURVE('',#1566,#1617,#35,.T.);
#1635=EDGE_CURVE('',#1566,#1567,#39,.T.);
#1637=EDGE_CURVE('',#1567,#1572,#52,.T.);
#1641=ADVANCED_FACE('',(#1640),#1622,.F.);
#1648=EDGE_CURVE('',#1572,#1573,#62,.T.);
#1650=EDGE_CURVE('',#1574,#1573,#1438,.T.);
#1652=EDGE_CURVE('',#1574,#1598,#69,.T.);
#1654=EDGE_CURVE('',#1595,#1598,#155,.T.);
#1658=ADVANCED_FACE('',(#1657),#1646,.T.);
#1730=EDGE_CURVE('',#1571,#1567,#88,.T.);
#1732=EDGE_CURVE('',#1573,#1571,#93,.T.);
#1736=ADVANCED_FACE('',(#1735),#1727,.T.);
#1743=EDGE_CURVE('',#1566,#1570,#121,.T.);
#1745=EDGE_CURVE('',#1570,#1571,#1433,.T.);
#1750=ADVANCED_FACE('',(#1749),#1741,.F.);
#1844=EDGE_CURVE('',#1599,#1617,#137,.T.);
#1846=EDGE_CURVE('',#1598,#1599,#161,.T.);
#1849=EDGE_CURVE('',#1570,#1574,#116,.T.);
#1855=ADVANCED_FACE('',(#1854),#1843,.F.);
#1861=EDGE_CURVE('',#1608,#1599,#126,.T.);
#1865=EDGE_CURVE('',#1454,#1602,#651,.T.);
#1867=EDGE_CURVE('',#1454,#1459,#745,.T.);
#1869=EDGE_CURVE('',#1468,#1459,#669,.T.);
#1871=EDGE_CURVE('',#1468,#1604,#141,.T.);
#1873=EDGE_CURVE('',#1591,#1604,#181,.T.);
#1875=EDGE_CURVE('',#1608,#1591,#145,.T.);
#1879=ADVANCED_FACE('',(#1878),#1860,.T.);
#1886=EDGE_CURVE('',#1601,#1608,#166,.T.);
#1893=ADVANCED_FACE('',(#1892),#1884,.T.);
#1901=EDGE_CURVE('',#1604,#1591,#171,.T.);
#1907=ADVANCED_FACE('',(#1906),#1898,.T.);
#1913=EDGE_CURVE('',#1583,#1591,#186,.T.);
#1915=EDGE_CURVE('',#1581,#1583,#256,.T.);
#1917=EDGE_CURVE('',#1581,#1604,#176,.T.);
#1922=ADVANCED_FACE('',(#1921),#1912,.F.);
#1930=EDGE_CURVE('',#1580,#1581,#191,.T.);
#1932=EDGE_CURVE('',#1583,#1580,#223,.T.);
#1937=ADVANCED_FACE('',(#1936),#1927,.F.);
#1944=EDGE_CURVE('',#1581,#1512,#195,.T.);
#1946=EDGE_CURVE('',#1478,#1512,#213,.T.);
#1948=EDGE_CURVE('',#1478,#1473,#218,.T.);
#1950=EDGE_CURVE('',#1580,#1473,#227,.T.);
#1954=ADVANCED_FACE('',(#1953),#1942,.T.);
#1962=EDGE_CURVE('',#1473,#1474,#232,.T.);
#1964=EDGE_CURVE('',#1512,#1474,#251,.T.);
#1970=ADVANCED_FACE('',(#1969),#1959,.T.);
#1976=EDGE_CURVE('',#1478,#1476,#261,.T.);
#1978=EDGE_CURVE('',#1476,#1474,#317,.T.);
#1984=ADVANCED_FACE('',(#1983),#1975,.T.);
#1991=EDGE_CURVE('',#1478,#1511,#279,.T.);
#1993=EDGE_CURVE('',#1511,#1481,#283,.T.);
#1995=EDGE_CURVE('',#1481,#1482,#288,.T.);
#1997=EDGE_CURVE('',#1500,#1482,#307,.T.);
#1999=EDGE_CURVE('',#1476,#1500,#321,.T.);
#2003=ADVANCED_FACE('',(#2002),#1989,.T.);
#2078=EDGE_CURVE('',#1511,#1512,#312,.T.);
#2083=ADVANCED_FACE('',(#2082),#2076,.F.);
#2161=EDGE_CURVE('',#1511,#1474,#363,.T.);
#2167=ADVANCED_FACE('',(#2166),#2160,.F.);
#2175=EDGE_CURVE('',#1484,#1500,#339,.T.);
#2177=EDGE_CURVE('',#1484,#1481,#344,.T.);
#2183=ADVANCED_FACE('',(#2182),#2172,.T.);
#2258=EDGE_CURVE('',#1504,#1500,#382,.T.);
#2260=EDGE_CURVE('',#1501,#1504,#370,.T.);
#2262=EDGE_CURVE('',#1484,#1501,#399,.T.);
#2266=ADVANCED_FACE('',(#2265),#2256,.F.);
#2344=EDGE_CURVE('',#1499,#1482,#452,.T.);
#2346=EDGE_CURVE('',#1504,#1499,#377,.T.);
#2352=ADVANCED_FACE('',(#2351),#2343,.F.);
#2358=EDGE_CURVE('',#1484,#1482,#457,.T.);
#2361=EDGE_CURVE('',#1490,#1501,#416,.T.);
#2363=EDGE_CURVE('',#1488,#1490,#518,.T.);
#2365=EDGE_CURVE('',#1499,#1488,#434,.T.);
#2370=ADVANCED_FACE('',(#2369),#2357,.T.);
#2381=ADVANCED_FACE('',(#2380),#2375,.T.);
#2457=EDGE_CURVE('',#1502,#1504,#462,.T.);
#2459=EDGE_CURVE('',#1490,#1502,#541,.T.);
#2463=ADVANCED_FACE('',(#2462),#2454,.F.);
#2541=EDGE_CURVE('',#1502,#1488,#513,.T.);
#2548=ADVANCED_FACE('',(#2547),#2540,.F.);
#2554=EDGE_CURVE('',#1487,#1488,#467,.T.);
#2556=EDGE_CURVE('',#1487,#1514,#471,.T.);
#2558=EDGE_CURVE('',#1498,#1514,#489,.T.);
#2560=EDGE_CURVE('',#1498,#1493,#494,.T.);
#2562=EDGE_CURVE('',#1502,#1493,#545,.T.);
#2567=ADVANCED_FACE('',(#2566),#2553,.T.);
#2573=EDGE_CURVE('',#1490,#1487,#523,.T.);
#2579=ADVANCED_FACE('',(#2578),#2572,.T.);
#2588=EDGE_CURVE('',#1493,#1494,#550,.T.);
#2590=EDGE_CURVE('',#1514,#1494,#569,.T.);
#2595=ADVANCED_FACE('',(#2594),#2584,.T.);
#2601=EDGE_CURVE('',#1498,#1496,#574,.T.);
#2603=EDGE_CURVE('',#1496,#1494,#606,.T.);
#2609=ADVANCED_FACE('',(#2608),#2600,.T.);
#2616=EDGE_CURVE('',#1498,#1508,#592,.T.);
#2618=EDGE_CURVE('',#1508,#1451,#596,.T.);
#2620=EDGE_CURVE('',#1451,#1450,#639,.T.);
#2622=EDGE_CURVE('',#1496,#1450,#610,.T.);
#2626=ADVANCED_FACE('',(#2625),#2614,.T.);
#2701=EDGE_CURVE('',#1508,#1514,#601,.T.);
#2706=ADVANCED_FACE('',(#2705),#2699,.F.);
#2784=EDGE_CURVE('',#1508,#1494,#629,.T.);
#2790=ADVANCED_FACE('',(#2789),#2783,.F.);
#2798=EDGE_CURVE('',#1450,#1451,#634,.T.);
#2804=ADVANCED_FACE('',(#2803),#2795,.T.);
#2814=ADVANCED_FACE('',(#2813),#2809,.T.);
#2820=EDGE_CURVE('',#1455,#1457,#674,.T.);
#2822=EDGE_CURVE('',#1454,#1455,#688,.T.);
#2827=EDGE_CURVE('',#1457,#1459,#726,.T.);
#2831=ADVANCED_FACE('',(#2830),#2819,.T.);
#2838=EDGE_CURVE('',#1457,#1463,#678,.T.);
#2840=EDGE_CURVE('',#1463,#1465,#683,.T.);
#2842=EDGE_CURVE('',#1455,#1465,#692,.T.);
#2846=ADVANCED_FACE('',(#2845),#2836,.T.);
#2854=EDGE_CURVE('',#1465,#1467,#697,.T.);
#2856=EDGE_CURVE('',#1462,#1467,#716,.T.);
#2858=EDGE_CURVE('',#1462,#1463,#721,.T.);
#2865=ADVANCED_FACE('',(#2864),#2851,.T.);
#2871=EDGE_CURVE('',#1469,#1470,#750,.T.);
#2873=EDGE_CURVE('',#1470,#1467,#763,.T.);
#2878=EDGE_CURVE('',#1462,#1469,#775,.T.);
#2882=ADVANCED_FACE('',(#2881),#2870,.T.);
#2888=EDGE_CURVE('',#1597,#1576,#779,.T.);
#2890=EDGE_CURVE('',#1615,#1597,#926,.T.);
#2892=EDGE_CURVE('',#1470,#1615,#783,.T.);
#2895=EDGE_CURVE('',#1616,#1469,#787,.T.);
#2897=EDGE_CURVE('',#1558,#1616,#810,.T.);
#2899=EDGE_CURVE('',#1558,#1559,#814,.T.);
#2901=EDGE_CURVE('',#1559,#1576,#827,.T.);
#2905=ADVANCED_FACE('',(#2904),#2887,.T.);
#2912=EDGE_CURVE('',#1576,#1577,#837,.T.);
#2914=EDGE_CURVE('',#1575,#1577,#1420,.T.);
#2916=EDGE_CURVE('',#1575,#1613,#844,.T.);
#2918=EDGE_CURVE('',#1597,#1613,#931,.T.);
#2922=ADVANCED_FACE('',(#2921),#2910,.T.);
#2992=EDGE_CURVE('',#1563,#1559,#863,.T.);
#2994=EDGE_CURVE('',#1577,#1563,#868,.T.);
#3000=ADVANCED_FACE('',(#2999),#2991,.T.);
#3007=EDGE_CURVE('',#1558,#1562,#896,.T.);
#3009=EDGE_CURVE('',#1562,#1563,#1429,.T.);
#3014=ADVANCED_FACE('',(#3013),#3005,.F.);
#3108=EDGE_CURVE('',#1612,#1616,#913,.T.);
#3110=EDGE_CURVE('',#1613,#1612,#937,.T.);
#3113=EDGE_CURVE('',#1562,#1575,#891,.T.);
#3119=ADVANCED_FACE('',(#3118),#3107,.F.);
#3125=EDGE_CURVE('',#1611,#1612,#901,.T.);
#3132=EDGE_CURVE('',#1470,#1606,#917,.T.);
#3134=EDGE_CURVE('',#1593,#1606,#957,.T.);
#3136=EDGE_CURVE('',#1611,#1593,#921,.T.);
#3140=ADVANCED_FACE('',(#3139),#3124,.T.);
#3147=EDGE_CURVE('',#1615,#1611,#942,.T.);
#3154=ADVANCED_FACE('',(#3153),#3145,.T.);
#3162=EDGE_CURVE('',#1606,#1593,#947,.T.);
#3168=ADVANCED_FACE('',(#3167),#3159,.T.);
#3174=EDGE_CURVE('',#1589,#1593,#962,.T.);
#3176=EDGE_CURVE('',#1587,#1589,#1032,.T.);
#3178=EDGE_CURVE('',#1587,#1606,#952,.T.);
#3183=ADVANCED_FACE('',(#3182),#3173,.F.);
#3191=EDGE_CURVE('',#1586,#1587,#967,.T.);
#3193=EDGE_CURVE('',#1589,#1586,#999,.T.);
#3198=ADVANCED_FACE('',(#3197),#3188,.F.);
#3205=EDGE_CURVE('',#1587,#1520,#971,.T.);
#3207=EDGE_CURVE('',#1535,#1520,#989,.T.);
#3209=EDGE_CURVE('',#1535,#1530,#994,.T.);
#3211=EDGE_CURVE('',#1586,#1530,#1003,.T.);
#3215=ADVANCED_FACE('',(#3214),#3203,.T.);
#3223=EDGE_CURVE('',#1530,#1531,#1008,.T.);
#3225=EDGE_CURVE('',#1520,#1531,#1027,.T.);
#3231=ADVANCED_FACE('',(#3230),#3220,.T.);
#3237=EDGE_CURVE('',#1535,#1533,#1037,.T.);
#3239=EDGE_CURVE('',#1533,#1531,#1093,.T.);
#3245=ADVANCED_FACE('',(#3244),#3236,.T.);
#3252=EDGE_CURVE('',#1535,#1519,#1055,.T.);
#3254=EDGE_CURVE('',#1519,#1538,#1059,.T.);
#3256=EDGE_CURVE('',#1538,#1539,#1064,.T.);
#3258=EDGE_CURVE('',#1527,#1539,#1083,.T.);
#3260=EDGE_CURVE('',#1533,#1527,#1097,.T.);
#3264=ADVANCED_FACE('',(#3263),#3250,.T.);
#3339=EDGE_CURVE('',#1519,#1520,#1088,.T.);
#3344=ADVANCED_FACE('',(#3343),#3337,.F.);
#3422=EDGE_CURVE('',#1519,#1531,#1139,.T.);
#3428=ADVANCED_FACE('',(#3427),#3421,.F.);
#3436=EDGE_CURVE('',#1541,#1527,#1115,.T.);
#3438=EDGE_CURVE('',#1541,#1538,#1120,.T.);
#3444=ADVANCED_FACE('',(#3443),#3433,.T.);
#3518=EDGE_CURVE('',#1541,#1523,#1156,.T.);
#3521=EDGE_CURVE('',#1521,#1527,#1415,.T.);
#3523=EDGE_CURVE('',#1523,#1521,#1221,.T.);
#3527=ADVANCED_FACE('',(#3526),#3517,.F.);
#3533=EDGE_CURVE('',#1541,#1539,#1214,.T.);
#3536=EDGE_CURVE('',#1547,#1523,#1173,.T.);
#3538=EDGE_CURVE('',#1545,#1547,#1277,.T.);
#3540=EDGE_CURVE('',#1522,#1545,#1191,.T.);
#3542=EDGE_CURVE('',#1522,#1539,#1209,.T.);
#3546=ADVANCED_FACE('',(#3545),#3532,.T.);
#3557=ADVANCED_FACE('',(#3556),#3551,.T.);
#3631=EDGE_CURVE('',#1547,#1525,#1244,.T.);
#3635=EDGE_CURVE('',#1525,#1521,#1403,.T.);
#3639=ADVANCED_FACE('',(#3638),#3630,.F.);
#3645=EDGE_CURVE('',#1547,#1544,#1226,.T.);
#3648=EDGE_CURVE('',#1525,#1550,#1248,.T.);
#3650=EDGE_CURVE('',#1550,#1551,#1253,.T.);
#3652=EDGE_CURVE('',#1516,#1551,#1272,.T.);
#3654=EDGE_CURVE('',#1544,#1516,#1286,.T.);
#3658=ADVANCED_FACE('',(#3657),#3644,.T.);
#3665=EDGE_CURVE('',#1544,#1545,#1282,.T.);
#3670=ADVANCED_FACE('',(#3669),#3663,.T.);
#3678=EDGE_CURVE('',#1555,#1516,#1304,.T.);
#3680=EDGE_CURVE('',#1555,#1550,#1309,.T.);
#3683=EDGE_CURVE('',#1525,#1545,#1328,.T.);
#3687=ADVANCED_FACE('',(#3686),#3675,.T.);
#3762=EDGE_CURVE('',#1506,#1516,#1333,.T.);
#3764=EDGE_CURVE('',#1555,#1506,#1384,.T.);
#3768=ADVANCED_FACE('',(#3767),#3760,.F.);
#3846=EDGE_CURVE('',#1506,#1551,#1361,.T.);
#3852=ADVANCED_FACE('',(#3851),#3845,.F.);
#3858=EDGE_CURVE('',#1553,#1551,#1338,.T.);
#3860=EDGE_CURVE('',#1553,#1446,#1342,.T.);
#3862=EDGE_CURVE('',#1446,#1447,#1393,.T.);
#3864=EDGE_CURVE('',#1506,#1447,#1388,.T.);
#3869=ADVANCED_FACE('',(#3868),#3857,.T.);
#3875=EDGE_CURVE('',#1555,#1553,#1366,.T.);
#3882=ADVANCED_FACE('',(#3881),#3874,.T.);
#3891=EDGE_CURVE('',#1447,#1446,#1398,.T.);
#3896=ADVANCED_FACE('',(#3895),#3887,.T.);
#3906=ADVANCED_FACE('',(#3905),#3901,.T.);
#3987=EDGE_CURVE('',#1521,#1522,#1410,.T.);
#3991=ADVANCED_FACE('',(#3990),#3983,.F.);
#4075=ADVANCED_FACE('',(#4074),#4068,.F.);
#4083=EDGE_CURVE('',#1563,#1562,#1425,.T.);
#4088=ADVANCED_FACE('',(#4087),#4080,.T.);
#4098=ADVANCED_FACE('',(#4097),#4093,.T.);
#4104=EDGE_CURVE('',#1571,#1570,#1443,.T.);
#4109=ADVANCED_FACE('',(#4108),#4103,.T.);
#4121=ADVANCED_FACE('',(#4120),#4114,.T.);
#4124=(LENGTH_UNIT()NAMED_UNIT(*)SI_UNIT(.MILLI.,.METRE.));
#4126=(NAMED_UNIT(*)PLANE_ANGLE_UNIT()SI_UNIT($,.RADIAN.));
#4129=(NAMED_UNIT(*)SI_UNIT($,.STERADIAN.)SOLID_ANGLE_UNIT());
#4131=(GEOMETRIC_REPRESENTATION_CONTEXT(3)GLOBAL_UNCERTAINTY_ASSIGNED_CONTEXT((
#4130))GLOBAL_UNIT_ASSIGNED_CONTEXT((#4124,#4128,#4129))REPRESENTATION_CONTEXT(
'ID1','3'));
#4132=ADVANCED_BREP_SHAPE_REPRESENTATION('',(#4123),#4131);
#4139=PRODUCT_DEFINITION('design','',#4138,#4135);
#4140=PRODUCT_DEFINITION_SHAPE('','SHAPE FOR MF-RHT200.',#4139);
#4141=SHAPE_DEFINITION_REPRESENTATION(#4140,#4132);
ENDSEC;
END-ISO-10303-21;
