ISO-10303-21;
HEADER;
FILE_DESCRIPTION (( 'STEP AP214' ),
    '1' );
FILE_NAME ('3517_rev.E.STEP',
    '2012-09-17T14:06:46',
    ( 'Richard Maletta' ),
    ( '' ),
    'SwSTEP 2.0',
    'SolidWorks 2009',
    '' );
FILE_SCHEMA (( 'AUTOMOTIVE_DESIGN' ));
ENDSEC;

DATA;
#1 = ORIENTED_EDGE ( 'NONE', *, *, #2, .T. ) ;
#2 = EDGE_CURVE ( 'NONE', #3295, #3306, #63, .T. ) ;
#3 = ORIENTED_EDGE ( 'NONE', *, *, #374, .T. ) ;
#4 = EDGE_CURVE ( 'NONE', #97, #3129, #128, .T. ) ;
#5 = ORIENTED_EDGE ( 'NONE', *, *, #6, .F. ) ;
#6 = EDGE_CURVE ( 'NONE', #12, #70, #129, .T. ) ;
#7 = ORIENTED_EDGE ( 'NONE', *, *, #8, .T. ) ;
#8 = EDGE_CURVE ( 'NONE', #22, #9, #137, .T. ) ;
#9 = VERTEX_POINT ( 'NONE', #149 ) ;
#10 = EDGE_LOOP ( 'NONE', ( #11, #27, #41, #106, #5, #13, #44, #124, #76, #58, #71, #84 ) ) ;
#11 = ORIENTED_EDGE ( 'NONE', *, *, #26, .F. ) ;
#12 = VERTEX_POINT ( 'NONE', #132 ) ;
#13 = ORIENTED_EDGE ( 'NONE', *, *, #38, .F. ) ;
#14 = ORIENTED_EDGE ( 'NONE', *, *, #3105, .F. ) ;
#15 = ORIENTED_EDGE ( 'NONE', *, *, #50, .F. ) ;
#16 = ORIENTED_EDGE ( 'NONE', *, *, #2988, .F. ) ;
#17 = EDGE_CURVE ( 'NONE', #18, #57, #153, .T. ) ;
#18 = VERTEX_POINT ( 'NONE', #130 ) ;
#19 = EDGE_CURVE ( 'NONE', #3088, #111, #146, .T. ) ;
#20 = ORIENTED_EDGE ( 'NONE', *, *, #21, .F. ) ;
#21 = EDGE_CURVE ( 'NONE', #22, #3071, #140, .T. ) ;
#22 = VERTEX_POINT ( 'NONE', #165 ) ;
#23 = VERTEX_POINT ( 'NONE', #164 ) ;
#24 = ORIENTED_EDGE ( 'NONE', *, *, #25, .F. ) ;
#25 = EDGE_CURVE ( 'NONE', #3107, #23, #162, .T. ) ;
#26 = EDGE_CURVE ( 'NONE', #363, #3222, #163, .T. ) ;
#27 = ORIENTED_EDGE ( 'NONE', *, *, #362, .F. ) ;
#28 = EDGE_CURVE ( 'NONE', #3130, #120, #206, .T. ) ;
#29 = ORIENTED_EDGE ( 'NONE', *, *, #19, .F. ) ;
#30 = ORIENTED_EDGE ( 'NONE', *, *, #75, .F. ) ;
#31 = VERTEX_POINT ( 'NONE', #207 ) ;
#32 = EDGE_LOOP ( 'NONE', ( #33, #98, #52, #53, #121, #83 ) ) ;
#33 = ORIENTED_EDGE ( 'NONE', *, *, #4, .F. ) ;
#34 = ORIENTED_EDGE ( 'NONE', *, *, #35, .F. ) ;
#35 = EDGE_CURVE ( 'NONE', #36, #81, #168, .T. ) ;
#36 = VERTEX_POINT ( 'NONE', #204 ) ;
#37 = ORIENTED_EDGE ( 'NONE', *, *, #3336, .T. ) ;
#38 = EDGE_CURVE ( 'NONE', #39, #12, #211, .T. ) ;
#39 = VERTEX_POINT ( 'NONE', #167 ) ;
#40 = EDGE_LOOP ( 'NONE', ( #93, #113, #108, #101 ) ) ;
#41 = ORIENTED_EDGE ( 'NONE', *, *, #42, .F. ) ;
#42 = EDGE_CURVE ( 'NONE', #105, #3340, #189, .T. ) ;
#43 = EDGE_CURVE ( 'NONE', #2990, #115, #208, .T. ) ;
#44 = ORIENTED_EDGE ( 'NONE', *, *, #45, .T. ) ;
#45 = EDGE_CURVE ( 'NONE', #39, #123, #205, .T. ) ;
#46 = ORIENTED_EDGE ( 'NONE', *, *, #43, .F. ) ;
#47 = ORIENTED_EDGE ( 'NONE', *, *, #3313, .F. ) ;
#48 = ADVANCED_FACE ( 'NONE', ( #180 ), #218, .T. ) ;
#49 = EDGE_CURVE ( 'NONE', #115, #3087, #177, .T. ) ;
#50 = EDGE_CURVE ( 'NONE', #3156, #3106, #215, .T. ) ;
#51 = ORIENTED_EDGE ( 'NONE', *, *, #3168, .F. ) ;
#52 = ORIENTED_EDGE ( 'NONE', *, *, #3184, .T. ) ;
#53 = ORIENTED_EDGE ( 'NONE', *, *, #118, .T. ) ;
#54 = ORIENTED_EDGE ( 'NONE', *, *, #55, .T. ) ;
#55 = EDGE_CURVE ( 'NONE', #3141, #31, #175, .T. ) ;
#56 = ORIENTED_EDGE ( 'NONE', *, *, #125, .T. ) ;
#57 = VERTEX_POINT ( 'NONE', #176 ) ;
#58 = ORIENTED_EDGE ( 'NONE', *, *, #17, .F. ) ;
#59 = DIRECTION ( 'NONE',  ( 0.4592214546552652000, -0.8883218198289976100, 0.0000000000000000000 ) ) ;
#60 = DIRECTION ( 'NONE',  ( 0.0000000000000000000, -1.000000000000000000, 0.0000000000000000000 ) ) ;
#61 = VECTOR ( 'NONE', #60, 39.37007874015748100 ) ;
#62 = CARTESIAN_POINT ( 'NONE',  ( -0.08000000000000000200, 0.01999999999999996600, 0.2140000000000000000 ) ) ;
#63 = LINE ( 'NONE', #62, #61 ) ;
#64 = VECTOR ( 'NONE', #59, 39.37007874015748900 ) ;
#65 = ORIENTED_EDGE ( 'NONE', *, *, #66, .F. ) ;
#66 = EDGE_CURVE ( 'NONE', #3094, #36, #170, .T. ) ;
#67 = ORIENTED_EDGE ( 'NONE', *, *, #2984, .F. ) ;
#68 = ADVANCED_FACE ( 'NONE', ( #188 ), #202, .F. ) ;
#69 = EDGE_CURVE ( 'NONE', #70, #105, #198, .T. ) ;
#70 = VERTEX_POINT ( 'NONE', #199 ) ;
#71 = ORIENTED_EDGE ( 'NONE', *, *, #72, .F. ) ;
#72 = EDGE_CURVE ( 'NONE', #365, #18, #141, .T. ) ;
#73 = ORIENTED_EDGE ( 'NONE', *, *, #74, .F. ) ;
#74 = EDGE_CURVE ( 'NONE', #23, #9, #254, .T. ) ;
#75 = EDGE_CURVE ( 'NONE', #31, #3310, #252, .T. ) ;
#76 = ORIENTED_EDGE ( 'NONE', *, *, #77, .F. ) ;
#77 = EDGE_CURVE ( 'NONE', #57, #100, #246, .T. ) ;
#78 = EDGE_CURVE ( 'NONE', #97, #3185, #267, .T. ) ;
#79 = ORIENTED_EDGE ( 'NONE', *, *, #80, .F. ) ;
#80 = EDGE_CURVE ( 'NONE', #81, #3248, #243, .T. ) ;
#81 = VERTEX_POINT ( 'NONE', #256 ) ;
#82 = ADVANCED_FACE ( 'NONE', ( #255 ), #259, .T. ) ;
#83 = ORIENTED_EDGE ( 'NONE', *, *, #3128, .F. ) ;
#84 = ORIENTED_EDGE ( 'NONE', *, *, #364, .F. ) ;
#85 = ORIENTED_EDGE ( 'NONE', *, *, #86, .F. ) ;
#86 = EDGE_CURVE ( 'NONE', #3292, #3210, #294, .T. ) ;
#87 = ORIENTED_EDGE ( 'NONE', *, *, #3291, .F. ) ;
#88 = ADVANCED_FACE ( 'NONE', ( #295 ), #268, .F. ) ;
#89 = EDGE_LOOP ( 'NONE', ( #90, #95, #96, #79, #34, #65, #67, #20, #7, #73, #24, #14, #15, #51, #85, #87 ) ) ;
#90 = ORIENTED_EDGE ( 'NONE', *, *, #94, .T. ) ;
#91 = EDGE_LOOP ( 'NONE', ( #37, #3, #375, #376 ) ) ;
#92 = ADVANCED_FACE ( 'NONE', ( #293 ), #292, .T. ) ;
#93 = ORIENTED_EDGE ( 'NONE', *, *, #118, .F. ) ;
#94 = EDGE_CURVE ( 'NONE', #3345, #3262, #276, .T. ) ;
#95 = ORIENTED_EDGE ( 'NONE', *, *, #3261, .F. ) ;
#96 = ORIENTED_EDGE ( 'NONE', *, *, #3250, .F. ) ;
#97 = VERTEX_POINT ( 'NONE', #277 ) ;
#98 = ORIENTED_EDGE ( 'NONE', *, *, #78, .T. ) ;
#99 = EDGE_CURVE ( 'NONE', #100, #123, #280, .T. ) ;
#100 = VERTEX_POINT ( 'NONE', #281 ) ;
#101 = ORIENTED_EDGE ( 'NONE', *, *, #117, .F. ) ;
#102 = ADVANCED_FACE ( 'NONE', ( #273 ), #230, .T. ) ;
#103 = EDGE_LOOP ( 'NONE', ( #30, #3277, #2861, #2820 ) ) ;
#104 = EDGE_LOOP ( 'NONE', ( #56, #107, #54, #122, #47 ) ) ;
#105 = VERTEX_POINT ( 'NONE', #311 ) ;
#106 = ORIENTED_EDGE ( 'NONE', *, *, #69, .F. ) ;
#107 = ORIENTED_EDGE ( 'NONE', *, *, #3143, .T. ) ;
#108 = ORIENTED_EDGE ( 'NONE', *, *, #116, .T. ) ;
#109 = VERTEX_POINT ( 'NONE', #341 ) ;
#110 = EDGE_CURVE ( 'NONE', #3186, #109, #320, .T. ) ;
#111 = VERTEX_POINT ( 'NONE', #309 ) ;
#112 = ADVANCED_FACE ( 'NONE', ( #299 ), #326, .T. ) ;
#113 = ORIENTED_EDGE ( 'NONE', *, *, #110, .T. ) ;
#114 = ORIENTED_EDGE ( 'NONE', *, *, #3086, .F. ) ;
#115 = VERTEX_POINT ( 'NONE', #335 ) ;
#116 = EDGE_CURVE ( 'NONE', #109, #3116, #314, .T. ) ;
#117 = EDGE_CURVE ( 'NONE', #120, #3116, #330, .T. ) ;
#118 = EDGE_CURVE ( 'NONE', #3186, #120, #342, .T. ) ;
#119 = ORIENTED_EDGE ( 'NONE', *, *, #49, .F. ) ;
#120 = VERTEX_POINT ( 'NONE', #308 ) ;
#121 = ORIENTED_EDGE ( 'NONE', *, *, #28, .F. ) ;
#122 = ORIENTED_EDGE ( 'NONE', *, *, #75, .T. ) ;
#123 = VERTEX_POINT ( 'NONE', #322 ) ;
#124 = ORIENTED_EDGE ( 'NONE', *, *, #99, .F. ) ;
#125 = EDGE_CURVE ( 'NONE', #3178, #3144, #321, .T. ) ;
#126 = VECTOR ( 'NONE', #138, 39.37007874015748900 ) ;
#127 = DIRECTION ( 'NONE',  ( 1.000000000000000000, 0.0000000000000000000, 0.0000000000000000000 ) ) ;
#128 = LINE ( 'NONE', #131, #126 ) ;
#129 = CIRCLE ( 'NONE', #136, 0.1499999999999999900 ) ;
#130 = CARTESIAN_POINT ( 'NONE',  ( 0.1214227184053597600, 0.06258290078201750300, -0.03200000000000000100 ) ) ;
#131 = CARTESIAN_POINT ( 'NONE',  ( 0.07574377084649808200, 0.3054504152768999800, 0.2140000000000000000 ) ) ;
#132 = CARTESIAN_POINT ( 'NONE',  ( 0.07666584563089051700, 0.3072340844460699200, -0.03200000000000000100 ) ) ;
#133 = DIRECTION ( 'NONE',  ( 0.8883218198289974900, 0.4592214546552653200, 0.0000000000000000000 ) ) ;
#134 = VECTOR ( 'NONE', #133, 39.37007874015748900 ) ;
#135 = CARTESIAN_POINT ( 'NONE',  ( 0.1942105432058992800, 0.2140501584072958000, -0.03200000000000000100 ) ) ;
#136 = AXIS2_PLACEMENT_3D ( 'NONE', #135, #147, #127 ) ;
#137 = LINE ( 'NONE', #148, #134 ) ;
#138 = DIRECTION ( 'NONE',  ( 0.8883218198289983800, -0.4592214546552638700, 0.0000000000000000000 ) ) ;
#139 = CARTESIAN_POINT ( 'NONE',  ( -0.1124999999999999900, 0.3330000000000000200, -0.03200000000000000100 ) ) ;
#140 = LINE ( 'NONE', #139, #64 ) ;
#141 = CIRCLE ( 'NONE', #157, 0.04500000000000001200 ) ;
#142 = DIRECTION ( 'NONE',  ( 0.0000000000000000000, 0.0000000000000000000, -1.000000000000000000 ) ) ;
#143 = DIRECTION ( 'NONE',  ( -0.0000000000000000000, 1.000000000000000000, 0.0000000000000000000 ) ) ;
#144 = CARTESIAN_POINT ( 'NONE',  ( -0.04999999999999998900, 0.02000000000000000000, 0.1940000000000000100 ) ) ;
#145 = AXIS2_PLACEMENT_3D ( 'NONE', #144, #143, #142 ) ;
#146 = CIRCLE ( 'NONE', #145, 0.01999999999999999000 ) ;
#147 = DIRECTION ( 'NONE',  ( 0.0000000000000000000, 0.0000000000000000000, 1.000000000000000000 ) ) ;
#148 = CARTESIAN_POINT ( 'NONE',  ( -0.08003847705445155100, 0.3137581308585774600, -0.03200000000000000100 ) ) ;
#149 = CARTESIAN_POINT ( 'NONE',  ( -0.08003847705445153700, 0.3137581308585774600, -0.03200000000000000100 ) ) ;
#150 = DIRECTION ( 'NONE',  ( -0.3907311284892789300, 0.9205048534524380400, 0.0000000000000000000 ) ) ;
#151 = VECTOR ( 'NONE', #150, 39.37007874015748100 ) ;
#152 = CARTESIAN_POINT ( 'NONE',  ( 0.1214227184053597600, 0.06258290078201750300, -0.03200000000000000100 ) ) ;
#153 = LINE ( 'NONE', #152, #151 ) ;
#154 = DIRECTION ( 'NONE',  ( 0.0000000000000000000, -1.000000000000000000, -0.0000000000000000000 ) ) ;
#155 = VECTOR ( 'NONE', #154, 39.37007874015748100 ) ;
#156 = CARTESIAN_POINT ( 'NONE',  ( 0.06999999999999993700, 0.01999999999999998700, -0.03200000000000000100 ) ) ;
#157 = AXIS2_PLACEMENT_3D ( 'NONE', #249, #250, #253 ) ;
#158 = DIRECTION ( 'NONE',  ( -1.000000000000000000, 0.0000000000000000000, 0.0000000000000000000 ) ) ;
#159 = DIRECTION ( 'NONE',  ( 0.0000000000000000000, 0.0000000000000000000, 1.000000000000000000 ) ) ;
#160 = CARTESIAN_POINT ( 'NONE',  ( -0.1942105432058992800, 0.2140501584072958000, -0.03200000000000000100 ) ) ;
#161 = AXIS2_PLACEMENT_3D ( 'NONE', #160, #159, #158 ) ;
#162 = CIRCLE ( 'NONE', #161, 0.1499999999999999900 ) ;
#163 = LINE ( 'NONE', #156, #155 ) ;
#164 = CARTESIAN_POINT ( 'NONE',  ( -0.07666584563089053100, 0.3072340844460699200, -0.03200000000000000100 ) ) ;
#165 = CARTESIAN_POINT ( 'NONE',  ( -0.09780491345103151100, 0.3045737017654721000, -0.03200000000000000100 ) ) ;
#166 = DIRECTION ( 'NONE',  ( -1.000000000000000000, 0.0000000000000000000, 0.0000000000000000000 ) ) ;
#167 = CARTESIAN_POINT ( 'NONE',  ( 0.08003847705445153700, 0.3137581308585774600, -0.03200000000000000100 ) ) ;
#168 = LINE ( 'NONE', #224, #178 ) ;
#169 = DIRECTION ( 'NONE',  ( -0.4592214546552657600, -0.8883218198289974900, -0.0000000000000000000 ) ) ;
#170 = CIRCLE ( 'NONE', #187, 0.1300000000000000000 ) ;
#171 = DIRECTION ( 'NONE',  ( -1.000000000000000000, 0.0000000000000000000, 0.0000000000000000000 ) ) ;
#172 = DIRECTION ( 'NONE',  ( 0.0000000000000000000, 0.0000000000000000000, 1.000000000000000000 ) ) ;
#173 = CARTESIAN_POINT ( 'NONE',  ( 0.1095000000000000000, 0.2879999999999999800, 0.0000000000000000000 ) ) ;
#174 = AXIS2_PLACEMENT_3D ( 'NONE', #173, #172, #171 ) ;
#175 = CIRCLE ( 'NONE', #174, 0.01799999999999998500 ) ;
#176 = CARTESIAN_POINT ( 'NONE',  ( 0.09027308442584804100, 0.1359668396871930000, -0.03200000000000000100 ) ) ;
#177 = LINE ( 'NONE', #196, #195 ) ;
#178 = VECTOR ( 'NONE', #201, 39.37007874015748100 ) ;
#179 = DIRECTION ( 'NONE',  ( 0.3907311284892789300, 0.9205048534524380400, 0.0000000000000000000 ) ) ;
#180 = FACE_OUTER_BOUND ( 'NONE', #104, .T. ) ;
#181 = DIRECTION ( 'NONE',  ( 0.8883218198289974900, -0.4592214546552653200, 0.0000000000000000000 ) ) ;
#182 = DIRECTION ( 'NONE',  ( 1.000000000000000000, 0.0000000000000000000, 0.0000000000000000000 ) ) ;
#183 = AXIS2_PLACEMENT_3D ( 'NONE', #203, #184, #182 ) ;
#184 = DIRECTION ( 'NONE',  ( -0.0000000000000000000, -0.0000000000000000000, -1.000000000000000000 ) ) ;
#185 = CARTESIAN_POINT ( 'NONE',  ( 0.1095000000000000000, 0.2879999999999999800, 0.2140000000000000000 ) ) ;
#186 = DIRECTION ( 'NONE',  ( 0.0000000000000000000, 0.0000000000000000000, 1.000000000000000000 ) ) ;
#187 = AXIS2_PLACEMENT_3D ( 'NONE', #222, #221, #220 ) ;
#188 = FACE_OUTER_BOUND ( 'NONE', #10, .T. ) ;
#189 = CIRCLE ( 'NONE', #183, 0.02500000000000000500 ) ;
#190 = VECTOR ( 'NONE', #181, 39.37007874015748900 ) ;
#191 = CARTESIAN_POINT ( 'NONE',  ( 0.09780491345103151100, 0.3045737017654721000, -0.03200000000000000100 ) ) ;
#192 = DIRECTION ( 'NONE',  ( 0.3907311284892789300, -0.9205048534524380400, -0.0000000000000000000 ) ) ;
#193 = VECTOR ( 'NONE', #192, 39.37007874015748900 ) ;
#194 = DIRECTION ( 'NONE',  ( -1.000000000000000000, 0.0000000000000000000, 0.0000000000000000000 ) ) ;
#195 = VECTOR ( 'NONE', #194, 39.37007874015748100 ) ;
#196 = CARTESIAN_POINT ( 'NONE',  ( -0.08000000000000000200, 0.02000000000000000000, 0.1940000000000000100 ) ) ;
#197 = CARTESIAN_POINT ( 'NONE',  ( 0.1030126213363109900, 0.05476827821223193700, -0.03200000000000000100 ) ) ;
#198 = LINE ( 'NONE', #197, #193 ) ;
#199 = CARTESIAN_POINT ( 'NONE',  ( 0.07278209898064258400, 0.1259869258239201000, -0.03200000000000000100 ) ) ;
#200 = VECTOR ( 'NONE', #169, 39.37007874015748900 ) ;
#201 = DIRECTION ( 'NONE',  ( -0.3907311284892789300, -0.9205048534524380400, -0.0000000000000000000 ) ) ;
#202 = PLANE ( 'NONE',  #219 ) ;
#203 = CARTESIAN_POINT ( 'NONE',  ( 0.08000000000000001600, 0.04499999999999999800, -0.03200000000000000100 ) ) ;
#204 = CARTESIAN_POINT ( 'NONE',  ( -0.09027308442584805500, 0.1359668396871929800, -0.03200000000000000100 ) ) ;
#205 = LINE ( 'NONE', #191, #190 ) ;
#206 = CIRCLE ( 'NONE', #212, 0.01799999999999998500 ) ;
#207 = CARTESIAN_POINT ( 'NONE',  ( 0.09409861384605758300, 0.2786834929003864100, 0.0000000000000000000 ) ) ;
#208 = CIRCLE ( 'NONE', #233, 0.01999999999999999000 ) ;
#209 = DIRECTION ( 'NONE',  ( 0.0000000000000000000, 0.0000000000000000000, -1.000000000000000000 ) ) ;
#210 = DIRECTION ( 'NONE',  ( -0.0000000000000000000, 1.000000000000000000, 0.0000000000000000000 ) ) ;
#211 = LINE ( 'NONE', #223, #200 ) ;
#212 = AXIS2_PLACEMENT_3D ( 'NONE', #185, #186, #166 ) ;
#213 = VECTOR ( 'NONE', #179, 39.37007874015748900 ) ;
#214 = CARTESIAN_POINT ( 'NONE',  ( -0.1030126213363109900, 0.05476827821223193700, -0.03200000000000000100 ) ) ;
#215 = LINE ( 'NONE', #214, #213 ) ;
#216 = CARTESIAN_POINT ( 'NONE',  ( 0.09351020724307804200, 0.2962659861837947400, 0.0000000000000000000 ) ) ;
#217 = AXIS2_PLACEMENT_3D ( 'NONE', #216, #229, #228 ) ;
#218 = PLANE ( 'NONE',  #217 ) ;
#219 = AXIS2_PLACEMENT_3D ( 'NONE', #227, #226, #225 ) ;
#220 = DIRECTION ( 'NONE',  ( -1.000000000000000000, 0.0000000000000000000, 0.0000000000000000000 ) ) ;
#221 = DIRECTION ( 'NONE',  ( -0.0000000000000000000, -0.0000000000000000000, -1.000000000000000000 ) ) ;
#222 = CARTESIAN_POINT ( 'NONE',  ( -0.1942105432058992800, 0.2140501584072958000, -0.03200000000000000100 ) ) ;
#223 = CARTESIAN_POINT ( 'NONE',  ( 0.07666584563089053100, 0.3072340844460699200, -0.03200000000000000100 ) ) ;
#224 = CARTESIAN_POINT ( 'NONE',  ( -0.1214227184053597600, 0.06258290078201750300, -0.03200000000000000100 ) ) ;
#225 = DIRECTION ( 'NONE',  ( 1.000000000000000000, 0.0000000000000000000, -0.0000000000000000000 ) ) ;
#226 = DIRECTION ( 'NONE',  ( 0.0000000000000000000, 0.0000000000000000000, 1.000000000000000000 ) ) ;
#227 = CARTESIAN_POINT ( 'NONE',  ( 0.08000000000000001600, 0.04499999999999999800, -0.03200000000000000100 ) ) ;
#228 = DIRECTION ( 'NONE',  ( -1.000000000000000000, 0.0000000000000000000, 0.0000000000000000000 ) ) ;
#229 = DIRECTION ( 'NONE',  ( -0.0000000000000000000, 0.0000000000000000000, -1.000000000000000000 ) ) ;
#230 = PLANE ( 'NONE',  #272 ) ;
#231 = DIRECTION ( 'NONE',  ( 1.000000000000000000, 0.0000000000000000000, -0.0000000000000000000 ) ) ;
#232 = CARTESIAN_POINT ( 'NONE',  ( 0.05000000000000003700, 0.02000000000000000000, 0.1940000000000000100 ) ) ;
#233 = AXIS2_PLACEMENT_3D ( 'NONE', #232, #210, #209 ) ;
#234 = DIRECTION ( 'NONE',  ( 1.000000000000000000, 0.0000000000000000000, 0.0000000000000000000 ) ) ;
#235 = DIRECTION ( 'NONE',  ( -0.0000000000000000000, -0.0000000000000000000, -1.000000000000000000 ) ) ;
#236 = AXIS2_PLACEMENT_3D ( 'NONE', #244, #235, #234 ) ;
#237 = AXIS2_PLACEMENT_3D ( 'NONE', #239, #238, #231 ) ;
#238 = DIRECTION ( 'NONE',  ( 0.0000000000000000000, 0.0000000000000000000, 1.000000000000000000 ) ) ;
#239 = CARTESIAN_POINT ( 'NONE',  ( 0.1030126213363109800, 0.05476827821223195100, 0.2140000000000000000 ) ) ;
#240 = VECTOR ( 'NONE', #245, 39.37007874015748100 ) ;
#241 = CARTESIAN_POINT ( 'NONE',  ( -0.08000000000000001600, 0.04499999999999999800, -0.03200000000000000100 ) ) ;
#242 = AXIS2_PLACEMENT_3D ( 'NONE', #241, #258, #257 ) ;
#243 = CIRCLE ( 'NONE', #242, 0.04500000000000001200 ) ;
#244 = CARTESIAN_POINT ( 'NONE',  ( 0.1942105432058992800, 0.2140501584072958000, -0.03200000000000000100 ) ) ;
#245 = DIRECTION ( 'NONE',  ( -0.8556325641079133300, -0.5175837277563095600, 0.0000000000000000000 ) ) ;
#246 = CIRCLE ( 'NONE', #236, 0.1300000000000000000 ) ;
#247 = CARTESIAN_POINT ( 'NONE',  ( -0.07666584563089053100, 0.3072340844460699200, -0.03200000000000000100 ) ) ;
#248 = DIRECTION ( 'NONE',  ( -0.4592214546552657600, 0.8883218198289974900, 0.0000000000000000000 ) ) ;
#249 = CARTESIAN_POINT ( 'NONE',  ( 0.08000000000000001600, 0.04499999999999999800, -0.03200000000000000100 ) ) ;
#250 = DIRECTION ( 'NONE',  ( 0.0000000000000000000, 0.0000000000000000000, 1.000000000000000000 ) ) ;
#251 = VECTOR ( 'NONE', #248, 39.37007874015748900 ) ;
#252 = LINE ( 'NONE', #264, #240 ) ;
#253 = DIRECTION ( 'NONE',  ( 1.000000000000000000, 0.0000000000000000000, 0.0000000000000000000 ) ) ;
#254 = LINE ( 'NONE', #247, #251 ) ;
#255 = FACE_OUTER_BOUND ( 'NONE', #91, .T. ) ;
#256 = CARTESIAN_POINT ( 'NONE',  ( -0.1214227184053597600, 0.06258290078201750300, -0.03200000000000000100 ) ) ;
#257 = DIRECTION ( 'NONE',  ( -1.000000000000000000, 0.0000000000000000000, 0.0000000000000000000 ) ) ;
#258 = DIRECTION ( 'NONE',  ( 0.0000000000000000000, 0.0000000000000000000, 1.000000000000000000 ) ) ;
#259 = PLANE ( 'NONE',  #237 ) ;
#260 = DIRECTION ( 'NONE',  ( 0.0000000000000000000, 0.0000000000000000000, 1.000000000000000000 ) ) ;
#261 = DIRECTION ( 'NONE',  ( 1.000000000000000000, 0.0000000000000000000, 0.0000000000000000000 ) ) ;
#262 = DIRECTION ( 'NONE',  ( 1.000000000000000000, 0.0000000000000000000, 0.0000000000000000000 ) ) ;
#263 = DIRECTION ( 'NONE',  ( 0.0000000000000000000, 0.0000000000000000000, 1.000000000000000000 ) ) ;
#264 = CARTESIAN_POINT ( 'NONE',  ( 0.09409861384605758300, 0.2786834929003864100, 0.0000000000000000000 ) ) ;
#265 = CARTESIAN_POINT ( 'NONE',  ( 0.1095000000000000000, 0.2879999999999999800, 0.2140000000000000000 ) ) ;
#266 = AXIS2_PLACEMENT_3D ( 'NONE', #265, #263, #262 ) ;
#267 = CIRCLE ( 'NONE', #266, 0.03799999999999997800 ) ;
#268 = PLANE ( 'NONE',  #286 ) ;
#269 = DIRECTION ( 'NONE',  ( -1.000000000000000000, 0.0000000000000000000, 0.0000000000000000000 ) ) ;
#270 = DIRECTION ( 'NONE',  ( -0.0000000000000000000, -0.0000000000000000000, -1.000000000000000000 ) ) ;
#271 = CARTESIAN_POINT ( 'NONE',  ( -0.08000000000000001600, 0.04499999999999999800, -0.03200000000000000100 ) ) ;
#272 = AXIS2_PLACEMENT_3D ( 'NONE', #313, #301, #312 ) ;
#273 = FACE_OUTER_BOUND ( 'NONE', #40, .T. ) ;
#274 = DIRECTION ( 'NONE',  ( 0.4592214546552652000, 0.8883218198289976100, -0.0000000000000000000 ) ) ;
#275 = VECTOR ( 'NONE', #274, 39.37007874015748900 ) ;
#276 = LINE ( 'NONE', #284, #283 ) ;
#277 = CARTESIAN_POINT ( 'NONE',  ( 0.07574377084649808200, 0.3054504152768999800, 0.2140000000000000000 ) ) ;
#278 = DIRECTION ( 'NONE',  ( 1.000000000000000000, 0.0000000000000000000, -0.0000000000000000000 ) ) ;
#279 = CARTESIAN_POINT ( 'NONE',  ( 0.1124999999999999900, 0.3330000000000000200, -0.03200000000000000100 ) ) ;
#280 = LINE ( 'NONE', #279, #275 ) ;
#281 = CARTESIAN_POINT ( 'NONE',  ( 0.09351020724307804200, 0.2962659861837947400, -0.03200000000000000100 ) ) ;
#282 = DIRECTION ( 'NONE',  ( 0.0000000000000000000, -1.000000000000000000, -0.0000000000000000000 ) ) ;
#283 = VECTOR ( 'NONE', #282, 39.37007874015748100 ) ;
#284 = CARTESIAN_POINT ( 'NONE',  ( -0.06999999999999993700, 0.01999999999999998700, -0.03200000000000000100 ) ) ;
#285 = CARTESIAN_POINT ( 'NONE',  ( 0.08000000000000001600, 0.04499999999999999800, -0.03200000000000000100 ) ) ;
#286 = AXIS2_PLACEMENT_3D ( 'NONE', #285, #291, #290 ) ;
#287 = AXIS2_PLACEMENT_3D ( 'NONE', #289, #288, #278 ) ;
#288 = DIRECTION ( 'NONE',  ( 0.0000000000000000000, 0.0000000000000000000, 1.000000000000000000 ) ) ;
#289 = CARTESIAN_POINT ( 'NONE',  ( 0.07574377084649808200, 0.3054504152768999800, 0.2140000000000000000 ) ) ;
#290 = DIRECTION ( 'NONE',  ( 1.000000000000000000, 0.0000000000000000000, -0.0000000000000000000 ) ) ;
#291 = DIRECTION ( 'NONE',  ( 0.0000000000000000000, 0.0000000000000000000, 1.000000000000000000 ) ) ;
#292 = PLANE ( 'NONE',  #287 ) ;
#293 = FACE_OUTER_BOUND ( 'NONE', #32, .T. ) ;
#294 = CIRCLE ( 'NONE', #296, 0.02500000000000000500 ) ;
#295 = FACE_OUTER_BOUND ( 'NONE', #89, .T. ) ;
#296 = AXIS2_PLACEMENT_3D ( 'NONE', #271, #270, #269 ) ;
#297 = VECTOR ( 'NONE', #316, 39.37007874015748100 ) ;
#298 = CARTESIAN_POINT ( 'NONE',  ( 0.07507076282289353000, 0.1638465242276131700, 0.2140000000000000000 ) ) ;
#299 = FACE_OUTER_BOUND ( 'NONE', #103, .T. ) ;
#300 = DIRECTION ( 'NONE',  ( 1.000000000000000000, 0.0000000000000000000, 0.0000000000000000000 ) ) ;
#301 = DIRECTION ( 'NONE',  ( 0.0000000000000000000, 0.0000000000000000000, 1.000000000000000000 ) ) ;
#302 = CARTESIAN_POINT ( 'NONE',  ( 0.07000000000000003400, 0.01999999999999998700, -0.03200000000000000100 ) ) ;
#303 = DIRECTION ( 'NONE',  ( -1.000000000000000000, -0.0000000000000000000, -0.0000000000000000000 ) ) ;
#304 = VECTOR ( 'NONE', #303, 39.37007874015748100 ) ;
#305 = CARTESIAN_POINT ( 'NONE',  ( -0.08000000000000001600, 0.01999999999999998700, -0.03200000000000000100 ) ) ;
#306 = DIRECTION ( 'NONE',  ( 0.8556325641079133300, 0.5175837277563095600, 0.0000000000000000000 ) ) ;
#307 = VECTOR ( 'NONE', #306, 39.37007874015748100 ) ;
#308 = CARTESIAN_POINT ( 'NONE',  ( 0.09409861384605758300, 0.2786834929003864100, 0.2140000000000000000 ) ) ;
#309 = CARTESIAN_POINT ( 'NONE',  ( -0.06999999999999996500, 0.02000000000000000000, 0.1940000000000000300 ) ) ;
#310 = DIRECTION ( 'NONE',  ( 1.000000000000000000, 0.0000000000000000000, 0.0000000000000000000 ) ) ;
#311 = CARTESIAN_POINT ( 'NONE',  ( 0.1030126213363109900, 0.05476827821223192300, -0.03200000000000000100 ) ) ;
#312 = DIRECTION ( 'NONE',  ( 1.000000000000000000, 0.0000000000000000000, -0.0000000000000000000 ) ) ;
#313 = CARTESIAN_POINT ( 'NONE',  ( 0.07698596256389932100, 0.2683318183452602100, 0.2140000000000000000 ) ) ;
#314 = LINE ( 'NONE', #298, #297 ) ;
#315 = AXIS2_PLACEMENT_3D ( 'NONE', #328, #327, #343 ) ;
#316 = DIRECTION ( 'NONE',  ( 0.8360897096078528900, -0.5485927428319263800, 0.0000000000000000000 ) ) ;
#317 = DIRECTION ( 'NONE',  ( -0.0000000000000000000, 0.0000000000000000000, -1.000000000000000000 ) ) ;
#318 = CARTESIAN_POINT ( 'NONE',  ( 0.09409861384605758300, 0.2786834929003864100, 0.0000000000000000000 ) ) ;
#319 = DIRECTION ( 'NONE',  ( -0.0000000000000000000, -0.0000000000000000000, -1.000000000000000000 ) ) ;
#320 = CIRCLE ( 'NONE', #324, 0.09799999999999999000 ) ;
#321 = CIRCLE ( 'NONE', #339, 0.1300000000000000000 ) ;
#322 = CARTESIAN_POINT ( 'NONE',  ( 0.09780491345103149700, 0.3045737017654721000, -0.03200000000000002100 ) ) ;
#323 = CARTESIAN_POINT ( 'NONE',  ( -0.006866028718676143500, 0.2176086130251418400, 0.2140000000000000000 ) ) ;
#324 = AXIS2_PLACEMENT_3D ( 'NONE', #323, #319, #310 ) ;
#325 = AXIS2_PLACEMENT_3D ( 'NONE', #318, #317, #336 ) ;
#326 = PLANE ( 'NONE',  #325 ) ;
#327 = DIRECTION ( 'NONE',  ( -0.0000000000000000000, -0.0000000000000000000, -1.000000000000000000 ) ) ;
#328 = CARTESIAN_POINT ( 'NONE',  ( -0.006866028718676143500, 0.2176086130251418400, 0.2140000000000000000 ) ) ;
#329 = CARTESIAN_POINT ( 'NONE',  ( 0.07698596256389932100, 0.2683318183452602100, 0.2140000000000000000 ) ) ;
#330 = CIRCLE ( 'NONE', #315, 0.1179999999999999900 ) ;
#331 = VECTOR ( 'NONE', #261, 39.37007874015748100 ) ;
#332 = CARTESIAN_POINT ( 'NONE',  ( -0.08000000000000000200, -1.707404996040164500E-017, -0.03200000000000000100 ) ) ;
#333 = LINE ( 'NONE', #332, #331 ) ;
#334 = DIRECTION ( 'NONE',  ( 1.000000000000000000, 0.0000000000000000000, -0.0000000000000000000 ) ) ;
#335 = CARTESIAN_POINT ( 'NONE',  ( 0.03000000000000002700, 0.02000000000000000000, 0.1940000000000000100 ) ) ;
#336 = DIRECTION ( 'NONE',  ( -1.000000000000000000, 0.0000000000000000000, 0.0000000000000000000 ) ) ;
#337 = DIRECTION ( 'NONE',  ( -0.0000000000000000000, -0.0000000000000000000, -1.000000000000000000 ) ) ;
#338 = CARTESIAN_POINT ( 'NONE',  ( 0.1942105432058992800, 0.2140501584072958000, 0.0000000000000000000 ) ) ;
#339 = AXIS2_PLACEMENT_3D ( 'NONE', #338, #337, #300 ) ;
#340 = LINE ( 'NONE', #305, #304 ) ;
#341 = CARTESIAN_POINT ( 'NONE',  ( 0.07507076282289353000, 0.1638465242276131700, 0.2140000000000000000 ) ) ;
#342 = LINE ( 'NONE', #329, #307 ) ;
#343 = DIRECTION ( 'NONE',  ( -1.000000000000000000, 0.0000000000000000000, 0.0000000000000000000 ) ) ;
#344 = CARTESIAN_POINT ( 'NONE',  ( 0.05000000000000003700, 0.02000000000000000000, -0.01200000000000000200 ) ) ;
#345 = FACE_OUTER_BOUND ( 'NONE', #379, .T. ) ;
#346 = CARTESIAN_POINT ( 'NONE',  ( 0.08000000000000000200, -1.707404996040164500E-017, 0.2140000000000000000 ) ) ;
#347 = DIRECTION ( 'NONE',  ( 0.0000000000000000000, 0.0000000000000000000, -1.000000000000000000 ) ) ;
#348 = DIRECTION ( 'NONE',  ( -0.0000000000000000000, 1.000000000000000000, 0.0000000000000000000 ) ) ;
#349 = AXIS2_PLACEMENT_3D ( 'NONE', #344, #348, #347 ) ;
#350 = CIRCLE ( 'NONE', #349, 0.02000000000000000000 ) ;
#351 = LINE ( 'NONE', #346, #355 ) ;
#352 = DIRECTION ( 'NONE',  ( 0.3247186046530884900, -0.6281383826770579000, -0.7071067811865484600 ) ) ;
#353 = CARTESIAN_POINT ( 'NONE',  ( -0.1124999999999999900, 0.3330000000000000200, 0.1820000000000000200 ) ) ;
#354 = AXIS2_PLACEMENT_3D ( 'NONE', #353, #352, #438 ) ;
#355 = VECTOR ( 'NONE', #356, 39.37007874015748100 ) ;
#356 = DIRECTION ( 'NONE',  ( -0.0000000000000000000, -0.0000000000000000000, -1.000000000000000000 ) ) ;
#357 = CARTESIAN_POINT ( 'NONE',  ( -0.06999999999999992300, 0.02000000000000000000, 0.2140000000000000000 ) ) ;
#358 = LINE ( 'NONE', #357, #361 ) ;
#359 = CARTESIAN_POINT ( 'NONE',  ( 0.08000000000000000200, -1.707404996040164500E-017, -0.03200000000000000100 ) ) ;
#360 = DIRECTION ( 'NONE',  ( 0.0000000000000000000, -1.000000000000000000, -0.0000000000000000000 ) ) ;
#361 = VECTOR ( 'NONE', #360, 39.37007874015748100 ) ;
#362 = EDGE_CURVE ( 'NONE', #3340, #363, #340, .T. ) ;
#363 = VERTEX_POINT ( 'NONE', #302 ) ;
#364 = EDGE_CURVE ( 'NONE', #3222, #365, #333, .T. ) ;
#365 = VERTEX_POINT ( 'NONE', #359 ) ;
#366 = ORIENTED_EDGE ( 'NONE', *, *, #367, .F. ) ;
#367 = EDGE_CURVE ( 'NONE', #3226, #365, #351, .T. ) ;
#368 = EDGE_CURVE ( 'NONE', #3298, #3256, #358, .T. ) ;
#369 = ORIENTED_EDGE ( 'NONE', *, *, #3297, .T. ) ;
#370 = ORIENTED_EDGE ( 'NONE', *, *, #362, .T. ) ;
#371 = ORIENTED_EDGE ( 'NONE', *, *, #372, .F. ) ;
#372 = EDGE_CURVE ( 'NONE', #387, #384, #350, .T. ) ;
#373 = ADVANCED_FACE ( 'NONE', ( #345 ), #393, .T. ) ;
#374 = EDGE_CURVE ( 'NONE', #3334, #3227, #421, .T. ) ;
#375 = ORIENTED_EDGE ( 'NONE', *, *, #3225, .F. ) ;
#376 = ORIENTED_EDGE ( 'NONE', *, *, #377, .T. ) ;
#377 = EDGE_CURVE ( 'NONE', #3226, #3337, #431, .T. ) ;
#378 = ADVANCED_FACE ( 'NONE', ( #442 ), #427, .F. ) ;
#379 = EDGE_LOOP ( 'NONE', ( #380, #381, #369, #1 ) ) ;
#380 = ORIENTED_EDGE ( 'NONE', *, *, #3258, .F. ) ;
#381 = ORIENTED_EDGE ( 'NONE', *, *, #368, .F. ) ;
#382 = ORIENTED_EDGE ( 'NONE', *, *, #383, .F. ) ;
#383 = EDGE_CURVE ( 'NONE', #384, #363, #433, .T. ) ;
#384 = VERTEX_POINT ( 'NONE', #434 ) ;
#385 = VERTEX_POINT ( 'NONE', #407 ) ;
#386 = ORIENTED_EDGE ( 'NONE', *, *, #3341, .F. ) ;
#387 = VERTEX_POINT ( 'NONE', #406 ) ;
#388 = ORIENTED_EDGE ( 'NONE', *, *, #389, .F. ) ;
#389 = EDGE_CURVE ( 'NONE', #385, #387, #435, .T. ) ;
#390 = AXIS2_PLACEMENT_3D ( 'NONE', #395, #394, #392 ) ;
#391 = PLANE ( 'NONE',  #354 ) ;
#392 = DIRECTION ( 'NONE',  ( 1.000000000000000000, 0.0000000000000000000, -0.0000000000000000000 ) ) ;
#393 = PLANE ( 'NONE',  #390 ) ;
#394 = DIRECTION ( 'NONE',  ( 0.0000000000000000000, 0.0000000000000000000, 1.000000000000000000 ) ) ;
#395 = CARTESIAN_POINT ( 'NONE',  ( 0.1030126213363109800, 0.05476827821223195100, 0.2140000000000000000 ) ) ;
#396 = CARTESIAN_POINT ( 'NONE',  ( -0.1068421717879919400, 0.1429999999999999900, 0.0000000000000000000 ) ) ;
#397 = CIRCLE ( 'NONE', #451, 0.03799999999999998500 ) ;
#398 = LINE ( 'NONE', #449, #448 ) ;
#399 = DIRECTION ( 'NONE',  ( 1.000000000000000000, 0.0000000000000000000, 0.0000000000000000000 ) ) ;
#400 = DIRECTION ( 'NONE',  ( 0.0000000000000000000, 0.0000000000000000000, 1.000000000000000000 ) ) ;
#401 = AXIS2_PLACEMENT_3D ( 'NONE', #420, #419, #445 ) ;
#402 = FACE_OUTER_BOUND ( 'NONE', #1150, .T. ) ;
#403 = DIRECTION ( 'NONE',  ( 1.000000000000000000, 0.0000000000000000000, -1.067128122525103500E-016 ) ) ;
#404 = VECTOR ( 'NONE', #403, 39.37007874015748100 ) ;
#405 = CARTESIAN_POINT ( 'NONE',  ( -0.08000000000000001600, 0.02000000000000000000, -0.01200000000000000200 ) ) ;
#406 = CARTESIAN_POINT ( 'NONE',  ( 0.03000000000000002700, 0.01999999999999992800, -0.01200000000000000400 ) ) ;
#407 = CARTESIAN_POINT ( 'NONE',  ( -0.02999999999999997500, 0.02000000000000000000, -0.01200000000000000200 ) ) ;
#408 = DIRECTION ( 'NONE',  ( -2.528827035161168900E-015, 0.0000000000000000000, -1.000000000000000000 ) ) ;
#409 = VECTOR ( 'NONE', #408, 39.37007874015748100 ) ;
#410 = DIRECTION ( 'NONE',  ( 1.000000000000000000, 2.787599993534962800E-015, 0.0000000000000000000 ) ) ;
#411 = DIRECTION ( 'NONE',  ( -0.0000000000000000000, -0.0000000000000000000, -1.000000000000000000 ) ) ;
#412 = CARTESIAN_POINT ( 'NONE',  ( 0.006866028718676143500, 0.2176086130251418400, 0.2140000000000000000 ) ) ;
#413 = AXIS2_PLACEMENT_3D ( 'NONE', #412, #411, #410 ) ;
#414 = CARTESIAN_POINT ( 'NONE',  ( -0.1068421717879919400, 0.1429999999999999900, 0.0000000000000000000 ) ) ;
#415 = AXIS2_PLACEMENT_3D ( 'NONE', #414, #400, #399 ) ;
#416 = CIRCLE ( 'NONE', #415, 0.01799999999999998500 ) ;
#417 = DIRECTION ( 'NONE',  ( 0.0000000000000000000, 0.0000000000000000000, 1.000000000000000000 ) ) ;
#418 = CYLINDRICAL_SURFACE ( 'NONE', #401, 0.02000000000000000700 ) ;
#419 = DIRECTION ( 'NONE',  ( 0.0000000000000000000, -1.000000000000000000, -0.0000000000000000000 ) ) ;
#420 = CARTESIAN_POINT ( 'NONE',  ( -0.05000000000000003700, 0.02000000000000000000, -0.01199999999999998800 ) ) ;
#421 = LINE ( 'NONE', #428, #422 ) ;
#422 = VECTOR ( 'NONE', #444, 39.37007874015748100 ) ;
#423 = DIRECTION ( 'NONE',  ( 0.0000000000000000000, 0.0000000000000000000, -1.000000000000000000 ) ) ;
#424 = DIRECTION ( 'NONE',  ( 0.0000000000000000000, -1.000000000000000000, 0.0000000000000000000 ) ) ;
#425 = CARTESIAN_POINT ( 'NONE',  ( -0.08000000000000000200, 0.02000000000000000000, 0.2140000000000000000 ) ) ;
#426 = AXIS2_PLACEMENT_3D ( 'NONE', #425, #424, #423 ) ;
#427 = PLANE ( 'NONE',  #426 ) ;
#428 = CARTESIAN_POINT ( 'NONE',  ( 0.06999999999999999300, 0.02000000000000000000, 0.2140000000000000000 ) ) ;
#429 = VECTOR ( 'NONE', #443, 39.37007874015748100 ) ;
#430 = CARTESIAN_POINT ( 'NONE',  ( 0.08000000000000000200, -1.707404996040164500E-017, 0.2140000000000000000 ) ) ;
#431 = LINE ( 'NONE', #430, #429 ) ;
#432 = CARTESIAN_POINT ( 'NONE',  ( 0.07000000000000054800, 0.02000000000000000000, 0.2139999999999996100 ) ) ;
#433 = LINE ( 'NONE', #432, #409 ) ;
#434 = CARTESIAN_POINT ( 'NONE',  ( 0.07000000000000003400, 0.02000000000000000000, -0.01200000000000000000 ) ) ;
#435 = LINE ( 'NONE', #405, #404 ) ;
#436 = PLANE ( 'NONE',  #440 ) ;
#437 = PLANE ( 'NONE',  #491 ) ;
#438 = DIRECTION ( 'NONE',  ( 0.0000000000000000000, 0.7476197952858594200, -0.6641269770885155400 ) ) ;
#439 = CARTESIAN_POINT ( 'NONE',  ( -0.07507076282289351600, 0.1638465242276131700, 0.2140000000000000000 ) ) ;
#440 = AXIS2_PLACEMENT_3D ( 'NONE', #439, #260, #334 ) ;
#441 = FACE_OUTER_BOUND ( 'NONE', #1701, .T. ) ;
#442 = FACE_OUTER_BOUND ( 'NONE', #3331, .T. ) ;
#443 = DIRECTION ( 'NONE',  ( 0.0000000000000000000, 1.000000000000000000, 0.0000000000000000000 ) ) ;
#444 = DIRECTION ( 'NONE',  ( 0.0000000000000000000, -1.000000000000000000, -0.0000000000000000000 ) ) ;
#445 = DIRECTION ( 'NONE',  ( 0.0000000000000000000, 0.0000000000000000000, -1.000000000000000000 ) ) ;
#446 = CIRCLE ( 'NONE', #413, 0.09799999999999999000 ) ;
#447 = DIRECTION ( 'NONE',  ( -0.8556325641079117700, 0.5175837277563121200, 0.0000000000000000000 ) ) ;
#448 = VECTOR ( 'NONE', #447, 39.37007874015748900 ) ;
#449 = CARTESIAN_POINT ( 'NONE',  ( -0.07698596256389934900, 0.2683318183452601500, 0.2140000000000000000 ) ) ;
#450 = DIRECTION ( 'NONE',  ( 1.000000000000000000, 0.0000000000000000000, 0.0000000000000000000 ) ) ;
#451 = AXIS2_PLACEMENT_3D ( 'NONE', #396, #417, #450 ) ;
#452 = DIRECTION ( 'NONE',  ( 0.0000000000000000000, -1.000000000000000000, -0.0000000000000000000 ) ) ;
#453 = CARTESIAN_POINT ( 'NONE',  ( -0.09409861384605761000, 0.2786834929003864100, 0.0000000000000000000 ) ) ;
#454 = LINE ( 'NONE', #453, #461 ) ;
#455 = CARTESIAN_POINT ( 'NONE',  ( -0.09780491345103149700, 0.3045737017654721000, 0.2140000000000000000 ) ) ;
#456 = DIRECTION ( 'NONE',  ( 0.0000000000000000000, 0.0000000000000000000, -1.000000000000000000 ) ) ;
#457 = DIRECTION ( 'NONE',  ( 0.0000000000000000000, -1.000000000000000000, -0.0000000000000000000 ) ) ;
#458 = VECTOR ( 'NONE', #452, 39.37007874015748100 ) ;
#459 = FACE_OUTER_BOUND ( 'NONE', #2418, .T. ) ;
#460 = DIRECTION ( 'NONE',  ( 0.8556325641079117700, -0.5175837277563121200, 0.0000000000000000000 ) ) ;
#461 = VECTOR ( 'NONE', #460, 39.37007874015748900 ) ;
#462 = DIRECTION ( 'NONE',  ( 0.0000000000000000000, -1.000000000000000000, -0.0000000000000000000 ) ) ;
#463 = VECTOR ( 'NONE', #462, 39.37007874015748100 ) ;
#464 = CARTESIAN_POINT ( 'NONE',  ( -0.06999999999999999300, 0.02000000000000000000, -0.01199999999999998500 ) ) ;
#465 = LINE ( 'NONE', #464, #463 ) ;
#466 = DIRECTION ( 'NONE',  ( -3.612610050230249200E-016, 0.0000000000000000000, -1.000000000000000000 ) ) ;
#467 = PLANE ( 'NONE',  #469 ) ;
#468 = CARTESIAN_POINT ( 'NONE',  ( -0.07000000000000056200, 0.02000000000000000000, 0.2140000000000000200 ) ) ;
#469 = AXIS2_PLACEMENT_3D ( 'NONE', #468, #493, #492 ) ;
#470 = FACE_OUTER_BOUND ( 'NONE', #2318, .T. ) ;
#471 = PLANE ( 'NONE',  #483 ) ;
#472 = CYLINDRICAL_SURFACE ( 'NONE', #475, 0.02000000000000000000 ) ;
#473 = FACE_OUTER_BOUND ( 'NONE', #1686, .T. ) ;
#474 = CARTESIAN_POINT ( 'NONE',  ( 0.05000000000000003700, 0.02000000000000000000, -0.01200000000000000200 ) ) ;
#475 = AXIS2_PLACEMENT_3D ( 'NONE', #474, #457, #456 ) ;
#476 = CARTESIAN_POINT ( 'NONE',  ( -0.07507076282289351600, 0.1638465242276131700, 0.0000000000000000000 ) ) ;
#477 = CARTESIAN_POINT ( 'NONE',  ( -0.09179255701505059700, 0.1528746693709746300, 0.0000000000000000000 ) ) ;
#478 = LINE ( 'NONE', #477, #482 ) ;
#479 = CARTESIAN_POINT ( 'NONE',  ( -0.02999999999999997500, 0.02000000000000000000, -0.01200000000000000200 ) ) ;
#480 = LINE ( 'NONE', #479, #458 ) ;
#481 = DIRECTION ( 'NONE',  ( 0.8360897096078531200, 0.5485927428319261600, 0.0000000000000000000 ) ) ;
#482 = VECTOR ( 'NONE', #481, 39.37007874015748100 ) ;
#483 = AXIS2_PLACEMENT_3D ( 'NONE', #485, #484, #466 ) ;
#484 = DIRECTION ( 'NONE',  ( -1.000000000000000000, -0.0000000000000000000, 3.612610050230249200E-016 ) ) ;
#485 = CARTESIAN_POINT ( 'NONE',  ( 0.06999999999999999300, 0.02000000000000000000, 0.2139999999999999100 ) ) ;
#486 = DIRECTION ( 'NONE',  ( -0.8883218198289974900, -0.4592214546552653200, 0.0000000000000000000 ) ) ;
#487 = VECTOR ( 'NONE', #486, 39.37007874015748900 ) ;
#488 = CARTESIAN_POINT ( 'NONE',  ( -0.09616073821302069400, 0.3054236646141307300, 0.2140000000000000000 ) ) ;
#489 = LINE ( 'NONE', #488, #487 ) ;
#490 = CARTESIAN_POINT ( 'NONE',  ( -0.1124999999999999900, 0.3330000000000000200, -3.414809992080329000E-017 ) ) ;
#491 = AXIS2_PLACEMENT_3D ( 'NONE', #490, #500, #517 ) ;
#492 = DIRECTION ( 'NONE',  ( -2.528827035161168900E-015, 0.0000000000000000000, 1.000000000000000000 ) ) ;
#493 = DIRECTION ( 'NONE',  ( 1.000000000000000000, 0.0000000000000000000, 2.528827035161168900E-015 ) ) ;
#494 = FACE_OUTER_BOUND ( 'NONE', #2322, .T. ) ;
#495 = CARTESIAN_POINT ( 'NONE',  ( 0.09473356360342004300, 0.3421844290931053700, -1.024442997624098700E-016 ) ) ;
#496 = CARTESIAN_POINT ( 'NONE',  ( -0.1942105432058992800, 0.2140501584072958000, 0.0000000000000000000 ) ) ;
#497 = CIRCLE ( 'NONE', #510, 0.1300000000000000000 ) ;
#498 = AXIS2_PLACEMENT_3D ( 'NONE', #504, #503, #512 ) ;
#499 = CARTESIAN_POINT ( 'NONE',  ( -0.07460373939262868200, 0.1631167461755024000, 0.0000000000000000000 ) ) ;
#500 = DIRECTION ( 'NONE',  ( -0.3247186046530887200, 0.6281383826770584600, -0.7071067811865477900 ) ) ;
#501 = DIRECTION ( 'NONE',  ( 0.0000000000000000000, 0.7476197952858597600, 0.6641269770885152000 ) ) ;
#502 = PLANE ( 'NONE',  #514 ) ;
#503 = DIRECTION ( 'NONE',  ( -0.0000000000000000000, -0.0000000000000000000, -1.000000000000000000 ) ) ;
#504 = CARTESIAN_POINT ( 'NONE',  ( -0.006866028718676143500, 0.2176086130251418400, 0.0000000000000000000 ) ) ;
#505 = FACE_OUTER_BOUND ( 'NONE', #2333, .T. ) ;
#506 = DIRECTION ( 'NONE',  ( -1.000000000000000000, 0.0000000000000000000, 0.0000000000000000000 ) ) ;
#507 = CIRCLE ( 'NONE', #498, 0.1179999999999999900 ) ;
#508 = FACE_OUTER_BOUND ( 'NONE', #2342, .T. ) ;
#509 = DIRECTION ( 'NONE',  ( -0.0000000000000000000, -0.0000000000000000000, -1.000000000000000000 ) ) ;
#510 = AXIS2_PLACEMENT_3D ( 'NONE', #496, #509, #506 ) ;
#511 = CARTESIAN_POINT ( 'NONE',  ( -0.09027308442584805500, 0.1359668396871929800, 0.0000000000000000000 ) ) ;
#512 = DIRECTION ( 'NONE',  ( -1.000000000000000000, 0.0000000000000000000, 0.0000000000000000000 ) ) ;
#513 = DIRECTION ( 'NONE',  ( 0.3247186046530883300, 0.6281383826770575700, -0.7071067811865487900 ) ) ;
#514 = AXIS2_PLACEMENT_3D ( 'NONE', #495, #513, #501 ) ;
#515 = CARTESIAN_POINT ( 'NONE',  ( 0.09473356360342004300, 0.3421844290931053700, 0.1819999999999999700 ) ) ;
#516 = AXIS2_PLACEMENT_3D ( 'NONE', #515, #520, #519 ) ;
#517 = DIRECTION ( 'NONE',  ( 0.0000000000000000000, 0.7476197952858587600, 0.6641269770885162000 ) ) ;
#518 = PLANE ( 'NONE',  #516 ) ;
#519 = DIRECTION ( 'NONE',  ( 0.0000000000000000000, 0.7476197952858587600, -0.6641269770885162000 ) ) ;
#520 = DIRECTION ( 'NONE',  ( -0.3247186046530888300, -0.6281383826770584600, -0.7071067811865477900 ) ) ;
#521 = DIRECTION ( 'NONE',  ( -1.940232950045641500E-016, -1.000000000000000000, 0.0000000000000000000 ) ) ;
#522 = CARTESIAN_POINT ( 'NONE',  ( -0.09027308442584805500, 0.1359668396871929800, -0.03200000000000000100 ) ) ;
#523 = DIRECTION ( 'NONE',  ( 0.0000000000000000000, 0.0000000000000000000, 1.000000000000000000 ) ) ;
#524 = DIRECTION ( 'NONE',  ( 0.4592214546552652000, -0.8883218198289976100, 0.0000000000000000000 ) ) ;
#525 = DIRECTION ( 'NONE',  ( 1.000000000000000000, 0.0000000000000000000, -0.0000000000000000000 ) ) ;
#526 = CYLINDRICAL_SURFACE ( 'NONE', #536, 0.1300000000000000000 ) ;
#527 = DIRECTION ( 'NONE',  ( 1.000000000000000000, 0.0000000000000000000, 0.0000000000000000000 ) ) ;
#528 = DIRECTION ( 'NONE',  ( 0.0000000000000000000, 0.0000000000000000000, 1.000000000000000000 ) ) ;
#529 = CARTESIAN_POINT ( 'NONE',  ( -0.09351020724307804200, 0.2962659861837947400, 0.2140000000000000000 ) ) ;
#530 = AXIS2_PLACEMENT_3D ( 'NONE', #529, #523, #525 ) ;
#531 = PLANE ( 'NONE',  #530 ) ;
#532 = CARTESIAN_POINT ( 'NONE',  ( 0.1942105432058992800, 0.2140501584072958000, -0.03200000000000000100 ) ) ;
#533 = FACE_OUTER_BOUND ( 'NONE', #2345, .T. ) ;
#534 = DIRECTION ( 'NONE',  ( 0.0000000000000000000, -1.000000000000000000, -0.0000000000000000000 ) ) ;
#535 = VECTOR ( 'NONE', #534, 39.37007874015748100 ) ;
#536 = AXIS2_PLACEMENT_3D ( 'NONE', #532, #528, #527 ) ;
#537 = DIRECTION ( 'NONE',  ( 0.0000000000000000000, 0.0000000000000000000, 1.000000000000000000 ) ) ;
#538 = VECTOR ( 'NONE', #537, 39.37007874015748100 ) ;
#539 = FACE_OUTER_BOUND ( 'NONE', #2305, .T. ) ;
#540 = AXIS2_PLACEMENT_3D ( 'NONE', #542, #541, #559 ) ;
#541 = DIRECTION ( 'NONE',  ( -0.9205048534524382700, 0.3907311284892787700, 0.0000000000000000000 ) ) ;
#542 = CARTESIAN_POINT ( 'NONE',  ( -0.1214227184053597600, 0.06258290078201750300, 0.2140000000000000000 ) ) ;
#543 = PLANE ( 'NONE',  #540 ) ;
#544 = FACE_OUTER_BOUND ( 'NONE', #2393, .T. ) ;
#545 = DIRECTION ( 'NONE',  ( 0.0000000000000000000, -1.000000000000000000, -0.0000000000000000000 ) ) ;
#546 = VECTOR ( 'NONE', #545, 39.37007874015748100 ) ;
#547 = CARTESIAN_POINT ( 'NONE',  ( -0.06999999999999996500, 0.02000000000000000000, 0.1940000000000000300 ) ) ;
#548 = LINE ( 'NONE', #547, #546 ) ;
#549 = AXIS2_PLACEMENT_3D ( 'NONE', #555, #554, #553 ) ;
#550 = CIRCLE ( 'NONE', #549, 0.03799999999999997800 ) ;
#551 = FACE_OUTER_BOUND ( 'NONE', #2362, .T. ) ;
#552 = PLANE ( 'NONE',  #557 ) ;
#553 = DIRECTION ( 'NONE',  ( 1.000000000000000000, 0.0000000000000000000, 0.0000000000000000000 ) ) ;
#554 = DIRECTION ( 'NONE',  ( 0.0000000000000000000, 0.0000000000000000000, 1.000000000000000000 ) ) ;
#555 = CARTESIAN_POINT ( 'NONE',  ( -0.1095000000000000000, 0.2879999999999999800, 0.2140000000000000000 ) ) ;
#556 = CARTESIAN_POINT ( 'NONE',  ( -0.09179255701505059700, 0.1528746693709746300, 0.0000000000000000000 ) ) ;
#557 = AXIS2_PLACEMENT_3D ( 'NONE', #556, #565, #564 ) ;
#558 = CARTESIAN_POINT ( 'NONE',  ( -0.08003847705445153700, 0.3137581308585773400, 0.2140000000000000000 ) ) ;
#559 = DIRECTION ( 'NONE',  ( -0.3907311284892787700, -0.9205048534524382700, 0.0000000000000000000 ) ) ;
#560 = DIRECTION ( 'NONE',  ( -0.4592214546552653200, 0.8883218198289976100, 0.0000000000000000000 ) ) ;
#561 = VECTOR ( 'NONE', #560, 39.37007874015748900 ) ;
#562 = CARTESIAN_POINT ( 'NONE',  ( -0.07574377084649809600, 0.3054504152769000300, 0.2140000000000000000 ) ) ;
#563 = LINE ( 'NONE', #562, #561 ) ;
#564 = DIRECTION ( 'NONE',  ( -1.000000000000000000, 0.0000000000000000000, 0.0000000000000000000 ) ) ;
#565 = DIRECTION ( 'NONE',  ( -0.0000000000000000000, 0.0000000000000000000, -1.000000000000000000 ) ) ;
#566 = CIRCLE ( 'NONE', #567, 0.01799999999999998500 ) ;
#567 = AXIS2_PLACEMENT_3D ( 'NONE', #570, #575, #574 ) ;
#568 = CYLINDRICAL_SURFACE ( 'NONE', #579, 0.03999999999999998000 ) ;
#569 = FACE_OUTER_BOUND ( 'NONE', #2421, .T. ) ;
#570 = CARTESIAN_POINT ( 'NONE',  ( -0.1095000000000000000, 0.2879999999999999800, 0.2140000000000000000 ) ) ;
#571 = DIRECTION ( 'NONE',  ( 0.0000000000000000000, 3.521522804332841000E-015, 1.000000000000000000 ) ) ;
#572 = DIRECTION ( 'NONE',  ( -1.000000000000000000, 0.0000000000000000000, 0.0000000000000000000 ) ) ;
#573 = DIRECTION ( 'NONE',  ( -0.0000000000000000000, 0.0000000000000000000, -1.000000000000000000 ) ) ;
#574 = DIRECTION ( 'NONE',  ( 1.000000000000000000, 0.0000000000000000000, 0.0000000000000000000 ) ) ;
#575 = DIRECTION ( 'NONE',  ( 0.0000000000000000000, 0.0000000000000000000, 1.000000000000000000 ) ) ;
#576 = DIRECTION ( 'NONE',  ( 3.612610050230249200E-016, 0.0000000000000000000, 1.000000000000000000 ) ) ;
#577 = CARTESIAN_POINT ( 'NONE',  ( -0.06999999999999992300, 0.02000000000000000000, 0.2140000000000000000 ) ) ;
#578 = FACE_OUTER_BOUND ( 'NONE', #2368, .T. ) ;
#579 = AXIS2_PLACEMENT_3D ( 'NONE', #590, #595, #571 ) ;
#580 = DIRECTION ( 'NONE',  ( 1.000000000000000000, 0.0000000000000000000, -3.612610050230249200E-016 ) ) ;
#581 = FACE_OUTER_BOUND ( 'NONE', #2391, .T. ) ;
#582 = CARTESIAN_POINT ( 'NONE',  ( -0.07698596256389934900, 0.2683318183452601500, 0.2140000000000000000 ) ) ;
#583 = AXIS2_PLACEMENT_3D ( 'NONE', #577, #580, #576 ) ;
#584 = DIRECTION ( 'NONE',  ( 1.000000000000000000, 0.0000000000000000000, -0.0000000000000000000 ) ) ;
#585 = AXIS2_PLACEMENT_3D ( 'NONE', #582, #596, #584 ) ;
#586 = CARTESIAN_POINT ( 'NONE',  ( 0.03000000000000002300, -0.01999999999999985500, 0.2140000000000000000 ) ) ;
#587 = FACE_OUTER_BOUND ( 'NONE', #2384, .T. ) ;
#588 = PLANE ( 'NONE',  #585 ) ;
#589 = PLANE ( 'NONE',  #583 ) ;
#590 = CARTESIAN_POINT ( 'NONE',  ( -0.02999999999999997800, -0.01999999999999992400, 0.1940000000000000100 ) ) ;
#591 = AXIS2_PLACEMENT_3D ( 'NONE', #593, #573, #572 ) ;
#592 = FACE_OUTER_BOUND ( 'NONE', #2353, .T. ) ;
#593 = CARTESIAN_POINT ( 'NONE',  ( -0.09409861384605761000, 0.2786834929003864100, 0.0000000000000000000 ) ) ;
#594 = PLANE ( 'NONE',  #591 ) ;
#595 = DIRECTION ( 'NONE',  ( -1.000000000000000000, -0.0000000000000000000, -0.0000000000000000000 ) ) ;
#596 = DIRECTION ( 'NONE',  ( 0.0000000000000000000, 0.0000000000000000000, 1.000000000000000000 ) ) ;
#597 = CARTESIAN_POINT ( 'NONE',  ( 0.05000000000000003700, 0.02000000000000000000, 0.1940000000000000100 ) ) ;
#598 = AXIS2_PLACEMENT_3D ( 'NONE', #640, #639, #653 ) ;
#599 = PLANE ( 'NONE',  #626 ) ;
#600 = CARTESIAN_POINT ( 'NONE',  ( 0.03000000000000002300, -0.01999999999999978200, 0.2339999999999999900 ) ) ;
#601 = DIRECTION ( 'NONE',  ( 1.000000000000000000, 0.0000000000000000000, 0.0000000000000000000 ) ) ;
#602 = CARTESIAN_POINT ( 'NONE',  ( 0.03000000000000002300, -0.01999999999999992400, 0.1940000000000000100 ) ) ;
#603 = DIRECTION ( 'NONE',  ( 0.0000000000000000000, 8.537024980200826700E-016, 1.000000000000000000 ) ) ;
#604 = DIRECTION ( 'NONE',  ( 1.000000000000000000, 0.0000000000000000000, 0.0000000000000000000 ) ) ;
#605 = CARTESIAN_POINT ( 'NONE',  ( 0.03000000000000002300, -0.01999999999999992400, 0.1940000000000000100 ) ) ;
#606 = AXIS2_PLACEMENT_3D ( 'NONE', #605, #604, #603 ) ;
#607 = CIRCLE ( 'NONE', #606, 0.01999999999999999000 ) ;
#608 = DIRECTION ( 'NONE',  ( 0.0000000000000000000, 0.0000000000000000000, 1.000000000000000000 ) ) ;
#609 = DIRECTION ( 'NONE',  ( 1.000000000000000000, 0.0000000000000000000, 0.0000000000000000000 ) ) ;
#610 = CARTESIAN_POINT ( 'NONE',  ( 0.03000000000000002300, -0.01999999999999992400, 0.1940000000000000100 ) ) ;
#611 = DIRECTION ( 'NONE',  ( 0.0000000000000000000, -1.000000000000000000, -0.0000000000000000000 ) ) ;
#612 = FACE_OUTER_BOUND ( 'NONE', #2116, .T. ) ;
#613 = AXIS2_PLACEMENT_3D ( 'NONE', #597, #611, #624 ) ;
#614 = CARTESIAN_POINT ( 'NONE',  ( -0.02999999999999997800, -0.01999999999999992400, 0.2339999999999999900 ) ) ;
#615 = CARTESIAN_POINT ( 'NONE',  ( 0.03000000000000002700, 0.02000000000000000000, 0.1940000000000000100 ) ) ;
#616 = LINE ( 'NONE', #615, #535 ) ;
#617 = DIRECTION ( 'NONE',  ( 0.0000000000000000000, -1.000000000000000000, -0.0000000000000000000 ) ) ;
#618 = VECTOR ( 'NONE', #617, 39.37007874015748100 ) ;
#619 = CARTESIAN_POINT ( 'NONE',  ( 0.02999999999999998200, 0.02000000000000000000, -0.01200000000000000900 ) ) ;
#620 = LINE ( 'NONE', #619, #618 ) ;
#621 = DIRECTION ( 'NONE',  ( 0.0000000000000000000, 0.0000000000000000000, -1.000000000000000000 ) ) ;
#622 = DIRECTION ( 'NONE',  ( 0.0000000000000000000, -1.000000000000000000, -0.0000000000000000000 ) ) ;
#623 = AXIS2_PLACEMENT_3D ( 'NONE', #632, #622, #621 ) ;
#624 = DIRECTION ( 'NONE',  ( 0.0000000000000000000, 0.0000000000000000000, -1.000000000000000000 ) ) ;
#625 = PLANE ( 'NONE',  #598 ) ;
#626 = AXIS2_PLACEMENT_3D ( 'NONE', #602, #601, #651 ) ;
#627 = FACE_OUTER_BOUND ( 'NONE', #2543, .T. ) ;
#628 = DIRECTION ( 'NONE',  ( -6.774291061760527500E-031, 0.0000000000000000000, 1.000000000000000000 ) ) ;
#629 = VECTOR ( 'NONE', #628, 39.37007874015748100 ) ;
#630 = CARTESIAN_POINT ( 'NONE',  ( 0.03000000000000001600, -0.01999999999999992400, 0.2340000000000002900 ) ) ;
#631 = LINE ( 'NONE', #630, #629 ) ;
#632 = CARTESIAN_POINT ( 'NONE',  ( -0.04999999999999998900, 0.02000000000000000000, 0.1940000000000000100 ) ) ;
#633 = CYLINDRICAL_SURFACE ( 'NONE', #623, 0.01999999999999999000 ) ;
#634 = DIRECTION ( 'NONE',  ( 0.0000000000000000000, 3.414809992080330700E-015, 1.000000000000000000 ) ) ;
#635 = DIRECTION ( 'NONE',  ( -1.000000000000000000, -0.0000000000000000000, -0.0000000000000000000 ) ) ;
#636 = AXIS2_PLACEMENT_3D ( 'NONE', #648, #635, #634 ) ;
#637 = FACE_OUTER_BOUND ( 'NONE', #2437, .T. ) ;
#638 = CYLINDRICAL_SURFACE ( 'NONE', #613, 0.01999999999999999000 ) ;
#639 = DIRECTION ( 'NONE',  ( -1.000000000000000000, -0.0000000000000000000, 2.528827035161168900E-015 ) ) ;
#640 = CARTESIAN_POINT ( 'NONE',  ( 0.07000000000000054800, 0.02000000000000000000, 0.2139999999999996100 ) ) ;
#641 = AXIS2_PLACEMENT_3D ( 'NONE', #610, #609, #608 ) ;
#642 = CARTESIAN_POINT ( 'NONE',  ( -0.07574377084649809600, 0.3054504152769000300, 0.2140000000000000000 ) ) ;
#643 = CARTESIAN_POINT ( 'NONE',  ( -0.09351020724307804200, 0.2962659861837947400, 0.2140000000000000000 ) ) ;
#644 = DIRECTION ( 'NONE',  ( 0.8883218198289974900, 0.4592214546552654300, 0.0000000000000000000 ) ) ;
#645 = VECTOR ( 'NONE', #644, 39.37007874015748900 ) ;
#646 = CARTESIAN_POINT ( 'NONE',  ( -0.09351020724307804200, 0.2962659861837947400, 0.2140000000000000000 ) ) ;
#647 = LINE ( 'NONE', #646, #645 ) ;
#648 = CARTESIAN_POINT ( 'NONE',  ( -0.02999999999999997800, -0.01999999999999992400, 0.1940000000000000100 ) ) ;
#649 = CYLINDRICAL_SURFACE ( 'NONE', #636, 0.01999999999999999000 ) ;
#650 = FACE_OUTER_BOUND ( 'NONE', #2374, .T. ) ;
#651 = DIRECTION ( 'NONE',  ( 0.0000000000000000000, 0.0000000000000000000, -1.000000000000000000 ) ) ;
#652 = CARTESIAN_POINT ( 'NONE',  ( -0.02999999999999997800, -0.01999999999999985500, 0.2140000000000000000 ) ) ;
#653 = DIRECTION ( 'NONE',  ( -2.528827035161168900E-015, 0.0000000000000000000, -1.000000000000000000 ) ) ;
#654 = CIRCLE ( 'NONE', #641, 0.03999999999999998000 ) ;
#655 = DIRECTION ( 'NONE',  ( -1.896801497292948000E-030, 0.0000000000000000000, 1.000000000000000000 ) ) ;
#656 = VECTOR ( 'NONE', #655, 39.37007874015748100 ) ;
#657 = CARTESIAN_POINT ( 'NONE',  ( -0.02999999999999997800, -0.01999999999999992400, 0.2140000000000000000 ) ) ;
#658 = DIRECTION ( 'NONE',  ( 1.000000000000000000, 0.0000000000000000000, 0.0000000000000000000 ) ) ;
#659 = CARTESIAN_POINT ( 'NONE',  ( -0.02999999999999997800, -0.01999999999999992400, 0.1940000000000000100 ) ) ;
#660 = AXIS2_PLACEMENT_3D ( 'NONE', #659, #658, #670 ) ;
#661 = FACE_OUTER_BOUND ( 'NONE', #2371, .T. ) ;
#662 = DIRECTION ( 'NONE',  ( 0.0000000000000000000, -1.000000000000000000, -0.0000000000000000000 ) ) ;
#663 = VECTOR ( 'NONE', #662, 39.37007874015748100 ) ;
#664 = DIRECTION ( 'NONE',  ( 1.000000000000000000, 2.787599993534962800E-015, 0.0000000000000000000 ) ) ;
#665 = DIRECTION ( 'NONE',  ( -0.0000000000000000000, -0.0000000000000000000, -1.000000000000000000 ) ) ;
#666 = CARTESIAN_POINT ( 'NONE',  ( 0.006866028718676143500, 0.2176086130251418400, 0.0000000000000000000 ) ) ;
#667 = AXIS2_PLACEMENT_3D ( 'NONE', #666, #665, #664 ) ;
#668 = CIRCLE ( 'NONE', #667, 0.09799999999999999000 ) ;
#669 = LINE ( 'NONE', #657, #656 ) ;
#670 = DIRECTION ( 'NONE',  ( 0.0000000000000000000, 0.0000000000000000000, -1.000000000000000000 ) ) ;
#671 = CARTESIAN_POINT ( 'NONE',  ( 0.07000000000000003400, 0.02000000000000000000, -0.01200000000000000000 ) ) ;
#672 = LINE ( 'NONE', #671, #663 ) ;
#673 = PLANE ( 'NONE',  #660 ) ;
#674 = DIRECTION ( 'NONE',  ( -1.000000000000000000, -0.0000000000000000000, -0.0000000000000000000 ) ) ;
#675 = VECTOR ( 'NONE', #674, 39.37007874015748100 ) ;
#676 = CARTESIAN_POINT ( 'NONE',  ( -0.02999999999999998800, -0.01999999999999979200, -0.05199999999999999100 ) ) ;
#677 = LINE ( 'NONE', #676, #675 ) ;
#678 = DIRECTION ( 'NONE',  ( -0.4592214546552652000, 0.8883218198289976100, 0.0000000000000000000 ) ) ;
#679 = VECTOR ( 'NONE', #678, 39.37007874015748900 ) ;
#680 = CARTESIAN_POINT ( 'NONE',  ( -0.09351020724307804200, 0.2962659861837947400, 0.2140000000000000000 ) ) ;
#681 = LINE ( 'NONE', #680, #679 ) ;
#682 = DIRECTION ( 'NONE',  ( -1.940232950045641500E-016, -1.000000000000000000, 3.491483361109382100E-015 ) ) ;
#683 = FACE_OUTER_BOUND ( 'NONE', #2499, .T. ) ;
#684 = CARTESIAN_POINT ( 'NONE',  ( 0.02999999999999999900, -0.1100000000000000300, -0.03200000000000030600 ) ) ;
#685 = DIRECTION ( 'NONE',  ( -1.940232950045641500E-016, -1.000000000000000000, -3.491483361109382100E-015 ) ) ;
#686 = VECTOR ( 'NONE', #685, 39.37007874015748100 ) ;
#687 = CARTESIAN_POINT ( 'NONE',  ( 0.02999999999999999900, -0.1099999999999999600, -0.05200000000000031000 ) ) ;
#688 = LINE ( 'NONE', #687, #686 ) ;
#689 = CARTESIAN_POINT ( 'NONE',  ( 0.006866028718676143500, 0.2176086130251418400, 0.1000000000000000200 ) ) ;
#690 = DIRECTION ( 'NONE',  ( 5.432652260127795900E-016, 1.000000000000000000, -3.491483361109382100E-015 ) ) ;
#691 = CARTESIAN_POINT ( 'NONE',  ( 0.03000000000000001300, -0.01999999999999992400, 0.2140000000000000000 ) ) ;
#692 = LINE ( 'NONE', #739, #738 ) ;
#693 = DIRECTION ( 'NONE',  ( 0.0000000000000000000, 1.000000000000000000, -3.414809992080326400E-015 ) ) ;
#694 = DIRECTION ( 'NONE',  ( 0.0000000000000000000, -3.491483361109382100E-015, -1.000000000000000000 ) ) ;
#695 = CARTESIAN_POINT ( 'NONE',  ( 0.02999999999999999900, -0.1100000000000000300, 0.2140000000000003000 ) ) ;
#696 = DIRECTION ( 'NONE',  ( -0.0000000000000000000, -0.0000000000000000000, -1.000000000000000000 ) ) ;
#697 = VECTOR ( 'NONE', #696, 39.37007874015748100 ) ;
#698 = CARTESIAN_POINT ( 'NONE',  ( -0.09351020724307804200, 0.2962659861837947400, 0.2140000000000000000 ) ) ;
#699 = LINE ( 'NONE', #691, #724 ) ;
#700 = CARTESIAN_POINT ( 'NONE',  ( 0.03000000000000001300, -0.01999999999999992400, 0.2339999999999999900 ) ) ;
#701 = LINE ( 'NONE', #700, #749 ) ;
#702 = DIRECTION ( 'NONE',  ( -0.0000000000000000000, -0.0000000000000000000, -1.000000000000000000 ) ) ;
#703 = CARTESIAN_POINT ( 'NONE',  ( -0.1095000000000000000, 0.2879999999999999800, 0.2140000000000000000 ) ) ;
#704 = AXIS2_PLACEMENT_3D ( 'NONE', #703, #702, #712 ) ;
#705 = DIRECTION ( 'NONE',  ( 0.3247186046530888300, -0.6281383826770590200, -0.7071067811865472400 ) ) ;
#706 = CARTESIAN_POINT ( 'NONE',  ( -0.1521417992696524100, 0.4096834278136001800, 0.08632392687186447900 ) ) ;
#707 = LINE ( 'NONE', #706, #737 ) ;
#708 = DIRECTION ( 'NONE',  ( -0.0000000000000000000, -0.0000000000000000000, -1.000000000000000000 ) ) ;
#709 = VECTOR ( 'NONE', #708, 39.37007874015748100 ) ;
#710 = CARTESIAN_POINT ( 'NONE',  ( -0.07574377084649809600, 0.3054504152769000300, 0.2140000000000000000 ) ) ;
#711 = LINE ( 'NONE', #710, #709 ) ;
#712 = DIRECTION ( 'NONE',  ( -1.000000000000000000, 0.0000000000000000000, 0.0000000000000000000 ) ) ;
#713 = DIRECTION ( 'NONE',  ( -0.0000000000000000000, -0.0000000000000000000, -1.000000000000000000 ) ) ;
#714 = VECTOR ( 'NONE', #713, 39.37007874015748100 ) ;
#715 = CARTESIAN_POINT ( 'NONE',  ( -0.1124999999999999900, 0.3330000000000000200, 0.2140000000000000000 ) ) ;
#716 = LINE ( 'NONE', #715, #714 ) ;
#717 = CARTESIAN_POINT ( 'NONE',  ( -0.1124999999999999900, 0.3330000000000000200, -7.683322482180740900E-017 ) ) ;
#718 = DIRECTION ( 'NONE',  ( -0.8883218198289973800, -0.4592214546552653700, 0.0000000000000000000 ) ) ;
#719 = VECTOR ( 'NONE', #718, 39.37007874015748100 ) ;
#720 = CARTESIAN_POINT ( 'NONE',  ( -0.1124999999999999900, 0.3330000000000000200, -3.414809992080330300E-017 ) ) ;
#721 = LINE ( 'NONE', #720, #719 ) ;
#722 = VECTOR ( 'NONE', #682, 39.37007874015748100 ) ;
#723 = CARTESIAN_POINT ( 'NONE',  ( -0.1109689506805064400, 0.2238470126591984300, 0.1000000000000000200 ) ) ;
#724 = VECTOR ( 'NONE', #745, 39.37007874015748100 ) ;
#725 = DIRECTION ( 'NONE',  ( -0.8883218198289976100, -0.4592214546552654800, 0.0000000000000000000 ) ) ;
#726 = DIRECTION ( 'NONE',  ( -0.4592214546552654800, 0.8883218198289976100, 0.0000000000000000000 ) ) ;
#727 = CARTESIAN_POINT ( 'NONE',  ( -0.1124999999999999900, 0.3330000000000000200, 0.2140000000000000000 ) ) ;
#728 = AXIS2_PLACEMENT_3D ( 'NONE', #727, #726, #725 ) ;
#729 = PLANE ( 'NONE',  #728 ) ;
#730 = CARTESIAN_POINT ( 'NONE',  ( -0.1111339712813238500, 0.2176086130251418400, 0.1072380329290718000 ) ) ;
#731 = CARTESIAN_POINT ( 'NONE',  ( -0.1111339712813238800, 0.2196892920235949400, 0.1048239485502165800 ) ) ;
#732 = CARTESIAN_POINT ( 'NONE',  ( -0.1110789515881551700, 0.2217692434480200400, 0.1024107083309347800 ) ) ;
#733 = CYLINDRICAL_SURFACE ( 'NONE', #704, 0.01799999999999998500 ) ;
#734 = DIRECTION ( 'NONE',  ( 1.332101461423285300E-014, -1.000000000000000000, -1.012867370532301000E-015 ) ) ;
#735 = DIRECTION ( 'NONE',  ( -0.0000000000000000000, 9.566895192177494100E-016, -1.000000000000000000 ) ) ;
#736 = LINE ( 'NONE', #695, #722 ) ;
#737 = VECTOR ( 'NONE', #705, 39.37007874015748100 ) ;
#738 = VECTOR ( 'NONE', #690, 39.37007874015748100 ) ;
#739 = CARTESIAN_POINT ( 'NONE',  ( -0.03000000000000003000, -0.1100000000000000000, 0.2140000000000003000 ) ) ;
#740 = CARTESIAN_POINT ( 'NONE',  ( 3.602935169780758100E-018, -0.1099999999999999600, 0.2340000000000002900 ) ) ;
#741 = AXIS2_PLACEMENT_3D ( 'NONE', #689, #735, #734 ) ;
#742 = CIRCLE ( 'NONE', #741, 0.1179999999999999900 ) ;
#743 = FACE_OUTER_BOUND ( 'NONE', #2650, .T. ) ;
#744 = LINE ( 'NONE', #698, #697 ) ;
#745 = DIRECTION ( 'NONE',  ( -1.000000000000000000, 0.0000000000000000000, 0.0000000000000000000 ) ) ;
#746 = AXIS2_PLACEMENT_3D ( 'NONE', #740, #694, #693 ) ;
#747 = CIRCLE ( 'NONE', #746, 0.03000000000000002300 ) ;
#748 = DIRECTION ( 'NONE',  ( 1.000000000000000000, -0.0000000000000000000, -0.0000000000000000000 ) ) ;
#749 = VECTOR ( 'NONE', #748, 39.37007874015748100 ) ;
#750 = DIRECTION ( 'NONE',  ( 0.0000000000000000000, 1.000000000000000000, 3.491483361109382100E-015 ) ) ;
#751 = DIRECTION ( 'NONE',  ( 0.0000000000000000000, -3.491483361109382100E-015, 1.000000000000000000 ) ) ;
#752 = CARTESIAN_POINT ( 'NONE',  ( 3.602935169780758100E-018, -0.1100000000000000300, -0.03200000000000030600 ) ) ;
#753 = AXIS2_PLACEMENT_3D ( 'NONE', #752, #751, #750 ) ;
#754 = PLANE ( 'NONE',  #753 ) ;
#755 = FACE_OUTER_BOUND ( 'NONE', #2481, .T. ) ;
#756 = CARTESIAN_POINT ( 'NONE',  ( -0.07666584563089053100, 0.3072340844460699200, 0.0000000000000000000 ) ) ;
#757 = DIRECTION ( 'NONE',  ( -0.4592214546552653200, 0.8883218198289976100, 0.0000000000000000000 ) ) ;
#758 = VECTOR ( 'NONE', #757, 39.37007874015748900 ) ;
#759 = CARTESIAN_POINT ( 'NONE',  ( -0.07574377084649809600, 0.3054504152769000300, 0.0000000000000000000 ) ) ;
#760 = LINE ( 'NONE', #759, #758 ) ;
#761 =( BOUNDED_CURVE ( )  B_SPLINE_CURVE ( 3, ( #723, #732, #731, #730 ),
 .UNSPECIFIED., .F., .T. ) 
 B_SPLINE_CURVE_WITH_KNOTS ( ( 4, 4 ),
 ( 1.517903874646778800, 1.570796326794896800 ),
 .UNSPECIFIED. ) 
 CURVE ( )  GEOMETRIC_REPRESENTATION_ITEM ( )  RATIONAL_B_SPLINE_CURVE ( ( 1.000000000000000000, 0.9997668792963958500, 0.9997668792963958500, 1.000000000000000000 ) ) 
 REPRESENTATION_ITEM ( '' )  );
#762 = CARTESIAN_POINT ( 'NONE',  ( -0.1109689506805064400, 0.2238470126591984300, 0.1000000000000000200 ) ) ;
#763 = CARTESIAN_POINT ( 'NONE',  ( -0.1124999999999999900, 0.3330000000000000200, 0.1820000000000000000 ) ) ;
#764 = LINE ( 'NONE', #792, #791 ) ;
#765 = CYLINDRICAL_SURFACE ( 'NONE', #788, 0.02000000000000000000 ) ;
#766 = DIRECTION ( 'NONE',  ( 1.000000000000000000, -0.0000000000000000000, -2.134256245050206400E-016 ) ) ;
#767 = CARTESIAN_POINT ( 'NONE',  ( 0.03000000000000002700, -0.02000000000000007300, -0.01200000000000000900 ) ) ;
#768 = AXIS2_PLACEMENT_3D ( 'NONE', #812, #811, #810 ) ;
#769 = PLANE ( 'NONE',  #768 ) ;
#770 = FACE_OUTER_BOUND ( 'NONE', #2528, .T. ) ;
#771 = CARTESIAN_POINT ( 'NONE',  ( -0.02999999999999997500, -0.01999999999999993100, -0.05199999999999999100 ) ) ;
#772 = DIRECTION ( 'NONE',  ( 1.896801497292948000E-030, 6.982966722218765700E-015, -1.000000000000000000 ) ) ;
#773 = VECTOR ( 'NONE', #772, 39.37007874015748100 ) ;
#774 = CARTESIAN_POINT ( 'NONE',  ( -0.02999999999999998200, -0.01999999999999979200, -0.05200000000000006700 ) ) ;
#775 = DIRECTION ( 'NONE',  ( 2.134256245050206200E-016, 0.0000000000000000000, 1.000000000000000000 ) ) ;
#776 = DIRECTION ( 'NONE',  ( -1.000000000000000000, 0.0000000000000000000, 2.134256245050206200E-016 ) ) ;
#777 = CARTESIAN_POINT ( 'NONE',  ( -0.02999999999999996800, -0.02000000000000007300, -0.01199999999999999500 ) ) ;
#778 = AXIS2_PLACEMENT_3D ( 'NONE', #777, #776, #775 ) ;
#779 = PLANE ( 'NONE',  #778 ) ;
#780 = FACE_OUTER_BOUND ( 'NONE', #2521, .T. ) ;
#781 = DIRECTION ( 'NONE',  ( 0.0000000000000000000, 1.000000000000000000, -3.414809992080326400E-015 ) ) ;
#782 = AXIS2_PLACEMENT_3D ( 'NONE', #823, #822, #821 ) ;
#783 = PLANE ( 'NONE',  #782 ) ;
#784 = FACE_OUTER_BOUND ( 'NONE', #2491, .T. ) ;
#785 = DIRECTION ( 'NONE',  ( 0.0000000000000000000, -1.000000000000000000, -3.414809992080326400E-015 ) ) ;
#786 = DIRECTION ( 'NONE',  ( 0.0000000000000000000, -3.491483361109382500E-015, 1.000000000000000000 ) ) ;
#787 = CARTESIAN_POINT ( 'NONE',  ( 3.602935169780758100E-018, -0.1099999999999999600, -0.05200000000000031000 ) ) ;
#788 = AXIS2_PLACEMENT_3D ( 'NONE', #767, #766, #796 ) ;
#789 = FACE_OUTER_BOUND ( 'NONE', #2522, .T. ) ;
#790 = DIRECTION ( 'NONE',  ( 6.774291061760528300E-031, 6.982966722218765700E-015, -1.000000000000000000 ) ) ;
#791 = VECTOR ( 'NONE', #790, 39.37007874015748100 ) ;
#792 = CARTESIAN_POINT ( 'NONE',  ( 0.03000000000000002300, -0.01999999999999993100, -0.03200000000000000100 ) ) ;
#793 = AXIS2_PLACEMENT_3D ( 'NONE', #787, #786, #785 ) ;
#794 = CYLINDRICAL_SURFACE ( 'NONE', #793, 0.03000000000000002300 ) ;
#795 = FACE_OUTER_BOUND ( 'NONE', #2517, .T. ) ;
#796 = DIRECTION ( 'NONE',  ( -2.134256245050205700E-016, 3.414809992080329100E-015, -1.000000000000000000 ) ) ;
#797 = DIRECTION ( 'NONE',  ( 1.000000000000000000, 0.0000000000000000000, 0.0000000000000000000 ) ) ;
#798 = DIRECTION ( 'NONE',  ( 0.0000000000000000000, 0.0000000000000000000, 1.000000000000000000 ) ) ;
#799 = CARTESIAN_POINT ( 'NONE',  ( -0.1095000000000000000, 0.2879999999999999800, 0.0000000000000000000 ) ) ;
#800 = AXIS2_PLACEMENT_3D ( 'NONE', #799, #798, #797 ) ;
#801 = CIRCLE ( 'NONE', #800, 0.03799999999999997800 ) ;
#802 = CARTESIAN_POINT ( 'NONE',  ( 3.602935169780758100E-018, -0.1099999999999999600, 0.2340000000000002900 ) ) ;
#803 = CYLINDRICAL_SURFACE ( 'NONE', #853, 0.03000000000000002300 ) ;
#804 = FACE_OUTER_BOUND ( 'NONE', #2568, .T. ) ;
#805 = DIRECTION ( 'NONE',  ( 1.000000000000000000, 0.0000000000000000000, 0.0000000000000000000 ) ) ;
#806 = VECTOR ( 'NONE', #805, 39.37007874015748100 ) ;
#807 = CARTESIAN_POINT ( 'NONE',  ( -0.02999999999999998800, -0.01999999999999993100, -0.03199999999999999400 ) ) ;
#808 = LINE ( 'NONE', #807, #806 ) ;
#809 = CARTESIAN_POINT ( 'NONE',  ( -0.02999999999999997500, -0.02000000000000000400, -0.03200000000000000100 ) ) ;
#810 = DIRECTION ( 'NONE',  ( 2.134256245050206200E-016, 0.0000000000000000000, 1.000000000000000000 ) ) ;
#811 = DIRECTION ( 'NONE',  ( -1.000000000000000000, 0.0000000000000000000, 2.134256245050206200E-016 ) ) ;
#812 = CARTESIAN_POINT ( 'NONE',  ( 0.03000000000000002700, -0.02000000000000007300, -0.01200000000000000900 ) ) ;
#813 = LINE ( 'NONE', #774, #773 ) ;
#814 = DIRECTION ( 'NONE',  ( 0.0000000000000000000, 1.000000000000000000, -3.491483361109382100E-015 ) ) ;
#815 = DIRECTION ( 'NONE',  ( 0.0000000000000000000, -3.491483361109382100E-015, -1.000000000000000000 ) ) ;
#816 = CARTESIAN_POINT ( 'NONE',  ( 3.602935169780758100E-018, -0.1100000000000000300, 0.2140000000000003000 ) ) ;
#817 = AXIS2_PLACEMENT_3D ( 'NONE', #816, #815, #814 ) ;
#818 = CARTESIAN_POINT ( 'NONE',  ( -0.09473356360342004300, 0.3421844290931053700, 0.1820000000000000200 ) ) ;
#819 = CIRCLE ( 'NONE', #847, 0.04000000000000000100 ) ;
#820 = CARTESIAN_POINT ( 'NONE',  ( 0.02999999999999999900, -0.1099999999999999600, 0.2340000000000002900 ) ) ;
#821 = DIRECTION ( 'NONE',  ( 0.4592214546552653200, -0.8883218198289976100, 0.0000000000000000000 ) ) ;
#822 = DIRECTION ( 'NONE',  ( -0.8883218198289976100, -0.4592214546552653200, 0.0000000000000000000 ) ) ;
#823 = CARTESIAN_POINT ( 'NONE',  ( -0.07574377084649809600, 0.3054504152769000300, 0.2140000000000000000 ) ) ;
#824 = DIRECTION ( 'NONE',  ( -1.000000000000000000, 1.940232950045641500E-016, 6.774291061760527500E-031 ) ) ;
#825 = CARTESIAN_POINT ( 'NONE',  ( 0.02999999999999999900, -0.1099999999999999600, -0.05200000000000031000 ) ) ;
#826 = AXIS2_PLACEMENT_3D ( 'NONE', #825, #824, #521 ) ;
#827 = PLANE ( 'NONE',  #826 ) ;
#828 = FACE_OUTER_BOUND ( 'NONE', #2533, .T. ) ;
#829 = DIRECTION ( 'NONE',  ( 5.432652260127795900E-016, 1.000000000000000000, 3.491483361109382100E-015 ) ) ;
#830 = VECTOR ( 'NONE', #829, 39.37007874015748100 ) ;
#831 = CARTESIAN_POINT ( 'NONE',  ( -0.03000000000000003000, -0.1099999999999999300, -0.05200000000000031000 ) ) ;
#832 = PLANE ( 'NONE',  #817 ) ;
#833 = DIRECTION ( 'NONE',  ( 0.0000000000000000000, 0.0000000000000000000, 1.000000000000000000 ) ) ;
#834 = DIRECTION ( 'NONE',  ( -1.000000000000000000, -0.0000000000000000000, -0.0000000000000000000 ) ) ;
#835 = CARTESIAN_POINT ( 'NONE',  ( -0.02999999999999997800, -0.01999999999999992400, 0.1940000000000000100 ) ) ;
#836 = AXIS2_PLACEMENT_3D ( 'NONE', #835, #834, #833 ) ;
#837 = FACE_OUTER_BOUND ( 'NONE', #2570, .T. ) ;
#838 = LINE ( 'NONE', #831, #830 ) ;
#839 = DIRECTION ( 'NONE',  ( -1.940232950045641500E-016, -1.000000000000000000, -3.491483361109382100E-015 ) ) ;
#840 = VECTOR ( 'NONE', #839, 39.37007874015748100 ) ;
#841 = CARTESIAN_POINT ( 'NONE',  ( 0.02999999999999999900, -0.1100000000000000300, -0.03200000000000030600 ) ) ;
#842 = LINE ( 'NONE', #841, #840 ) ;
#843 = CARTESIAN_POINT ( 'NONE',  ( 0.03000000000000002300, -0.02000000000000000400, -0.03200000000000000800 ) ) ;
#844 = DIRECTION ( 'NONE',  ( -2.134256245050205700E-016, 0.0000000000000000000, -1.000000000000000000 ) ) ;
#845 = DIRECTION ( 'NONE',  ( -1.000000000000000000, 0.0000000000000000000, 2.134256245050206400E-016 ) ) ;
#846 = CARTESIAN_POINT ( 'NONE',  ( -0.02999999999999996800, -0.02000000000000007300, -0.01199999999999999500 ) ) ;
#847 = AXIS2_PLACEMENT_3D ( 'NONE', #846, #845, #844 ) ;
#848 = LINE ( 'NONE', #820, #851 ) ;
#849 = CIRCLE ( 'NONE', #836, 0.03999999999999998000 ) ;
#850 = DIRECTION ( 'NONE',  ( -1.940232950045641500E-016, -1.000000000000000000, 3.491483361109382100E-015 ) ) ;
#851 = VECTOR ( 'NONE', #850, 39.37007874015748100 ) ;
#852 = DIRECTION ( 'NONE',  ( 0.0000000000000000000, -3.491483361109382500E-015, -1.000000000000000000 ) ) ;
#853 = AXIS2_PLACEMENT_3D ( 'NONE', #802, #852, #781 ) ;
#854 = AXIS2_PLACEMENT_3D ( 'NONE', #857, #856, #855 ) ;
#855 = DIRECTION ( 'NONE',  ( -2.134256245050205700E-016, 0.0000000000000000000, -1.000000000000000000 ) ) ;
#856 = DIRECTION ( 'NONE',  ( -1.000000000000000000, 0.0000000000000000000, 2.134256245050206400E-016 ) ) ;
#857 = CARTESIAN_POINT ( 'NONE',  ( -0.02999999999999996800, -0.02000000000000007300, -0.01199999999999999500 ) ) ;
#858 = FACE_OUTER_BOUND ( 'NONE', #2507, .T. ) ;
#859 = CARTESIAN_POINT ( 'NONE',  ( 0.03000000000000002300, -0.01999999999999978500, -0.05200000000000000500 ) ) ;
#860 = DIRECTION ( 'NONE',  ( 0.0000000000000000000, 1.000000000000000000, 3.491483361109382100E-015 ) ) ;
#861 = DIRECTION ( 'NONE',  ( 0.0000000000000000000, -3.491483361109382100E-015, 1.000000000000000000 ) ) ;
#862 = CARTESIAN_POINT ( 'NONE',  ( 3.602935169780758100E-018, -0.1099999999999999600, -0.05200000000000031000 ) ) ;
#863 = AXIS2_PLACEMENT_3D ( 'NONE', #862, #861, #860 ) ;
#864 = DIRECTION ( 'NONE',  ( -5.432652260127795900E-016, -1.000000000000000000, 0.0000000000000000000 ) ) ;
#865 = DIRECTION ( 'NONE',  ( -1.000000000000000000, 5.432652260127795900E-016, -1.896801497292948000E-030 ) ) ;
#866 = CARTESIAN_POINT ( 'NONE',  ( -0.02999999999999997100, 6.982966722218764700E-017, 0.2339999999999999000 ) ) ;
#867 = CARTESIAN_POINT ( 'NONE',  ( 3.602935169780758100E-018, -0.1099999999999999600, -0.05200000000000031000 ) ) ;
#868 = AXIS2_PLACEMENT_3D ( 'NONE', #867, #931, #930 ) ;
#869 = CIRCLE ( 'NONE', #868, 0.03000000000000002300 ) ;
#870 = FACE_OUTER_BOUND ( 'NONE', #2476, .T. ) ;
#871 = CARTESIAN_POINT ( 'NONE',  ( -0.09473356360342004300, 0.3421844290931053700, -9.092136492513407500E-018 ) ) ;
#872 = CARTESIAN_POINT ( 'NONE',  ( -0.07574377084649811000, 0.3054504152769000300, 0.0000000000000000000 ) ) ;
#873 = CARTESIAN_POINT ( 'NONE',  ( -0.03000000000000002300, -0.1100000000000000300, 0.2140000000000003000 ) ) ;
#874 = CARTESIAN_POINT ( 'NONE',  ( -0.03000000000000002300, -0.1099999999999999600, 0.2340000000000002900 ) ) ;
#875 = CARTESIAN_POINT ( 'NONE',  ( 0.02999999999999999900, -0.1099999999999999600, 0.2340000000000002900 ) ) ;
#876 = CARTESIAN_POINT ( 'NONE',  ( 0.02999999999999999900, -0.1100000000000000300, 0.2140000000000003000 ) ) ;
#877 = DIRECTION ( 'NONE',  ( 5.432652260127795900E-016, 1.000000000000000000, -3.491483361109382100E-015 ) ) ;
#878 = VECTOR ( 'NONE', #877, 39.37007874015748100 ) ;
#879 = CARTESIAN_POINT ( 'NONE',  ( -0.02999999999999997100, 6.982966722218761000E-017, 0.2339999999999999000 ) ) ;
#880 = LINE ( 'NONE', #879, #878 ) ;
#881 = DIRECTION ( 'NONE',  ( 0.0000000000000000000, 1.000000000000000000, -3.414809992080326400E-015 ) ) ;
#882 = DIRECTION ( 'NONE',  ( 0.0000000000000000000, -3.491483361109382100E-015, -1.000000000000000000 ) ) ;
#883 = CARTESIAN_POINT ( 'NONE',  ( 3.602935169780758100E-018, -0.1100000000000000300, 0.2140000000000003000 ) ) ;
#884 = AXIS2_PLACEMENT_3D ( 'NONE', #883, #882, #881 ) ;
#885 = DIRECTION ( 'NONE',  ( 5.432652260127795900E-016, 1.000000000000000000, 0.0000000000000000000 ) ) ;
#886 = DIRECTION ( 'NONE',  ( 1.000000000000000000, -5.432652260127795900E-016, -1.896801497292948000E-030 ) ) ;
#887 = CARTESIAN_POINT ( 'NONE',  ( -0.02999999999999997100, 6.982966722218764700E-017, -0.05199999999999993500 ) ) ;
#888 = CIRCLE ( 'NONE', #884, 0.03000000000000002300 ) ;
#889 = AXIS2_PLACEMENT_3D ( 'NONE', #887, #886, #885 ) ;
#890 = PLANE ( 'NONE',  #889 ) ;
#891 = FACE_OUTER_BOUND ( 'NONE', #2469, .T. ) ;
#892 = DIRECTION ( 'NONE',  ( -2.134256245050205700E-016, 0.0000000000000000000, -1.000000000000000000 ) ) ;
#893 = DIRECTION ( 'NONE',  ( 1.000000000000000000, -0.0000000000000000000, -2.134256245050206400E-016 ) ) ;
#894 = CARTESIAN_POINT ( 'NONE',  ( 0.03000000000000002700, -0.02000000000000007300, -0.01200000000000000900 ) ) ;
#895 = AXIS2_PLACEMENT_3D ( 'NONE', #894, #893, #892 ) ;
#896 = CIRCLE ( 'NONE', #895, 0.02000000000000000000 ) ;
#897 = DIRECTION ( 'NONE',  ( 0.0000000000000000000, -3.491483361109382900E-015, -1.000000000000000000 ) ) ;
#898 = VECTOR ( 'NONE', #897, 39.37007874015748100 ) ;
#899 = CARTESIAN_POINT ( 'NONE',  ( 0.02999999999999999900, -0.1099999999999999600, 0.2340000000000002900 ) ) ;
#900 = LINE ( 'NONE', #899, #898 ) ;
#901 = VECTOR ( 'NONE', #971, 39.37007874015748100 ) ;
#902 = CARTESIAN_POINT ( 'NONE',  ( 0.02999999999999999900, -0.1099999999999999600, -0.05200000000000031000 ) ) ;
#903 = LINE ( 'NONE', #902, #901 ) ;
#904 = DIRECTION ( 'NONE',  ( 0.0000000000000000000, 0.0000000000000000000, 1.000000000000000000 ) ) ;
#905 = DIRECTION ( 'NONE',  ( -1.000000000000000000, -0.0000000000000000000, -0.0000000000000000000 ) ) ;
#906 = AXIS2_PLACEMENT_3D ( 'NONE', #956, #905, #904 ) ;
#907 = CIRCLE ( 'NONE', #906, 0.01999999999999999000 ) ;
#908 = DIRECTION ( 'NONE',  ( 0.0000000000000000000, -1.000000000000000000, -3.557093741750340100E-015 ) ) ;
#909 = DIRECTION ( 'NONE',  ( -0.0000000000000000000, 3.491483361109382100E-015, -1.000000000000000000 ) ) ;
#910 = AXIS2_PLACEMENT_3D ( 'NONE', #866, #865, #864 ) ;
#911 = PLANE ( 'NONE',  #910 ) ;
#912 = DIRECTION ( 'NONE',  ( 0.3247186046530891600, -0.6281383826770594600, 0.7071067811865466800 ) ) ;
#913 = VECTOR ( 'NONE', #912, 39.37007874015748100 ) ;
#914 = CARTESIAN_POINT ( 'NONE',  ( -0.09473356360342004300, 0.3421844290931053700, 0.1820000000000000200 ) ) ;
#915 = LINE ( 'NONE', #914, #913 ) ;
#916 = DIRECTION ( 'NONE',  ( 0.0000000000000000000, 0.0000000000000000000, 1.000000000000000000 ) ) ;
#917 = VECTOR ( 'NONE', #916, 39.37007874015748100 ) ;
#918 = CARTESIAN_POINT ( 'NONE',  ( -0.07666584563089053100, 0.3072340844460699200, -0.03200000000000000100 ) ) ;
#919 = LINE ( 'NONE', #918, #917 ) ;
#920 = CARTESIAN_POINT ( 'NONE',  ( 0.03000000000000002700, -0.02000000000000007300, -0.01200000000000000900 ) ) ;
#921 = DIRECTION ( 'NONE',  ( 0.0000000000000000000, -3.491483361109382900E-015, -1.000000000000000000 ) ) ;
#922 = CARTESIAN_POINT ( 'NONE',  ( 0.03000000000000002700, -0.02000000000000007300, -0.01200000000000000900 ) ) ;
#923 = AXIS2_PLACEMENT_3D ( 'NONE', #922, #966, #965 ) ;
#924 = DIRECTION ( 'NONE',  ( 1.000000000000000000, -1.940232950045641500E-016, 6.774291061760527500E-031 ) ) ;
#925 = CARTESIAN_POINT ( 'NONE',  ( 0.02999999999999999900, -0.1099999999999999600, 0.2340000000000002900 ) ) ;
#926 = FACE_OUTER_BOUND ( 'NONE', #2591, .T. ) ;
#927 = AXIS2_PLACEMENT_3D ( 'NONE', #925, #924, #928 ) ;
#928 = DIRECTION ( 'NONE',  ( 1.940232950045641500E-016, 1.000000000000000000, 0.0000000000000000000 ) ) ;
#929 = PLANE ( 'NONE',  #863 ) ;
#930 = DIRECTION ( 'NONE',  ( 0.0000000000000000000, -1.000000000000000000, -3.414809992080326400E-015 ) ) ;
#931 = DIRECTION ( 'NONE',  ( -0.0000000000000000000, 3.491483361109382100E-015, -1.000000000000000000 ) ) ;
#932 = CIRCLE ( 'NONE', #854, 0.02000000000000000000 ) ;
#933 = LINE ( 'NONE', #522, #538 ) ;
#934 = DIRECTION ( 'NONE',  ( 0.0000000000000000000, 1.000000000000000000, -3.491483361109382100E-015 ) ) ;
#935 = DIRECTION ( 'NONE',  ( 0.0000000000000000000, -3.491483361109382100E-015, -1.000000000000000000 ) ) ;
#936 = CARTESIAN_POINT ( 'NONE',  ( 3.602935169780758100E-018, -0.1099999999999999600, 0.2340000000000002900 ) ) ;
#937 = AXIS2_PLACEMENT_3D ( 'NONE', #936, #935, #934 ) ;
#938 = PLANE ( 'NONE',  #937 ) ;
#939 = FACE_OUTER_BOUND ( 'NONE', #2545, .T. ) ;
#940 = DIRECTION ( 'NONE',  ( 1.000000000000000000, 0.0000000000000000000, 0.0000000000000000000 ) ) ;
#941 = DIRECTION ( 'NONE',  ( 0.0000000000000000000, 0.0000000000000000000, 1.000000000000000000 ) ) ;
#942 = CARTESIAN_POINT ( 'NONE',  ( -0.1095000000000000000, 0.2879999999999999800, 0.0000000000000000000 ) ) ;
#943 = AXIS2_PLACEMENT_3D ( 'NONE', #942, #941, #940 ) ;
#944 = CIRCLE ( 'NONE', #943, 0.01799999999999998500 ) ;
#945 = DIRECTION ( 'NONE',  ( -0.0000000000000000000, -0.0000000000000000000, -1.000000000000000000 ) ) ;
#946 = VECTOR ( 'NONE', #945, 39.37007874015748100 ) ;
#947 = CARTESIAN_POINT ( 'NONE',  ( -0.09473356360342004300, 0.3421844290931053700, 0.2140000000000000000 ) ) ;
#948 = LINE ( 'NONE', #947, #946 ) ;
#949 = DIRECTION ( 'NONE',  ( -0.3247186046530888800, 0.6281383826770590200, 0.7071067811865472400 ) ) ;
#950 = VECTOR ( 'NONE', #949, 39.37007874015748100 ) ;
#951 = CARTESIAN_POINT ( 'NONE',  ( -0.09473356360342004300, 0.3421844290931053700, -3.636854597005360500E-017 ) ) ;
#952 = LINE ( 'NONE', #951, #950 ) ;
#953 = CARTESIAN_POINT ( 'NONE',  ( 3.602935169780758100E-018, -0.1100000000000000300, -0.03200000000000030600 ) ) ;
#954 = AXIS2_PLACEMENT_3D ( 'NONE', #953, #909, #908 ) ;
#955 = CIRCLE ( 'NONE', #954, 0.03000000000000002300 ) ;
#956 = CARTESIAN_POINT ( 'NONE',  ( -0.02999999999999997800, -0.01999999999999992400, 0.1940000000000000100 ) ) ;
#957 = DIRECTION ( 'NONE',  ( 5.432652260127795900E-016, 1.000000000000000000, 3.491483361109382100E-015 ) ) ;
#958 = VECTOR ( 'NONE', #957, 39.37007874015748100 ) ;
#959 = CARTESIAN_POINT ( 'NONE',  ( -0.02999999999999997100, -3.032960542342103800E-032, -0.03199999999999992400 ) ) ;
#960 = LINE ( 'NONE', #959, #958 ) ;
#961 = DIRECTION ( 'NONE',  ( 1.000000000000000000, -0.0000000000000000000, -2.134256245050206400E-016 ) ) ;
#962 = AXIS2_PLACEMENT_3D ( 'NONE', #920, #961, #968 ) ;
#963 = CIRCLE ( 'NONE', #962, 0.04000000000000000100 ) ;
#964 = FACE_OUTER_BOUND ( 'NONE', #2542, .T. ) ;
#965 = DIRECTION ( 'NONE',  ( -2.134256245050205700E-016, 3.521522804332839000E-015, -1.000000000000000000 ) ) ;
#966 = DIRECTION ( 'NONE',  ( 1.000000000000000000, -0.0000000000000000000, -2.134256245050206400E-016 ) ) ;
#967 = CYLINDRICAL_SURFACE ( 'NONE', #923, 0.04000000000000000100 ) ;
#968 = DIRECTION ( 'NONE',  ( -2.134256245050205700E-016, 0.0000000000000000000, -1.000000000000000000 ) ) ;
#969 = PLANE ( 'NONE',  #927 ) ;
#970 = CARTESIAN_POINT ( 'NONE',  ( 0.02999999999999999900, -0.1099999999999999600, -0.05200000000000031000 ) ) ;
#971 = DIRECTION ( 'NONE',  ( 0.0000000000000000000, -3.491483361109382900E-015, 1.000000000000000000 ) ) ;
#972 = VECTOR ( 'NONE', #921, 39.37007874015748100 ) ;
#973 = CARTESIAN_POINT ( 'NONE',  ( -0.03000000000000000900, -0.1099999999999999600, 0.2340000000000002900 ) ) ;
#974 = LINE ( 'NONE', #973, #972 ) ;
#975 = PLANE ( 'NONE',  #980 ) ;
#976 = FACE_OUTER_BOUND ( 'NONE', #2775, .T. ) ;
#977 = DIRECTION ( 'NONE',  ( -0.3907311284892787700, 0.9205048534524382700, 0.0000000000000000000 ) ) ;
#978 = DIRECTION ( 'NONE',  ( 0.9205048534524382700, 0.3907311284892787700, -0.0000000000000000000 ) ) ;
#979 = CARTESIAN_POINT ( 'NONE',  ( 0.1214227184053597600, 0.06258290078201750300, 0.2140000000000000000 ) ) ;
#980 = AXIS2_PLACEMENT_3D ( 'NONE', #979, #978, #977 ) ;
#981 = VECTOR ( 'NONE', #991, 39.37007874015748100 ) ;
#982 = CARTESIAN_POINT ( 'NONE',  ( -0.1124999999999999900, 0.3330000000000000200, 0.1820000000000000200 ) ) ;
#983 = LINE ( 'NONE', #982, #981 ) ;
#984 = DIRECTION ( 'NONE',  ( -0.0000000000000000000, -0.0000000000000000000, -1.000000000000000000 ) ) ;
#985 = VECTOR ( 'NONE', #984, 39.37007874015748100 ) ;
#986 = DIRECTION ( 'NONE',  ( -0.8883218198289977200, -0.4592214546552652600, 0.0000000000000000000 ) ) ;
#987 = CARTESIAN_POINT ( 'NONE',  ( -0.09351020724307804200, 0.2962659861837947400, 0.2140000000000000000 ) ) ;
#988 = AXIS2_PLACEMENT_3D ( 'NONE', #987, #986, #524 ) ;
#989 = PLANE ( 'NONE',  #988 ) ;
#990 = FACE_OUTER_BOUND ( 'NONE', #2458, .T. ) ;
#991 = DIRECTION ( 'NONE',  ( 0.8883218198289973800, 0.4592214546552653700, 0.0000000000000000000 ) ) ;
#992 = CARTESIAN_POINT ( 'NONE',  ( 0.09409861384605758300, 0.2786834929003864100, 0.2140000000000000000 ) ) ;
#993 = LINE ( 'NONE', #992, #985 ) ;
#994 = DIRECTION ( 'NONE',  ( -0.0000000000000000000, -0.0000000000000000000, -1.000000000000000000 ) ) ;
#995 = VECTOR ( 'NONE', #994, 39.37007874015748100 ) ;
#996 = CARTESIAN_POINT ( 'NONE',  ( 0.09027308442584805500, 0.1359668396871929800, 0.2140000000000000000 ) ) ;
#997 = LINE ( 'NONE', #996, #995 ) ;
#998 = CYLINDRICAL_SURFACE ( 'NONE', #1008, 0.01799999999999998500 ) ;
#999 = FACE_OUTER_BOUND ( 'NONE', #2463, .T. ) ;
#1000 = DIRECTION ( 'NONE',  ( -0.0000000000000000000, -0.0000000000000000000, -1.000000000000000000 ) ) ;
#1001 = CARTESIAN_POINT ( 'NONE',  ( -0.1068421717879919400, 0.1429999999999999900, 0.2140000000000000000 ) ) ;
#1002 = FACE_OUTER_BOUND ( 'NONE', #2613, .T. ) ;
#1003 = DIRECTION ( 'NONE',  ( -0.0000000000000000000, -0.0000000000000000000, -1.000000000000000000 ) ) ;
#1004 = VECTOR ( 'NONE', #1003, 39.37007874015748100 ) ;
#1005 = CARTESIAN_POINT ( 'NONE',  ( -0.1214227184053597300, 0.06258290078201750300, 0.2140000000000000000 ) ) ;
#1006 = LINE ( 'NONE', #1005, #1004 ) ;
#1007 = VECTOR ( 'NONE', #1009, 39.37007874015748100 ) ;
#1008 = AXIS2_PLACEMENT_3D ( 'NONE', #1001, #1000, #1012 ) ;
#1009 = DIRECTION ( 'NONE',  ( -0.0000000000000000000, -0.0000000000000000000, -1.000000000000000000 ) ) ;
#1010 = CARTESIAN_POINT ( 'NONE',  ( -0.09027308442584806900, 0.1359668396871929800, 0.2140000000000000000 ) ) ;
#1011 = LINE ( 'NONE', #1010, #1007 ) ;
#1012 = DIRECTION ( 'NONE',  ( -1.000000000000000000, 0.0000000000000000000, 0.0000000000000000000 ) ) ;
#1013 = CARTESIAN_POINT ( 'NONE',  ( -0.09565756034705476300, 0.3004198439746333900, 0.2186760731281353300 ) ) ;
#1014 = LINE ( 'NONE', #1013, #1017 ) ;
#1015 = FACE_OUTER_BOUND ( 'NONE', #2649, .T. ) ;
#1016 = DIRECTION ( 'NONE',  ( -0.3247186046530891000, 0.6281383826770594600, -0.7071067811865466800 ) ) ;
#1017 = VECTOR ( 'NONE', #1016, 39.37007874015748900 ) ;
#1018 = DIRECTION ( 'NONE',  ( -1.000000000000000000, 0.0000000000000000000, 0.0000000000000000000 ) ) ;
#1019 = DIRECTION ( 'NONE',  ( 0.0000000000000000000, 0.0000000000000000000, 1.000000000000000000 ) ) ;
#1020 = CIRCLE ( 'NONE', #1022, 0.1499999999999999900 ) ;
#1021 = CARTESIAN_POINT ( 'NONE',  ( -0.1942105432058992800, 0.2140501584072958000, 0.0000000000000000000 ) ) ;
#1022 = AXIS2_PLACEMENT_3D ( 'NONE', #1021, #1019, #1018 ) ;
#1023 = LINE ( 'NONE', #1059, #1029 ) ;
#1024 = VECTOR ( 'NONE', #1079, 39.37007874015748100 ) ;
#1025 = DIRECTION ( 'NONE',  ( 1.000000000000000000, -0.0000000000000000000, -0.0000000000000000000 ) ) ;
#1026 = VECTOR ( 'NONE', #1025, 39.37007874015748100 ) ;
#1027 = CARTESIAN_POINT ( 'NONE',  ( -0.2070000000000000200, 0.2059999999999999900, 0.1000000000000000100 ) ) ;
#1028 = LINE ( 'NONE', #1027, #1026 ) ;
#1029 = VECTOR ( 'NONE', #1066, 39.37007874015748100 ) ;
#1030 = DIRECTION ( 'NONE',  ( -0.0000000000000000000, -0.0000000000000000000, -1.000000000000000000 ) ) ;
#1031 = VECTOR ( 'NONE', #1030, 39.37007874015748100 ) ;
#1032 = CARTESIAN_POINT ( 'NONE',  ( 0.07574377084649808200, 0.3054504152768999800, 0.2140000000000000000 ) ) ;
#1033 = LINE ( 'NONE', #1032, #1031 ) ;
#1034 = DIRECTION ( 'NONE',  ( -0.0000000000000000000, -0.0000000000000000000, -1.000000000000000000 ) ) ;
#1035 = CARTESIAN_POINT ( 'NONE',  ( -0.08000000000000000200, 0.04499999999999997100, 0.2140000000000000000 ) ) ;
#1036 = FACE_OUTER_BOUND ( 'NONE', #2658, .T. ) ;
#1037 = DIRECTION ( 'NONE',  ( -1.000000000000000000, 0.0000000000000000000, 0.0000000000000000000 ) ) ;
#1038 = DIRECTION ( 'NONE',  ( -0.0000000000000000000, -0.0000000000000000000, -1.000000000000000000 ) ) ;
#1039 = AXIS2_PLACEMENT_3D ( 'NONE', #1062, #1038, #1037 ) ;
#1040 = DIRECTION ( 'NONE',  ( -0.0000000000000000000, -0.0000000000000000000, -1.000000000000000000 ) ) ;
#1041 = CARTESIAN_POINT ( 'NONE',  ( 0.1214227184053597600, 0.06258290078201750300, 0.2140000000000000000 ) ) ;
#1042 = LINE ( 'NONE', #1041, #1064 ) ;
#1043 = DIRECTION ( 'NONE',  ( -1.000000000000000000, 0.0000000000000000000, 0.0000000000000000000 ) ) ;
#1044 = CARTESIAN_POINT ( 'NONE',  ( 0.07574377084649809600, 0.3054504152768999800, 0.0000000000000000000 ) ) ;
#1045 = DIRECTION ( 'NONE',  ( -0.4592214546552653200, -0.8883218198289976100, 0.0000000000000000000 ) ) ;
#1046 = VECTOR ( 'NONE', #1045, 39.37007874015748900 ) ;
#1047 = CARTESIAN_POINT ( 'NONE',  ( 0.07574377084649809600, 0.3054504152769000300, 0.0000000000000000000 ) ) ;
#1048 = LINE ( 'NONE', #1047, #1046 ) ;
#1049 = CARTESIAN_POINT ( 'NONE',  ( -0.1070000000000000000, 0.2059999999999999900, 0.09000000000000001100 ) ) ;
#1050 = CARTESIAN_POINT ( 'NONE',  ( -0.1070000000000000000, 0.2059999999999999900, 0.1000000000000000100 ) ) ;
#1051 = CARTESIAN_POINT ( 'NONE',  ( 0.09473356360342004300, 0.3421844290931053700, 0.1819999999999999700 ) ) ;
#1052 = DIRECTION ( 'NONE',  ( -1.000000000000000000, 0.0000000000000000000, 0.0000000000000000000 ) ) ;
#1053 = DIRECTION ( 'NONE',  ( -0.0000000000000000000, -0.0000000000000000000, -1.000000000000000000 ) ) ;
#1054 = CARTESIAN_POINT ( 'NONE',  ( 0.08000000000000000200, 0.04499999999999999800, 0.2140000000000000000 ) ) ;
#1055 = AXIS2_PLACEMENT_3D ( 'NONE', #1054, #1053, #1052 ) ;
#1056 = AXIS2_PLACEMENT_3D ( 'NONE', #1035, #1034, #1043 ) ;
#1057 = CYLINDRICAL_SURFACE ( 'NONE', #1056, 0.04499999999999999800 ) ;
#1058 = CYLINDRICAL_SURFACE ( 'NONE', #1055, 0.04500000000000001200 ) ;
#1059 = CARTESIAN_POINT ( 'NONE',  ( 0.09027308442584804100, 0.1359668396871930000, -0.03200000000000000100 ) ) ;
#1060 = CARTESIAN_POINT ( 'NONE',  ( 0.07666584563089051700, 0.3072340844460699200, 0.0000000000000000000 ) ) ;
#1061 = CARTESIAN_POINT ( 'NONE',  ( 0.09780491345103146900, 0.3045737017654720500, 0.2140000000000000000 ) ) ;
#1062 = CARTESIAN_POINT ( 'NONE',  ( 0.006866028718676143500, 0.2176086130251418400, 0.2140000000000000000 ) ) ;
#1063 = FACE_OUTER_BOUND ( 'NONE', #2647, .T. ) ;
#1064 = VECTOR ( 'NONE', #1040, 39.37007874015748100 ) ;
#1065 = CYLINDRICAL_SURFACE ( 'NONE', #1039, 0.1179999999999999900 ) ;
#1066 = DIRECTION ( 'NONE',  ( 0.0000000000000000000, 0.0000000000000000000, 1.000000000000000000 ) ) ;
#1067 = CARTESIAN_POINT ( 'NONE',  ( -0.1097478516244005100, 0.1967546542552451300, 0.1314336037697083300 ) ) ;
#1068 = CARTESIAN_POINT ( 'NONE',  ( -0.1111339712813238800, 0.2071355673818750800, 0.1193892662068833900 ) ) ;
#1069 = PLANE ( 'NONE',  #1074 ) ;
#1070 = ORIENTED_EDGE ( 'NONE', *, *, #3265, .F. ) ;
#1071 = AXIS2_PLACEMENT_3D ( 'NONE', #1091, #1092, #1078 ) ;
#1072 = ORIENTED_EDGE ( 'NONE', *, *, #2312, .T. ) ;
#1073 = CYLINDRICAL_SURFACE ( 'NONE', #1071, 0.03799999999999997800 ) ;
#1074 = AXIS2_PLACEMENT_3D ( 'NONE', #1082, #1080, #1081 ) ;
#1075 = DIRECTION ( 'NONE',  ( 0.0000000000000000000, -3.491483361109382900E-015, 1.000000000000000000 ) ) ;
#1076 = AXIS2_PLACEMENT_3D ( 'NONE', #1085, #1084, #1083 ) ;
#1077 = VECTOR ( 'NONE', #1088, 39.37007874015748900 ) ;
#1078 = DIRECTION ( 'NONE',  ( -1.000000000000000000, 0.0000000000000000000, 0.0000000000000000000 ) ) ;
#1079 = DIRECTION ( 'NONE',  ( 1.000000000000000000, -0.0000000000000000000, -0.0000000000000000000 ) ) ;
#1080 = DIRECTION ( 'NONE',  ( 0.0000000000000000000, -0.7574764072846703600, -0.6528625371447717200 ) ) ;
#1081 = DIRECTION ( 'NONE',  ( 0.0000000000000000000, 0.6528625371447716000, -0.7574764072846702500 ) ) ;
#1082 = CARTESIAN_POINT ( 'NONE',  ( -0.2070000000000000200, 0.1841999999999999700, 0.1460000000000000200 ) ) ;
#1083 = DIRECTION ( 'NONE',  ( 1.000000000000000000, 0.0000000000000000000, 0.0000000000000000000 ) ) ;
#1084 = DIRECTION ( 'NONE',  ( 0.0000000000000000000, 0.0000000000000000000, 1.000000000000000000 ) ) ;
#1085 = CARTESIAN_POINT ( 'NONE',  ( -0.1068421717879919400, 0.1429999999999999900, 0.2140000000000000000 ) ) ;
#1086 = CARTESIAN_POINT ( 'NONE',  ( -0.1070000000000000000, 0.1866485176790738700, 0.1431591349339339000 ) ) ;
#1087 = CARTESIAN_POINT ( 'NONE',  ( -0.1111339712813238500, 0.2176086130251418400, 0.1072380329290718000 ) ) ;
#1088 = DIRECTION ( 'NONE',  ( -0.9205048534524382700, 0.3907311284892787700, 0.0000000000000000000 ) ) ;
#1089 = CARTESIAN_POINT ( 'NONE',  ( -0.07186298735679931500, 0.1281522171174074000, 0.2140000000000000000 ) ) ;
#1090 = LINE ( 'NONE', #1089, #1077 ) ;
#1091 = CARTESIAN_POINT ( 'NONE',  ( -0.1095000000000000000, 0.2879999999999999800, 0.2140000000000000000 ) ) ;
#1092 = DIRECTION ( 'NONE',  ( -0.0000000000000000000, -0.0000000000000000000, -1.000000000000000000 ) ) ;
#1093 = VECTOR ( 'NONE', #1139, 39.37007874015748100 ) ;
#1094 = CARTESIAN_POINT ( 'NONE',  ( 0.07507076282289353000, 0.1638465242276131700, 0.2140000000000000000 ) ) ;
#1095 = LINE ( 'NONE', #1094, #1093 ) ;
#1096 = DIRECTION ( 'NONE',  ( -1.000000000000000000, 0.0000000000000000000, 0.0000000000000000000 ) ) ;
#1097 = DIRECTION ( 'NONE',  ( -0.0000000000000000000, 0.0000000000000000000, -1.000000000000000000 ) ) ;
#1098 = DIRECTION ( 'NONE',  ( -0.8883218198289976100, 0.4592214546552654800, 0.0000000000000000000 ) ) ;
#1099 = DIRECTION ( 'NONE',  ( 0.4592214546552654800, 0.8883218198289976100, -0.0000000000000000000 ) ) ;
#1100 = CARTESIAN_POINT ( 'NONE',  ( 0.09473356360342004300, 0.3421844290931053700, 0.2140000000000000000 ) ) ;
#1101 = DIRECTION ( 'NONE',  ( 0.4592214546552652000, 0.8883218198289976100, 0.0000000000000000000 ) ) ;
#1102 = DIRECTION ( 'NONE',  ( 0.8883218198289977200, -0.4592214546552652600, 0.0000000000000000000 ) ) ;
#1103 = CARTESIAN_POINT ( 'NONE',  ( 0.09351020724307804200, 0.2962659861837947400, 0.2140000000000000000 ) ) ;
#1104 = AXIS2_PLACEMENT_3D ( 'NONE', #1103, #1102, #1101 ) ;
#1105 = FACE_OUTER_BOUND ( 'NONE', #2682, .T. ) ;
#1106 = PLANE ( 'NONE',  #1104 ) ;
#1107 = FACE_OUTER_BOUND ( 'NONE', #2778, .T. ) ;
#1108 = DIRECTION ( 'NONE',  ( -0.3907311284892787100, 0.9205048534524382700, 0.0000000000000000000 ) ) ;
#1109 = DIRECTION ( 'NONE',  ( 0.9205048534524382700, 0.3907311284892787100, -0.0000000000000000000 ) ) ;
#1110 = CARTESIAN_POINT ( 'NONE',  ( 0.1030126213363109900, 0.05476827821223193700, 0.2140000000000000000 ) ) ;
#1111 = CARTESIAN_POINT ( 'NONE',  ( 0.1095000000000000000, 0.2879999999999999800, 0.2140000000000000000 ) ) ;
#1112 = CARTESIAN_POINT ( 'NONE',  ( 0.07574377084649809600, 0.3054504152769000300, 0.2140000000000000000 ) ) ;
#1113 = LINE ( 'NONE', #1112, #1149 ) ;
#1114 = DIRECTION ( 'NONE',  ( -1.000000000000000000, 0.0000000000000000000, 0.0000000000000000000 ) ) ;
#1115 = AXIS2_PLACEMENT_3D ( 'NONE', #1118, #1117, #1114 ) ;
#1116 = FACE_OUTER_BOUND ( 'NONE', #2688, .T. ) ;
#1117 = DIRECTION ( 'NONE',  ( -0.0000000000000000000, -0.0000000000000000000, -1.000000000000000000 ) ) ;
#1118 = CARTESIAN_POINT ( 'NONE',  ( 0.1095000000000000000, 0.2879999999999999800, 0.2140000000000000000 ) ) ;
#1119 = CYLINDRICAL_SURFACE ( 'NONE', #1115, 0.01799999999999998500 ) ;
#1120 = FACE_OUTER_BOUND ( 'NONE', #2743, .T. ) ;
#1121 = CARTESIAN_POINT ( 'NONE',  ( 0.09473356360342004300, 0.3421844290931053700, -2.561107494060255100E-017 ) ) ;
#1122 = ADVANCED_FACE ( 'NONE', ( #402 ), #418, .F. ) ;
#1123 = DIRECTION ( 'NONE',  ( -1.000000000000000000, 0.0000000000000000000, 0.0000000000000000000 ) ) ;
#1124 = AXIS2_PLACEMENT_3D ( 'NONE', #1100, #1099, #1098 ) ;
#1125 = PLANE ( 'NONE',  #1124 ) ;
#1126 = FACE_OUTER_BOUND ( 'NONE', #2705, .T. ) ;
#1127 = DIRECTION ( 'NONE',  ( 0.0000000000000000000, 0.0000000000000000000, -1.000000000000000000 ) ) ;
#1128 = VECTOR ( 'NONE', #1127, 39.37007874015748100 ) ;
#1129 = CARTESIAN_POINT ( 'NONE',  ( -0.1070000000000000000, 0.2059999999999999900, 0.1000000000000000100 ) ) ;
#1130 = DIRECTION ( 'NONE',  ( 0.3247186046530888300, 0.6281383826770589000, -0.7071067811865473500 ) ) ;
#1131 = DIRECTION ( 'NONE',  ( -0.4592214546552652000, -0.8883218198289976100, -0.0000000000000000000 ) ) ;
#1132 = VECTOR ( 'NONE', #1131, 39.37007874015748900 ) ;
#1133 = CARTESIAN_POINT ( 'NONE',  ( 0.09351020724307804200, 0.2962659861837947400, 0.2140000000000000000 ) ) ;
#1134 = LINE ( 'NONE', #1133, #1132 ) ;
#1135 = DIRECTION ( 'NONE',  ( 0.0000000000000000000, 0.0000000000000000000, 1.000000000000000000 ) ) ;
#1136 = VECTOR ( 'NONE', #1135, 39.37007874015748100 ) ;
#1137 = CARTESIAN_POINT ( 'NONE',  ( 0.09351020724307804200, 0.2962659861837947400, -0.03200000000000000100 ) ) ;
#1138 = LINE ( 'NONE', #1137, #1136 ) ;
#1139 = DIRECTION ( 'NONE',  ( -0.0000000000000000000, -0.0000000000000000000, -1.000000000000000000 ) ) ;
#1140 = VECTOR ( 'NONE', #1130, 39.37007874015748100 ) ;
#1141 = CARTESIAN_POINT ( 'NONE',  ( 0.09473356360342004300, 0.3421844290931053700, 0.1819999999999999700 ) ) ;
#1142 = DIRECTION ( 'NONE',  ( -0.0000000000000000000, -0.0000000000000000000, -1.000000000000000000 ) ) ;
#1143 = CARTESIAN_POINT ( 'NONE',  ( 0.1068421717879919400, 0.1429999999999999900, 0.0000000000000000000 ) ) ;
#1144 = AXIS2_PLACEMENT_3D ( 'NONE', #1143, #1159, #1158 ) ;
#1145 = CIRCLE ( 'NONE', #1144, 0.03799999999999997800 ) ;
#1146 = FACE_OUTER_BOUND ( 'NONE', #2762, .T. ) ;
#1147 = LINE ( 'NONE', #1129, #1128 ) ;
#1148 = DIRECTION ( 'NONE',  ( -0.4592214546552653200, -0.8883218198289976100, 0.0000000000000000000 ) ) ;
#1149 = VECTOR ( 'NONE', #1148, 39.37007874015748900 ) ;
#1150 = EDGE_LOOP ( 'NONE', ( #1169, #1767, #1683, #1770 ) ) ;
#1151 = LINE ( 'NONE', #1141, #1140 ) ;
#1152 = FACE_OUTER_BOUND ( 'NONE', #2776, .T. ) ;
#1153 = AXIS2_PLACEMENT_3D ( 'NONE', #1111, #1142, #1123 ) ;
#1154 = CYLINDRICAL_SURFACE ( 'NONE', #1153, 0.03799999999999997800 ) ;
#1155 = AXIS2_PLACEMENT_3D ( 'NONE', #1110, #1109, #1108 ) ;
#1156 = CARTESIAN_POINT ( 'NONE',  ( 0.1124999999999999800, 0.3330000000000000200, -1.451294246634139900E-016 ) ) ;
#1157 = PLANE ( 'NONE',  #1155 ) ;
#1158 = DIRECTION ( 'NONE',  ( 1.000000000000000000, 0.0000000000000000000, 0.0000000000000000000 ) ) ;
#1159 = DIRECTION ( 'NONE',  ( 0.0000000000000000000, 0.0000000000000000000, 1.000000000000000000 ) ) ;
#1160 = PLANE ( 'NONE',  #1162 ) ;
#1161 = CARTESIAN_POINT ( 'NONE',  ( -0.2070000000000000200, 0.2540000000000000000, 0.09000000000000001100 ) ) ;
#1162 = AXIS2_PLACEMENT_3D ( 'NONE', #1161, #1097, #1096 ) ;
#1163 = CARTESIAN_POINT ( 'NONE',  ( 0.08003847705445153700, 0.3137581308585773400, 0.2140000000000000000 ) ) ;
#1164 = DIRECTION ( 'NONE',  ( -0.3247186046530893300, -0.6281383826770597900, -0.7071067811865462400 ) ) ;
#1165 = LINE ( 'NONE', #1199, #1209 ) ;
#1166 = CYLINDRICAL_SURFACE ( 'NONE', #1205, 0.1499999999999999900 ) ;
#1167 = LINE ( 'NONE', #1193, #1192 ) ;
#1168 = VECTOR ( 'NONE', #1164, 39.37007874015748900 ) ;
#1169 = ORIENTED_EDGE ( 'NONE', *, *, #2312, .F. ) ;
#1170 = CYLINDRICAL_SURFACE ( 'NONE', #1182, 0.09799999999999999000 ) ;
#1171 = CARTESIAN_POINT ( 'NONE',  ( -0.08000000000000000200, 0.0000000000000000000, -0.01200000000000000200 ) ) ;
#1172 = DIRECTION ( 'NONE',  ( -0.0000000000000000000, -0.0000000000000000000, -1.000000000000000000 ) ) ;
#1173 = VECTOR ( 'NONE', #1172, 39.37007874015748100 ) ;
#1174 = CARTESIAN_POINT ( 'NONE',  ( 0.1124999999999999900, 0.3330000000000000200, 0.2140000000000000000 ) ) ;
#1175 = LINE ( 'NONE', #1174, #1173 ) ;
#1176 = DIRECTION ( 'NONE',  ( 1.000000000000000000, -0.0000000000000000000, -0.0000000000000000000 ) ) ;
#1177 = VECTOR ( 'NONE', #1176, 39.37007874015748100 ) ;
#1178 = CARTESIAN_POINT ( 'NONE',  ( -0.2070000000000000200, 0.2059999999999999900, 0.09000000000000001100 ) ) ;
#1179 = LINE ( 'NONE', #1178, #1177 ) ;
#1180 = DIRECTION ( 'NONE',  ( -0.0000000000000000000, -0.0000000000000000000, -1.000000000000000000 ) ) ;
#1181 = CARTESIAN_POINT ( 'NONE',  ( -0.006866028718676143500, 0.2176086130251418400, 0.2140000000000000000 ) ) ;
#1182 = AXIS2_PLACEMENT_3D ( 'NONE', #1181, #1196, #1195 ) ;
#1183 = LINE ( 'NONE', #1208, #1168 ) ;
#1184 = DIRECTION ( 'NONE',  ( 1.000000000000000000, 0.0000000000000000000, 0.0000000000000000000 ) ) ;
#1185 = AXIS2_PLACEMENT_3D ( 'NONE', #1194, #1197, #1184 ) ;
#1186 = CYLINDRICAL_SURFACE ( 'NONE', #1185, 0.1499999999999999900 ) ;
#1187 = CARTESIAN_POINT ( 'NONE',  ( 0.1124999999999999900, 0.3330000000000000200, 0.1819999999999999400 ) ) ;
#1188 = CARTESIAN_POINT ( 'NONE',  ( 0.07278209898064258400, 0.1259869258239201000, 0.0000000000000000000 ) ) ;
#1189 = DIRECTION ( 'NONE',  ( 0.3907311284892786600, -0.9205048534524382700, 0.0000000000000000000 ) ) ;
#1190 = VECTOR ( 'NONE', #1189, 39.37007874015748900 ) ;
#1191 = CARTESIAN_POINT ( 'NONE',  ( 0.1030126213363109900, 0.05476827821223193700, 0.0000000000000000000 ) ) ;
#1192 = VECTOR ( 'NONE', #1180, 39.37007874015748100 ) ;
#1193 = CARTESIAN_POINT ( 'NONE',  ( 0.1030126213363109800, 0.05476827821223195100, 0.2140000000000000000 ) ) ;
#1194 = CARTESIAN_POINT ( 'NONE',  ( -0.1942105432058992800, 0.2140501584072958000, -0.03200000000000000100 ) ) ;
#1195 = DIRECTION ( 'NONE',  ( -1.000000000000000000, 0.0000000000000000000, 0.0000000000000000000 ) ) ;
#1196 = DIRECTION ( 'NONE',  ( -0.0000000000000000000, -0.0000000000000000000, -1.000000000000000000 ) ) ;
#1197 = DIRECTION ( 'NONE',  ( 0.0000000000000000000, 0.0000000000000000000, 1.000000000000000000 ) ) ;
#1198 = FACE_OUTER_BOUND ( 'NONE', #2749, .T. ) ;
#1199 = CARTESIAN_POINT ( 'NONE',  ( 0.1521417992696523800, 0.4096834278136001800, 0.08632392687186418700 ) ) ;
#1200 = LINE ( 'NONE', #1191, #1190 ) ;
#1201 = FACE_OUTER_BOUND ( 'NONE', #2742, .T. ) ;
#1202 = FACE_OUTER_BOUND ( 'NONE', #2934, .T. ) ;
#1203 = DIRECTION ( 'NONE',  ( 0.3247186046530892200, 0.6281383826770597900, 0.7071067811865462400 ) ) ;
#1204 = CARTESIAN_POINT ( 'NONE',  ( 0.1942105432058992800, 0.2140501584072958000, -0.03200000000000000100 ) ) ;
#1205 = AXIS2_PLACEMENT_3D ( 'NONE', #1204, #1207, #1206 ) ;
#1206 = DIRECTION ( 'NONE',  ( 1.000000000000000000, 0.0000000000000000000, 0.0000000000000000000 ) ) ;
#1207 = DIRECTION ( 'NONE',  ( 0.0000000000000000000, 0.0000000000000000000, 1.000000000000000000 ) ) ;
#1208 = CARTESIAN_POINT ( 'NONE',  ( 0.09473356360342004300, 0.3421844290931053700, -1.024442997624098700E-016 ) ) ;
#1209 = VECTOR ( 'NONE', #1203, 39.37007874015748900 ) ;
#1210 = DIRECTION ( 'NONE',  ( -0.3247186046530887200, -0.6281383826770587900, 0.7071067811865473500 ) ) ;
#1211 = VECTOR ( 'NONE', #1210, 39.37007874015748900 ) ;
#1212 = CARTESIAN_POINT ( 'NONE',  ( 0.09565756034705476300, 0.3004198439746333900, 0.2186760731281353300 ) ) ;
#1213 = LINE ( 'NONE', #1212, #1211 ) ;
#1214 = DIRECTION ( 'NONE',  ( -1.000000000000000000, 0.0000000000000000000, 0.0000000000000000000 ) ) ;
#1215 = DIRECTION ( 'NONE',  ( -0.0000000000000000000, -0.0000000000000000000, -1.000000000000000000 ) ) ;
#1216 = CARTESIAN_POINT ( 'NONE',  ( 0.1068421717879919400, 0.1429999999999999900, 0.2140000000000000000 ) ) ;
#1217 = AXIS2_PLACEMENT_3D ( 'NONE', #1216, #1215, #1214 ) ;
#1218 = CYLINDRICAL_SURFACE ( 'NONE', #1217, 0.01799999999999998500 ) ;
#1219 = CARTESIAN_POINT ( 'NONE',  ( -0.1070000000000000000, 0.2238470126591984300, 0.1000000000000000200 ) ) ;
#1220 = FACE_OUTER_BOUND ( 'NONE', #2722, .T. ) ;
#1222 = ORIENTED_EDGE ( 'NONE', *, *, #3005, .T. ) ;
#1221 = DIRECTION ( 'NONE',  ( 1.000000000000000000, -0.0000000000000000000, -0.0000000000000000000 ) ) ;
#1223 = VECTOR ( 'NONE', #1221, 39.37007874015748100 ) ;
#1224 = CARTESIAN_POINT ( 'NONE',  ( -0.2070000000000000200, 0.2238470126591984300, 0.1000000000000000200 ) ) ;
#1225 = LINE ( 'NONE', #1224, #1223 ) ;
#1226 = DIRECTION ( 'NONE',  ( 0.0000000000000000000, -1.000000000000000000, -9.566895192177494100E-016 ) ) ;
#1227 = VECTOR ( 'NONE', #1226, 39.37007874015748100 ) ;
#1228 = CARTESIAN_POINT ( 'NONE',  ( -0.1070000000000000000, 0.2238470126591984300, 0.1000000000000000200 ) ) ;
#1229 = LINE ( 'NONE', #1228, #1227 ) ;
#1230 = DIRECTION ( 'NONE',  ( -1.000000000000000000, 0.0000000000000000000, 0.0000000000000000000 ) ) ;
#1231 = DIRECTION ( 'NONE',  ( -0.0000000000000000000, -0.0000000000000000000, -1.000000000000000000 ) ) ;
#1232 = CARTESIAN_POINT ( 'NONE',  ( 0.006866028718676143500, 0.2176086130251418400, 0.2140000000000000000 ) ) ;
#1233 = AXIS2_PLACEMENT_3D ( 'NONE', #1232, #1231, #1230 ) ;
#1234 = CYLINDRICAL_SURFACE ( 'NONE', #1233, 0.09799999999999999000 ) ;
#1235 = DIRECTION ( 'NONE',  ( 0.0000000000000000000, -1.000000000000000000, -9.566895192177494100E-016 ) ) ;
#1236 = DIRECTION ( 'NONE',  ( 0.0000000000000000000, -9.566895192177494100E-016, 1.000000000000000000 ) ) ;
#1237 = CARTESIAN_POINT ( 'NONE',  ( -0.2070000000000000200, 0.2238470126591984300, 0.1000000000000000200 ) ) ;
#1238 = FACE_OUTER_BOUND ( 'NONE', #2673, .T. ) ;
#1239 = AXIS2_PLACEMENT_3D ( 'NONE', #1237, #1236, #1235 ) ;
#1240 = PLANE ( 'NONE',  #1239 ) ;
#1241 = FACE_OUTER_BOUND ( 'NONE', #2773, .T. ) ;
#1242 = DIRECTION ( 'NONE',  ( -0.8883218198289973800, 0.4592214546552653700, 0.0000000000000000000 ) ) ;
#1243 = VECTOR ( 'NONE', #1242, 39.37007874015748100 ) ;
#1244 = CARTESIAN_POINT ( 'NONE',  ( 0.09473356360342004300, 0.3421844290931053700, -1.024442997624099300E-016 ) ) ;
#1245 = CARTESIAN_POINT ( 'NONE',  ( 0.1068421717879919400, 0.1429999999999999900, 0.2140000000000000000 ) ) ;
#1246 = AXIS2_PLACEMENT_3D ( 'NONE', #1245, #1247, #1306 ) ;
#1247 = DIRECTION ( 'NONE',  ( -0.0000000000000000000, -0.0000000000000000000, -1.000000000000000000 ) ) ;
#1248 = CYLINDRICAL_SURFACE ( 'NONE', #1246, 0.03799999999999998500 ) ;
#1249 = FACE_OUTER_BOUND ( 'NONE', #2815, .T. ) ;
#1250 = DIRECTION ( 'NONE',  ( 1.000000000000000000, 0.0000000000000000000, 0.0000000000000000000 ) ) ;
#1251 = DIRECTION ( 'NONE',  ( 0.0000000000000000000, 0.0000000000000000000, 1.000000000000000000 ) ) ;
#1252 = CARTESIAN_POINT ( 'NONE',  ( 0.1095000000000000000, 0.2879999999999999800, 0.0000000000000000000 ) ) ;
#1253 = AXIS2_PLACEMENT_3D ( 'NONE', #1252, #1251, #1250 ) ;
#1254 = CIRCLE ( 'NONE', #1253, 0.03799999999999997800 ) ;
#1255 = DIRECTION ( 'NONE',  ( -0.0000000000000000000, 1.000000000000000000, -0.0000000000000000000 ) ) ;
#1256 = VECTOR ( 'NONE', #1255, 39.37007874015748100 ) ;
#1257 = CARTESIAN_POINT ( 'NONE',  ( -0.1070000000000000000, 0.2540000000000000000, 0.09000000000000001100 ) ) ;
#1258 = DIRECTION ( 'NONE',  ( 1.000000000000000000, 0.0000000000000000000, -0.0000000000000000000 ) ) ;
#1259 = DIRECTION ( 'NONE',  ( 0.0000000000000000000, 0.0000000000000000000, 1.000000000000000000 ) ) ;
#1260 = CARTESIAN_POINT ( 'NONE',  ( 0.08000000000000001600, 0.04499999999999999800, 0.0000000000000000000 ) ) ;
#1261 = LINE ( 'NONE', #1257, #1256 ) ;
#1262 = AXIS2_PLACEMENT_3D ( 'NONE', #1260, #1259, #1258 ) ;
#1263 = PLANE ( 'NONE',  #1262 ) ;
#1264 = FACE_OUTER_BOUND ( 'NONE', #2800, .T. ) ;
#1265 = DIRECTION ( 'NONE',  ( -0.0000000000000000000, -0.0000000000000000000, -1.000000000000000000 ) ) ;
#1266 = VECTOR ( 'NONE', #1265, 39.37007874015748100 ) ;
#1267 = CARTESIAN_POINT ( 'NONE',  ( -0.07507076282289351600, 0.1638465242276131700, 0.2140000000000000000 ) ) ;
#1268 = LINE ( 'NONE', #1267, #1266 ) ;
#1269 = DIRECTION ( 'NONE',  ( 1.000000000000000000, 0.0000000000000000000, 0.0000000000000000000 ) ) ;
#1270 = DIRECTION ( 'NONE',  ( 0.0000000000000000000, 0.0000000000000000000, 1.000000000000000000 ) ) ;
#1271 = AXIS2_PLACEMENT_3D ( 'NONE', #1278, #1270, #1269 ) ;
#1272 = CIRCLE ( 'NONE', #1271, 0.1499999999999999900 ) ;
#1273 = DIRECTION ( 'NONE',  ( 0.4592214546552653200, 0.8883218198289976100, 0.0000000000000000000 ) ) ;
#1274 = DIRECTION ( 'NONE',  ( 0.8883218198289976100, -0.4592214546552653200, 0.0000000000000000000 ) ) ;
#1275 = CARTESIAN_POINT ( 'NONE',  ( 0.07574377084649809600, 0.3054504152769000300, 0.2140000000000000000 ) ) ;
#1276 = AXIS2_PLACEMENT_3D ( 'NONE', #1275, #1274, #1273 ) ;
#1277 = PLANE ( 'NONE',  #1276 ) ;
#1278 = CARTESIAN_POINT ( 'NONE',  ( 0.1942105432058992800, 0.2140501584072958000, 0.0000000000000000000 ) ) ;
#1279 = DIRECTION ( 'NONE',  ( -1.000000000000000000, 0.0000000000000000000, 0.0000000000000000000 ) ) ;
#1280 = DIRECTION ( 'NONE',  ( -0.0000000000000000000, -0.0000000000000000000, -1.000000000000000000 ) ) ;
#1281 = CARTESIAN_POINT ( 'NONE',  ( -0.1942105432058992800, 0.2140501584072958000, 0.0000000000000000000 ) ) ;
#1282 = AXIS2_PLACEMENT_3D ( 'NONE', #1281, #1280, #1279 ) ;
#1283 = CIRCLE ( 'NONE', #1282, 0.1300000000000000000 ) ;
#1284 = DIRECTION ( 'NONE',  ( -1.000000000000000000, 0.0000000000000000000, 0.0000000000000000000 ) ) ;
#1285 = DIRECTION ( 'NONE',  ( 0.0000000000000000000, 0.0000000000000000000, 1.000000000000000000 ) ) ;
#1286 = CARTESIAN_POINT ( 'NONE',  ( 0.1068421717879919400, 0.1429999999999999900, 0.2140000000000000000 ) ) ;
#1287 = AXIS2_PLACEMENT_3D ( 'NONE', #1286, #1285, #1284 ) ;
#1288 = CIRCLE ( 'NONE', #1287, 0.01799999999999998500 ) ;
#1289 = DIRECTION ( 'NONE',  ( 1.000000000000000000, 0.0000000000000000000, 0.0000000000000000000 ) ) ;
#1290 = DIRECTION ( 'NONE',  ( 0.0000000000000000000, 0.0000000000000000000, 1.000000000000000000 ) ) ;
#1291 = CARTESIAN_POINT ( 'NONE',  ( 0.1068421717879919400, 0.1429999999999999900, 0.2140000000000000000 ) ) ;
#1292 = AXIS2_PLACEMENT_3D ( 'NONE', #1291, #1290, #1289 ) ;
#1293 = CIRCLE ( 'NONE', #1292, 0.03799999999999997800 ) ;
#1294 = DIRECTION ( 'NONE',  ( 0.3907311284892787700, -0.9205048534524382700, -0.0000000000000000000 ) ) ;
#1295 = VECTOR ( 'NONE', #1294, 39.37007874015748900 ) ;
#1296 = CARTESIAN_POINT ( 'NONE',  ( 0.1214227184053597600, 0.06258290078201750300, 0.2140000000000000000 ) ) ;
#1297 = LINE ( 'NONE', #1296, #1295 ) ;
#1298 = DIRECTION ( 'NONE',  ( 1.000000000000000000, -0.0000000000000000000, -0.0000000000000000000 ) ) ;
#1299 = VECTOR ( 'NONE', #1298, 39.37007874015748100 ) ;
#1300 = CARTESIAN_POINT ( 'NONE',  ( -0.2070000000000000200, 0.1981999999999999900, 0.1460000000000000200 ) ) ;
#1301 = LINE ( 'NONE', #1300, #1299 ) ;
#1302 = DIRECTION ( 'NONE',  ( 0.0000000000000000000, 0.0000000000000000000, 1.000000000000000000 ) ) ;
#1303 = VECTOR ( 'NONE', #1302, 39.37007874015748100 ) ;
#1304 = CARTESIAN_POINT ( 'NONE',  ( 0.07666584563089051700, 0.3072340844460699200, -0.03200000000000000100 ) ) ;
#1305 = LINE ( 'NONE', #1304, #1303 ) ;
#1306 = DIRECTION ( 'NONE',  ( -1.000000000000000000, 0.0000000000000000000, 0.0000000000000000000 ) ) ;
#1307 = LINE ( 'NONE', #1244, #1243 ) ;
#1308 = DIRECTION ( 'NONE',  ( 0.0000000000000000000, 0.0000000000000000000, -1.000000000000000000 ) ) ;
#1309 = DIRECTION ( 'NONE',  ( 0.0000000000000000000, -1.000000000000000000, -0.0000000000000000000 ) ) ;
#1310 = CARTESIAN_POINT ( 'NONE',  ( -0.2070000000000000200, 0.2059999999999999900, 0.1000000000000000100 ) ) ;
#1311 = AXIS2_PLACEMENT_3D ( 'NONE', #1310, #1309, #1308 ) ;
#1312 = PLANE ( 'NONE',  #1311 ) ;
#1313 = DIRECTION ( 'NONE',  ( -1.000000000000000000, 0.0000000000000000000, 0.0000000000000000000 ) ) ;
#1314 = DIRECTION ( 'NONE',  ( -0.0000000000000000000, -0.0000000000000000000, -1.000000000000000000 ) ) ;
#1315 = AXIS2_PLACEMENT_3D ( 'NONE', #1317, #1314, #1313 ) ;
#1316 = FACE_OUTER_BOUND ( 'NONE', #2756, .T. ) ;
#1317 = CARTESIAN_POINT ( 'NONE',  ( -0.006866028718676143500, 0.2176086130251418400, 0.2140000000000000000 ) ) ;
#1318 = CYLINDRICAL_SURFACE ( 'NONE', #1315, 0.1179999999999999900 ) ;
#1319 = FACE_OUTER_BOUND ( 'NONE', #2729, .T. ) ;
#1320 = FACE_OUTER_BOUND ( 'NONE', #2770, .T. ) ;
#1321 = DIRECTION ( 'NONE',  ( -0.8883218198289974900, 0.4592214546552653200, 0.0000000000000000000 ) ) ;
#1322 = VECTOR ( 'NONE', #1321, 39.37007874015748900 ) ;
#1323 = CARTESIAN_POINT ( 'NONE',  ( -0.05902162236500872700, 0.3856457955702281000, 0.2140000000000000000 ) ) ;
#1324 = LINE ( 'NONE', #1323, #1322 ) ;
#1325 = DIRECTION ( 'NONE',  ( -0.0000000000000000000, -0.0000000000000000000, -1.000000000000000000 ) ) ;
#1326 = VECTOR ( 'NONE', #1325, 39.37007874015748100 ) ;
#1327 = CARTESIAN_POINT ( 'NONE',  ( 0.09473356360342004300, 0.3421844290931053700, 0.2140000000000000000 ) ) ;
#1328 = LINE ( 'NONE', #1327, #1326 ) ;
#1329 = DIRECTION ( 'NONE',  ( 0.8883218198289973800, -0.4592214546552653700, 0.0000000000000000000 ) ) ;
#1330 = VECTOR ( 'NONE', #1329, 39.37007874015748100 ) ;
#1331 = CARTESIAN_POINT ( 'NONE',  ( 0.09473356360342004300, 0.3421844290931053700, 0.1819999999999999700 ) ) ;
#1332 = LINE ( 'NONE', #1331, #1330 ) ;
#1333 = DIRECTION ( 'NONE',  ( 1.000000000000000000, 0.0000000000000000000, 0.0000000000000000000 ) ) ;
#1334 = VECTOR ( 'NONE', #1333, 39.37007874015748100 ) ;
#1335 = FACE_OUTER_BOUND ( 'NONE', #2915, .T. ) ;
#1336 = DIRECTION ( 'NONE',  ( -0.3907311284892787100, -0.9205048534524382700, 0.0000000000000000000 ) ) ;
#1337 = DIRECTION ( 'NONE',  ( -0.9205048534524382700, 0.3907311284892787100, 0.0000000000000000000 ) ) ;
#1338 = CARTESIAN_POINT ( 'NONE',  ( -0.1030126213363109900, 0.05476827821223193700, 0.2140000000000000000 ) ) ;
#1339 = AXIS2_PLACEMENT_3D ( 'NONE', #1338, #1337, #1336 ) ;
#1340 = PLANE ( 'NONE',  #1339 ) ;
#1341 = FACE_OUTER_BOUND ( 'NONE', #2906, .T. ) ;
#1342 = DIRECTION ( 'NONE',  ( 0.0000000000000000000, 0.0000000000000000000, 1.000000000000000000 ) ) ;
#1343 = VECTOR ( 'NONE', #1342, 39.37007874015748100 ) ;
#1344 = CARTESIAN_POINT ( 'NONE',  ( 0.07278209898064258400, 0.1259869258239201000, -0.03200000000000000100 ) ) ;
#1345 = LINE ( 'NONE', #1344, #1343 ) ;
#1346 = DIRECTION ( 'NONE',  ( 1.000000000000000000, 0.0000000000000000000, 0.0000000000000000000 ) ) ;
#1347 = DIRECTION ( 'NONE',  ( 0.0000000000000000000, 0.0000000000000000000, 1.000000000000000000 ) ) ;
#1348 = AXIS2_PLACEMENT_3D ( 'NONE', #1349, #1347, #1346 ) ;
#1349 = CARTESIAN_POINT ( 'NONE',  ( -0.1942105432058992800, 0.2140501584072958000, -0.03200000000000000100 ) ) ;
#1350 = CYLINDRICAL_SURFACE ( 'NONE', #1348, 0.1300000000000000000 ) ;
#1351 = FACE_OUTER_BOUND ( 'NONE', #2931, .T. ) ;
#1352 = DIRECTION ( 'NONE',  ( 1.000000000000000000, 0.0000000000000000000, -0.0000000000000000000 ) ) ;
#1353 = DIRECTION ( 'NONE',  ( 0.0000000000000000000, 0.0000000000000000000, 1.000000000000000000 ) ) ;
#1354 = CARTESIAN_POINT ( 'NONE',  ( 0.07507076282289353000, 0.1638465242276131700, 0.2140000000000000000 ) ) ;
#1355 = AXIS2_PLACEMENT_3D ( 'NONE', #1354, #1353, #1352 ) ;
#1356 = FACE_OUTER_BOUND ( 'NONE', #2902, .T. ) ;
#1357 = DIRECTION ( 'NONE',  ( 1.000000000000000000, 0.0000000000000000000, -0.0000000000000000000 ) ) ;
#1358 = DIRECTION ( 'NONE',  ( 0.0000000000000000000, 0.0000000000000000000, 1.000000000000000000 ) ) ;
#1359 = CARTESIAN_POINT ( 'NONE',  ( 0.08000000000000000200, -1.707404996040164500E-017, 0.2140000000000000000 ) ) ;
#1360 = PLANE ( 'NONE',  #1355 ) ;
#1361 = AXIS2_PLACEMENT_3D ( 'NONE', #1359, #1358, #1357 ) ;
#1362 = PLANE ( 'NONE',  #1361 ) ;
#1363 = FACE_OUTER_BOUND ( 'NONE', #3046, .T. ) ;
#1364 = DIRECTION ( 'NONE',  ( 1.000000000000000000, 0.0000000000000000000, 0.0000000000000000000 ) ) ;
#1365 = DIRECTION ( 'NONE',  ( -0.0000000000000000000, -0.0000000000000000000, -1.000000000000000000 ) ) ;
#1366 = AXIS2_PLACEMENT_3D ( 'NONE', #1367, #1365, #1364 ) ;
#1367 = CARTESIAN_POINT ( 'NONE',  ( -0.006866028718676143500, 0.2176086130251418400, 0.0000000000000000000 ) ) ;
#1368 = CIRCLE ( 'NONE', #1366, 0.09799999999999999000 ) ;
#1369 = CARTESIAN_POINT ( 'NONE',  ( 0.1030126213363109800, 0.05476827821223195100, 0.2140000000000000000 ) ) ;
#1370 = CARTESIAN_POINT ( 'NONE',  ( 0.1214227184053597600, 0.06258290078201750300, 0.2140000000000000000 ) ) ;
#1371 = DIRECTION ( 'NONE',  ( 0.3907311284892786600, -0.9205048534524382700, 0.0000000000000000000 ) ) ;
#1372 = VECTOR ( 'NONE', #1371, 39.37007874015748900 ) ;
#1373 = CARTESIAN_POINT ( 'NONE',  ( 0.1030126213363109900, 0.05476827821223193700, 0.2140000000000000000 ) ) ;
#1374 = LINE ( 'NONE', #1373, #1372 ) ;
#1375 = CARTESIAN_POINT ( 'NONE',  ( 0.09027308442584805500, 0.1359668396871929800, 0.2140000000000000000 ) ) ;
#1376 = DIRECTION ( 'NONE',  ( -0.9205048534524377100, -0.3907311284892798800, 0.0000000000000000000 ) ) ;
#1377 = VECTOR ( 'NONE', #1376, 39.37007874015748900 ) ;
#1378 = CARTESIAN_POINT ( 'NONE',  ( 0.09027308442584805500, 0.1359668396871929800, 0.2140000000000000000 ) ) ;
#1379 = LINE ( 'NONE', #1378, #1377 ) ;
#1380 = CARTESIAN_POINT ( 'NONE',  ( 0.07507076282289353000, 0.1638465242276131700, 0.0000000000000000000 ) ) ;
#1381 = DIRECTION ( 'NONE',  ( 1.000000000000000000, 0.0000000000000000000, -0.0000000000000000000 ) ) ;
#1382 = DIRECTION ( 'NONE',  ( 0.0000000000000000000, 0.0000000000000000000, 1.000000000000000000 ) ) ;
#1383 = CARTESIAN_POINT ( 'NONE',  ( 0.09027308442584805500, 0.1359668396871929800, 0.2140000000000000000 ) ) ;
#1384 = AXIS2_PLACEMENT_3D ( 'NONE', #1383, #1382, #1381 ) ;
#1385 = PLANE ( 'NONE',  #1384 ) ;
#1386 = DIRECTION ( 'NONE',  ( -1.000000000000000000, 0.0000000000000000000, 0.0000000000000000000 ) ) ;
#1387 = DIRECTION ( 'NONE',  ( -0.0000000000000000000, -0.0000000000000000000, -1.000000000000000000 ) ) ;
#1388 = AXIS2_PLACEMENT_3D ( 'NONE', #1390, #1387, #1386 ) ;
#1389 = FACE_OUTER_BOUND ( 'NONE', #2825, .T. ) ;
#1390 = CARTESIAN_POINT ( 'NONE',  ( -0.08000000000000000200, 0.04499999999999997100, 0.2140000000000000000 ) ) ;
#1391 = CYLINDRICAL_SURFACE ( 'NONE', #1388, 0.02500000000000000500 ) ;
#1392 = FACE_OUTER_BOUND ( 'NONE', #2863, .T. ) ;
#1393 = DIRECTION ( 'NONE',  ( 1.000000000000000000, 0.0000000000000000000, 0.0000000000000000000 ) ) ;
#1394 = DIRECTION ( 'NONE',  ( 0.0000000000000000000, 0.0000000000000000000, 1.000000000000000000 ) ) ;
#1395 = AXIS2_PLACEMENT_3D ( 'NONE', #1401, #1394, #1393 ) ;
#1396 = CIRCLE ( 'NONE', #1395, 0.03799999999999997800 ) ;
#1397 = DIRECTION ( 'NONE',  ( 1.000000000000000000, 0.0000000000000000000, 0.0000000000000000000 ) ) ;
#1398 = DIRECTION ( 'NONE',  ( -0.0000000000000000000, -0.0000000000000000000, -1.000000000000000000 ) ) ;
#1399 = CARTESIAN_POINT ( 'NONE',  ( 0.1942105432058992800, 0.2140501584072958000, 0.0000000000000000000 ) ) ;
#1400 = AXIS2_PLACEMENT_3D ( 'NONE', #1399, #1398, #1397 ) ;
#1401 = CARTESIAN_POINT ( 'NONE',  ( -0.1095000000000000000, 0.2879999999999999800, 0.0000000000000000000 ) ) ;
#1402 = DIRECTION ( 'NONE',  ( -1.000000000000000000, 0.0000000000000000000, 0.0000000000000000000 ) ) ;
#1403 = DIRECTION ( 'NONE',  ( -0.0000000000000000000, -0.0000000000000000000, -1.000000000000000000 ) ) ;
#1404 = CARTESIAN_POINT ( 'NONE',  ( 0.08000000000000000200, 0.04499999999999999800, 0.2140000000000000000 ) ) ;
#1405 = AXIS2_PLACEMENT_3D ( 'NONE', #1404, #1403, #1402 ) ;
#1406 = CYLINDRICAL_SURFACE ( 'NONE', #1405, 0.02500000000000001500 ) ;
#1407 = CIRCLE ( 'NONE', #1400, 0.1300000000000000000 ) ;
#1408 = FACE_OUTER_BOUND ( 'NONE', #2736, .T. ) ;
#1409 = DIRECTION ( 'NONE',  ( -0.8360897096078528900, 0.5485927428319263800, 0.0000000000000000000 ) ) ;
#1410 = VECTOR ( 'NONE', #1409, 39.37007874015748100 ) ;
#1411 = CARTESIAN_POINT ( 'NONE',  ( 0.09179255701505056900, 0.1528746693709746300, 0.0000000000000000000 ) ) ;
#1412 = LINE ( 'NONE', #1411, #1410 ) ;
#1413 = DIRECTION ( 'NONE',  ( -1.000000000000000000, 0.0000000000000000000, 0.0000000000000000000 ) ) ;
#1414 = DIRECTION ( 'NONE',  ( -0.0000000000000000000, -0.0000000000000000000, -1.000000000000000000 ) ) ;
#1415 = CARTESIAN_POINT ( 'NONE',  ( -0.08000000000000000200, 0.04499999999999997100, 0.2140000000000000000 ) ) ;
#1416 = AXIS2_PLACEMENT_3D ( 'NONE', #1415, #1414, #1413 ) ;
#1417 = CIRCLE ( 'NONE', #1416, 0.04499999999999999800 ) ;
#1418 = CARTESIAN_POINT ( 'NONE',  ( -0.1214227184053597300, 0.06258290078201750300, 0.2140000000000000000 ) ) ;
#1419 = DIRECTION ( 'NONE',  ( 0.9205048534524380400, -0.3907311284892789900, 0.0000000000000000000 ) ) ;
#1420 = VECTOR ( 'NONE', #1419, 39.37007874015748100 ) ;
#1421 = CARTESIAN_POINT ( 'NONE',  ( -0.1214227184053597300, 0.06258290078201750300, 0.2140000000000000000 ) ) ;
#1422 = LINE ( 'NONE', #1421, #1420 ) ;
#1423 = CARTESIAN_POINT ( 'NONE',  ( -0.1070000000000000000, 0.2299999999999999800, 0.1091044080780039200 ) ) ;
#1424 = DIRECTION ( 'NONE',  ( 1.000000000000000000, -0.0000000000000000000, -0.0000000000000000000 ) ) ;
#1425 = VECTOR ( 'NONE', #1424, 39.37007874015748100 ) ;
#1426 = CARTESIAN_POINT ( 'NONE',  ( -0.2070000000000000200, 0.2299999999999999800, 0.1091044080780039200 ) ) ;
#1427 = LINE ( 'NONE', #1426, #1425 ) ;
#1428 = DIRECTION ( 'NONE',  ( 1.000000000000000000, 0.0000000000000000000, -0.0000000000000000000 ) ) ;
#1430 = EDGE_CURVE ( 'NONE', #2835, #3033, #446, .T. ) ;
#1429 = DIRECTION ( 'NONE',  ( 0.0000000000000000000, 0.0000000000000000000, 1.000000000000000000 ) ) ;
#1431 = CARTESIAN_POINT ( 'NONE',  ( -0.1214227184053597300, 0.06258290078201750300, 0.2140000000000000000 ) ) ;
#1432 = EDGE_CURVE ( 'NONE', #2334, #3196, #416, .T. ) ;
#1433 = AXIS2_PLACEMENT_3D ( 'NONE', #1431, #1429, #1428 ) ;
#1434 = PLANE ( 'NONE',  #1433 ) ;
#1435 = FACE_OUTER_BOUND ( 'NONE', #2849, .T. ) ;
#1436 = DIRECTION ( 'NONE',  ( 1.000000000000000000, 0.0000000000000000000, 0.0000000000000000000 ) ) ;
#1437 = DIRECTION ( 'NONE',  ( -0.0000000000000000000, -0.0000000000000000000, -1.000000000000000000 ) ) ;
#1438 = CARTESIAN_POINT ( 'NONE',  ( 0.08000000000000000200, 0.04499999999999999800, 0.2140000000000000000 ) ) ;
#1439 = AXIS2_PLACEMENT_3D ( 'NONE', #1438, #1437, #1436 ) ;
#1440 = CIRCLE ( 'NONE', #1439, 0.02500000000000000500 ) ;
#1441 = DIRECTION ( 'NONE',  ( 1.000000000000000000, 0.0000000000000000000, 0.0000000000000000000 ) ) ;
#1442 = DIRECTION ( 'NONE',  ( -0.0000000000000000000, -0.0000000000000000000, -1.000000000000000000 ) ) ;
#1443 = AXIS2_PLACEMENT_3D ( 'NONE', #1448, #1442, #1441 ) ;
#1444 = CIRCLE ( 'NONE', #1443, 0.04500000000000001200 ) ;
#1445 = DIRECTION ( 'NONE',  ( -1.000000000000000000, 0.0000000000000000000, 0.0000000000000000000 ) ) ;
#1446 = DIRECTION ( 'NONE',  ( -0.0000000000000000000, 0.0000000000000000000, -1.000000000000000000 ) ) ;
#1447 = CARTESIAN_POINT ( 'NONE',  ( -0.09027308442584806900, 0.1359668396871929800, 0.0000000000000000000 ) ) ;
#1448 = CARTESIAN_POINT ( 'NONE',  ( 0.08000000000000000200, 0.04499999999999999800, 0.2140000000000000000 ) ) ;
#1449 = AXIS2_PLACEMENT_3D ( 'NONE', #1447, #1446, #1445 ) ;
#1450 = PLANE ( 'NONE',  #1449 ) ;
#1451 = FACE_OUTER_BOUND ( 'NONE', #2338, .T. ) ;
#1452 = DIRECTION ( 'NONE',  ( 1.000000000000000000, 0.0000000000000000000, 0.0000000000000000000 ) ) ;
#1453 = DIRECTION ( 'NONE',  ( 0.0000000000000000000, 0.0000000000000000000, 1.000000000000000000 ) ) ;
#1454 = CARTESIAN_POINT ( 'NONE',  ( -0.1068421717879919400, 0.1429999999999999900, 0.2140000000000000000 ) ) ;
#1455 = AXIS2_PLACEMENT_3D ( 'NONE', #1454, #1453, #1452 ) ;
#1456 = CIRCLE ( 'NONE', #1455, 0.01799999999999998500 ) ;
#1457 = DIRECTION ( 'NONE',  ( -0.8360897096078531200, -0.5485927428319261600, 0.0000000000000000000 ) ) ;
#1458 = VECTOR ( 'NONE', #1457, 39.37007874015748100 ) ;
#1459 = CARTESIAN_POINT ( 'NONE',  ( -0.07507076282289351600, 0.1638465242276131700, 0.2140000000000000000 ) ) ;
#1460 = LINE ( 'NONE', #1459, #1458 ) ;
#1461 = CARTESIAN_POINT ( 'NONE',  ( -0.07507076282289351600, 0.1638465242276131700, 0.2140000000000000000 ) ) ;
#1462 = ORIENTED_EDGE ( 'NONE', *, *, #1430, .T. ) ;
#1463 = ORIENTED_EDGE ( 'NONE', *, *, #1768, .T. ) ;
#1464 = FACE_OUTER_BOUND ( 'NONE', #2801, .T. ) ;
#1465 = SURFACE_STYLE_USAGE ( .BOTH. , #1466 ) ;
#1466 = SURFACE_SIDE_STYLE ('',( #1467 ) ) ;
#1467 = SURFACE_STYLE_FILL_AREA ( #1468 ) ;
#1468 = FILL_AREA_STYLE ('',( #1497 ) ) ;
#1469 = COLOUR_RGB ( '',0.8313725490196077800, 0.8392156862745098200, 0.8274509803921568100 ) ;
#1470 = CARTESIAN_POINT ( 'NONE',  ( 0.05000000000000003700, 0.02000000000000000000, 0.1940000000000000100 ) ) ;
#1471 = AXIS2_PLACEMENT_3D ( 'NONE', #1470, #1551, #1550 ) ;
#1472 = FACE_OUTER_BOUND ( 'NONE', #2957, .T. ) ;
#1473 = VECTOR ( 'NONE', #1532, 39.37007874015748100 ) ;
#1474 = AXIS2_PLACEMENT_3D ( 'NONE', #1489, #1488, #1487 ) ;
#1475 = CIRCLE ( 'NONE', #1474, 0.1300000000000000000 ) ;
#1476 = FACE_OUTER_BOUND ( 'NONE', #3065, .T. ) ;
#1477 = DIRECTION ( 'NONE',  ( 0.0000000000000000000, 0.0000000000000000000, 1.000000000000000000 ) ) ;
#1478 = CARTESIAN_POINT ( 'NONE',  ( -0.1068421717879919400, 0.1429999999999999900, 0.0000000000000000000 ) ) ;
#1479 = AXIS2_PLACEMENT_3D ( 'NONE', #1478, #1477, #1530 ) ;
#1480 = CIRCLE ( 'NONE', #1479, 0.03799999999999998500 ) ;
#1481 = CIRCLE ( 'NONE', #1568, 0.09799999999999999000 ) ;
#1482 = DIRECTION ( 'NONE',  ( -0.0000000000000000000, -0.0000000000000000000, -1.000000000000000000 ) ) ;
#1483 = VECTOR ( 'NONE', #1482, 39.37007874015748100 ) ;
#1484 = CARTESIAN_POINT ( 'NONE',  ( -0.09113397128132384700, 0.2176086130251418400, 0.2140000000000000000 ) ) ;
#1485 = LINE ( 'NONE', #1484, #1483 ) ;
#1486 = AXIS2_PLACEMENT_3D ( 'NONE', #1575, #1574, #1573 ) ;
#1487 = DIRECTION ( 'NONE',  ( 1.000000000000000000, 0.0000000000000000000, 0.0000000000000000000 ) ) ;
#1488 = DIRECTION ( 'NONE',  ( -0.0000000000000000000, -0.0000000000000000000, -1.000000000000000000 ) ) ;
#1489 = CARTESIAN_POINT ( 'NONE',  ( 0.1942105432058992800, 0.2140501584072958000, 0.0000000000000000000 ) ) ;
#1490 = CYLINDRICAL_SURFACE ( 'NONE', #1471, 0.01999999999999999000 ) ;
#1491 = CARTESIAN_POINT ( 'NONE',  ( -0.07698596256389934900, 0.2683318183452601500, 0.2140000000000000000 ) ) ;
#1492 = VECTOR ( 'NONE', #1521, 39.37007874015748100 ) ;
#1493 = DIRECTION ( 'NONE',  ( 0.0000000000000000000, -3.491483361109382900E-015, 1.000000000000000000 ) ) ;
#1494 = VECTOR ( 'NONE', #1493, 39.37007874015748100 ) ;
#1495 = CARTESIAN_POINT ( 'NONE',  ( -0.03000000000000000900, -0.1099999999999999600, -0.05200000000000031000 ) ) ;
#1496 = LINE ( 'NONE', #1495, #1494 ) ;
#1497 = FILL_AREA_STYLE_COLOUR ( '', #1469 ) ;
#1498 =( CONVERSION_BASED_UNIT ( 'INCH', #1499 ) LENGTH_UNIT ( ) NAMED_UNIT ( #1500 ) );
#1499 = LENGTH_MEASURE_WITH_UNIT ( LENGTH_MEASURE( 0.02539999999999999900 ), #1544 );
#1500 = DIMENSIONAL_EXPONENTS ( 1.000000000000000000, 0.0000000000000000000, 0.0000000000000000000, 0.0000000000000000000, 0.0000000000000000000, 0.0000000000000000000, 0.0000000000000000000 ) ;
#1501 = CARTESIAN_POINT ( 'NONE',  ( -0.02999999999999997100, 0.0000000000000000000, 0.1940000000000000100 ) ) ;
#1502 = DIRECTION ( 'NONE',  ( 0.0000000000000000000, 0.0000000000000000000, -1.000000000000000000 ) ) ;
#1503 = DIRECTION ( 'NONE',  ( -0.0000000000000000000, 1.000000000000000000, 0.0000000000000000000 ) ) ;
#1504 = AXIS2_PLACEMENT_3D ( 'NONE', #1519, #1503, #1502 ) ;
#1505 = CARTESIAN_POINT ( 'NONE',  ( -0.03000000000000002300, -0.1100000000000000300, -0.03200000000000030600 ) ) ;
#1506 = DIRECTION ( 'NONE',  ( 0.0000000000000000000, -1.000000000000000000, -3.557093741750340100E-015 ) ) ;
#1507 = DIRECTION ( 'NONE',  ( -0.0000000000000000000, 3.491483361109382100E-015, -1.000000000000000000 ) ) ;
#1508 = CARTESIAN_POINT ( 'NONE',  ( 3.602935169780758100E-018, -0.1100000000000000300, -0.03200000000000030600 ) ) ;
#1509 = AXIS2_PLACEMENT_3D ( 'NONE', #1508, #1507, #1506 ) ;
#1510 = CIRCLE ( 'NONE', #1509, 0.03000000000000002300 ) ;
#1511 = LINE ( 'NONE', #1570, #1565 ) ;
#1512 = ORIENTED_EDGE ( 'NONE', *, *, #1432, .T. ) ;
#1513 =( GEOMETRIC_REPRESENTATION_CONTEXT ( 3 ) GLOBAL_UNCERTAINTY_ASSIGNED_CONTEXT ( ( #1554 ) ) GLOBAL_UNIT_ASSIGNED_CONTEXT ( ( #1498, #1556, #1555 ) ) REPRESENTATION_CONTEXT ( 'NONE', 'WORKASPACE' ) );
#1514 = DIRECTION ( 'NONE',  ( -0.0000000000000000000, -0.0000000000000000000, -1.000000000000000000 ) ) ;
#1515 = DIRECTION ( 'NONE',  ( -1.000000000000000000, 0.0000000000000000000, 0.0000000000000000000 ) ) ;
#1516 = DIRECTION ( 'NONE',  ( -0.0000000000000000000, -0.0000000000000000000, -1.000000000000000000 ) ) ;
#1517 = CARTESIAN_POINT ( 'NONE',  ( -0.1068421717879919400, 0.1429999999999999900, 0.2140000000000000000 ) ) ;
#1518 = PLANE ( 'NONE',  #1486 ) ;
#1519 = CARTESIAN_POINT ( 'NONE',  ( -0.04999999999999998900, 0.0000000000000000000, 0.1940000000000000100 ) ) ;
#1520 = CIRCLE ( 'NONE', #1504, 0.01999999999999999000 ) ;
#1521 = DIRECTION ( 'NONE',  ( 0.3907311284892787100, 0.9205048534524382700, -0.0000000000000000000 ) ) ;
#1522 = ORIENTED_EDGE ( 'NONE', *, *, #1672, .F. ) ;
#1523 = CARTESIAN_POINT ( 'NONE',  ( -0.1030126213363109900, 0.05476827821223193700, 0.0000000000000000000 ) ) ;
#1524 = LINE ( 'NONE', #1523, #1492 ) ;
#1525 = DIRECTION ( 'NONE',  ( 0.0000000000000000000, 0.0000000000000000000, 1.000000000000000000 ) ) ;
#1526 = AXIS2_PLACEMENT_3D ( 'NONE', #1552, #1525, #1572 ) ;
#1527 = DIRECTION ( 'NONE',  ( 0.0000000000000000000, 0.0000000000000000000, 1.000000000000000000 ) ) ;
#1528 = CARTESIAN_POINT ( 'NONE',  ( 0.08000000000000001600, 0.04499999999999999800, 0.0000000000000000000 ) ) ;
#1529 = AXIS2_PLACEMENT_3D ( 'NONE', #1528, #1527, #1560 ) ;
#1530 = DIRECTION ( 'NONE',  ( 1.000000000000000000, 0.0000000000000000000, 0.0000000000000000000 ) ) ;
#1531 = AXIS2_PLACEMENT_3D ( 'NONE', #1517, #1516, #1515 ) ;
#1532 = DIRECTION ( 'NONE',  ( 0.0000000000000000000, -1.000000000000000000, -0.0000000000000000000 ) ) ;
#1533 = CARTESIAN_POINT ( 'NONE',  ( -0.02999999999999997500, 0.02000000000000000000, 0.1940000000000000100 ) ) ;
#1534 = LINE ( 'NONE', #1533, #1473 ) ;
#1535 = CARTESIAN_POINT ( 'NONE',  ( -0.1030126213363109900, 0.05476827821223194400, 0.2140000000000000000 ) ) ;
#1536 = DIRECTION ( 'NONE',  ( 1.000000000000000000, 0.0000000000000000000, 0.0000000000000000000 ) ) ;
#1537 = CARTESIAN_POINT ( 'NONE',  ( -0.2070000000000000200, 0.2348967401847960000, 0.1000000000000000200 ) ) ;
#1538 = LINE ( 'NONE', #1537, #1024 ) ;
#1539 = CARTESIAN_POINT ( 'NONE',  ( -0.1070000000000000000, 0.2348967401847960000, 0.1000000000000000200 ) ) ;
#1540 = DIRECTION ( 'NONE',  ( 0.0000000000000000000, -1.000000000000000000, 8.937767755643811600E-016 ) ) ;
#1541 = VECTOR ( 'NONE', #1540, 39.37007874015748100 ) ;
#1542 = CARTESIAN_POINT ( 'NONE',  ( -0.1070000000000000000, 0.2540000000000000000, 0.1000000000000000100 ) ) ;
#1543 = LINE ( 'NONE', #1542, #1541 ) ;
#1544 =( LENGTH_UNIT ( ) NAMED_UNIT ( * ) SI_UNIT ( $, .METRE. ) );
#1545 = ORIENTED_EDGE ( 'NONE', *, *, #3166, .F. ) ;
#1546 = MECHANICAL_DESIGN_GEOMETRIC_PRESENTATION_REPRESENTATION (  '', ( #1548 ), #1513 ) ;
#1547 = PRESENTATION_LAYER_ASSIGNMENT (  '', '', ( #1548 ) ) ;
#1548 = STYLED_ITEM ( 'NONE', ( #1549 ), #2970 ) ;
#1549 = PRESENTATION_STYLE_ASSIGNMENT (( #1465 ) ) ;
#1550 = DIRECTION ( 'NONE',  ( 0.0000000000000000000, 0.0000000000000000000, -1.000000000000000000 ) ) ;
#1551 = DIRECTION ( 'NONE',  ( 0.0000000000000000000, -1.000000000000000000, -0.0000000000000000000 ) ) ;
#1552 = CARTESIAN_POINT ( 'NONE',  ( -0.1095000000000000000, 0.2879999999999999800, 0.2140000000000000000 ) ) ;
#1553 = PLANE ( 'NONE',  #1526 ) ;
#1554 = UNCERTAINTY_MEASURE_WITH_UNIT (LENGTH_MEASURE( 1.000000000000000100E-005 ), #1498, 'distance_accuracy_value', 'NONE');
#1555 =( NAMED_UNIT ( * ) SI_UNIT ( $, .STERADIAN. ) SOLID_ANGLE_UNIT ( ) );
#1556 =( NAMED_UNIT ( * ) PLANE_ANGLE_UNIT ( ) SI_UNIT ( $, .RADIAN. ) );
#1557 = CYLINDRICAL_SURFACE ( 'NONE', #1531, 0.03799999999999997800 ) ;
#1558 = FACE_OUTER_BOUND ( 'NONE', #2929, .T. ) ;
#1559 = CARTESIAN_POINT ( 'NONE',  ( -0.07186298735679930200, 0.1281522171174074000, 0.0000000000000000000 ) ) ;
#1560 = DIRECTION ( 'NONE',  ( 1.000000000000000000, 0.0000000000000000000, -0.0000000000000000000 ) ) ;
#1561 = DIRECTION ( 'NONE',  ( -0.0000000000000000000, -0.0000000000000000000, -1.000000000000000000 ) ) ;
#1562 = VECTOR ( 'NONE', #1561, 39.37007874015748100 ) ;
#1563 = CARTESIAN_POINT ( 'NONE',  ( -0.07698596256389934900, 0.2683318183452601500, 0.2140000000000000000 ) ) ;
#1564 = LINE ( 'NONE', #1563, #1562 ) ;
#1565 = VECTOR ( 'NONE', #1514, 39.37007874015748100 ) ;
#1566 = DIRECTION ( 'NONE',  ( -0.0000000000000000000, -0.0000000000000000000, -1.000000000000000000 ) ) ;
#1567 = CARTESIAN_POINT ( 'NONE',  ( 0.006866028718676143500, 0.2176086130251418400, 0.0000000000000000000 ) ) ;
#1568 = AXIS2_PLACEMENT_3D ( 'NONE', #1567, #1566, #1536 ) ;
#1569 = PLANE ( 'NONE',  #1529 ) ;
#1570 = CARTESIAN_POINT ( 'NONE',  ( -0.07186298735679931500, 0.1281522171174074000, 0.2140000000000000000 ) ) ;
#1571 = FACE_OUTER_BOUND ( 'NONE', #2919, .T. ) ;
#1572 = DIRECTION ( 'NONE',  ( 1.000000000000000000, 0.0000000000000000000, -0.0000000000000000000 ) ) ;
#1573 = DIRECTION ( 'NONE',  ( 0.0000000000000000000, -0.6528625371447714900, 0.7574764072846704700 ) ) ;
#1574 = DIRECTION ( 'NONE',  ( 0.0000000000000000000, 0.7574764072846704700, 0.6528625371447714900 ) ) ;
#1575 = CARTESIAN_POINT ( 'NONE',  ( -0.2070000000000000200, 0.2299999999999999800, 0.1091044080780039200 ) ) ;
#1576 = CARTESIAN_POINT ( 'NONE',  ( -0.04999999999999998900, 0.0000000000000000000, 0.1740000000000000200 ) ) ;
#1577 = DIRECTION ( 'NONE',  ( 0.3907311284892786600, 0.9205048534524382700, 0.0000000000000000000 ) ) ;
#1578 = VECTOR ( 'NONE', #1577, 39.37007874015748900 ) ;
#1579 = CARTESIAN_POINT ( 'NONE',  ( -0.1030126213363109900, 0.05476827821223193700, 0.2140000000000000000 ) ) ;
#1580 = LINE ( 'NONE', #1579, #1578 ) ;
#1581 = AXIS2_PLACEMENT_3D ( 'NONE', #1644, #1665, #1669 ) ;
#1582 = DIRECTION ( 'NONE',  ( 0.0000000000000000000, 0.0000000000000000000, 1.000000000000000000 ) ) ;
#1583 = FACE_OUTER_BOUND ( 'NONE', #2999, .T. ) ;
#1584 = DIRECTION ( 'NONE',  ( 0.0000000000000000000, 0.0000000000000000000, -1.000000000000000000 ) ) ;
#1585 = LINE ( 'NONE', #1659, #1658 ) ;
#1586 = DIRECTION ( 'NONE',  ( 0.9205048534524386000, 0.3907311284892777100, 0.0000000000000000000 ) ) ;
#1587 = VECTOR ( 'NONE', #1586, 39.37007874015748900 ) ;
#1588 = CARTESIAN_POINT ( 'NONE',  ( 0.1030126213363109800, 0.05476827821223195100, 0.2140000000000000000 ) ) ;
#1589 = LINE ( 'NONE', #1588, #1587 ) ;
#1590 = LINE ( 'NONE', #1638, #1637 ) ;
#1591 = DIRECTION ( 'NONE',  ( 0.0000000000000000000, 0.0000000000000000000, 1.000000000000000000 ) ) ;
#1592 = CARTESIAN_POINT ( 'NONE',  ( 0.06999999999999996500, 0.0000000000000000000, 0.1940000000000000100 ) ) ;
#1593 = DIRECTION ( 'NONE',  ( 0.0000000000000000000, 0.0000000000000000000, -1.000000000000000000 ) ) ;
#1594 = DIRECTION ( 'NONE',  ( 1.000000000000000000, 0.0000000000000000000, 0.0000000000000000000 ) ) ;
#1595 = DIRECTION ( 'NONE',  ( -0.0000000000000000000, -0.0000000000000000000, -1.000000000000000000 ) ) ;
#1596 = CARTESIAN_POINT ( 'NONE',  ( -0.1942105432058992800, 0.2140501584072958000, 0.0000000000000000000 ) ) ;
#1597 = CARTESIAN_POINT ( 'NONE',  ( -0.09351020724307804200, 0.2962659861837947400, 0.0000000000000000000 ) ) ;
#1598 = DIRECTION ( 'NONE',  ( -0.0000000000000000000, -0.0000000000000000000, -1.000000000000000000 ) ) ;
#1599 = ORIENTED_EDGE ( 'NONE', *, *, #1674, .T. ) ;
#1600 = CARTESIAN_POINT ( 'NONE',  ( 0.05000000000000003700, 0.02000000000000000000, 0.1940000000000000100 ) ) ;
#1601 = VECTOR ( 'NONE', #1646, 39.37007874015748100 ) ;
#1602 = CARTESIAN_POINT ( 'NONE',  ( 0.05000000000000003700, 0.02000000000000000000, 0.1740000000000000200 ) ) ;
#1603 = CARTESIAN_POINT ( 'NONE',  ( 0.05000000000000003700, 0.0000000000000000000, 0.1940000000000000100 ) ) ;
#1604 = DIRECTION ( 'NONE',  ( 0.0000000000000000000, 8.937767755643811600E-016, 1.000000000000000000 ) ) ;
#1605 = CARTESIAN_POINT ( 'NONE',  ( -0.2070000000000000200, 0.2540000000000000000, 0.1000000000000000100 ) ) ;
#1606 = FACE_OUTER_BOUND ( 'NONE', #3023, .T. ) ;
#1607 = CARTESIAN_POINT ( 'NONE',  ( -0.2070000000000000200, 0.2540000000000000000, 0.1380000000000000100 ) ) ;
#1608 = AXIS2_PLACEMENT_3D ( 'NONE', #1607, #1643, #1642 ) ;
#1609 = PLANE ( 'NONE',  #1608 ) ;
#1610 = CARTESIAN_POINT ( 'NONE',  ( 0.09027308442584804100, 0.1359668396871930000, 0.0000000000000000000 ) ) ;
#1611 = CARTESIAN_POINT ( 'NONE',  ( -0.09113397128132384700, 0.2176086130251418400, 0.2140000000000000000 ) ) ;
#1612 = CARTESIAN_POINT ( 'NONE',  ( -0.04421054320589928200, 0.2140501584072958000, 0.0000000000000000000 ) ) ;
#1613 = DIRECTION ( 'NONE',  ( 0.0000000000000000000, 0.0000000000000000000, 1.000000000000000000 ) ) ;
#1614 = VECTOR ( 'NONE', #1613, 39.37007874015748100 ) ;
#1615 = CARTESIAN_POINT ( 'NONE',  ( -0.04421054320589928200, 0.2140501584072958000, -0.03200000000000000100 ) ) ;
#1616 = DIRECTION ( 'NONE',  ( 1.000000000000000000, 0.0000000000000000000, -0.0000000000000000000 ) ) ;
#1617 = DIRECTION ( 'NONE',  ( 0.0000000000000000000, 0.0000000000000000000, 1.000000000000000000 ) ) ;
#1618 = CARTESIAN_POINT ( 'NONE',  ( -0.08000000000000000200, 0.01999999999999996600, 0.2140000000000000000 ) ) ;
#1619 = CARTESIAN_POINT ( 'NONE',  ( 0.006866028718676143500, 0.2176086130251418400, 0.2140000000000000000 ) ) ;
#1620 = AXIS2_PLACEMENT_3D ( 'NONE', #1619, #1595, #1594 ) ;
#1621 = CIRCLE ( 'NONE', #1620, 0.09799999999999999000 ) ;
#1622 = DIRECTION ( 'NONE',  ( -0.0000000000000000000, 1.000000000000000000, 0.0000000000000000000 ) ) ;
#1623 = CYLINDRICAL_SURFACE ( 'NONE', #1664, 0.09799999999999999000 ) ;
#1624 = VECTOR ( 'NONE', #1582, 39.37007874015748100 ) ;
#1625 = CARTESIAN_POINT ( 'NONE',  ( -0.09351020724307804200, 0.2962659861837947400, -0.03200000000000000100 ) ) ;
#1626 = LINE ( 'NONE', #1625, #1624 ) ;
#1627 = DIRECTION ( 'NONE',  ( -1.000000000000000000, 0.0000000000000000000, 0.0000000000000000000 ) ) ;
#1628 = LINE ( 'NONE', #1602, #1601 ) ;
#1629 = CARTESIAN_POINT ( 'NONE',  ( 0.05000000000000003700, 0.0000000000000000000, 0.1740000000000000200 ) ) ;
#1630 = FACE_OUTER_BOUND ( 'NONE', #3051, .T. ) ;
#1631 = DIRECTION ( 'NONE',  ( 0.0000000000000000000, -1.000000000000000000, 8.937767755643811600E-016 ) ) ;
#1632 = DIRECTION ( 'NONE',  ( -0.0000000000000000000, -0.0000000000000000000, -1.000000000000000000 ) ) ;
#1633 = DIRECTION ( 'NONE',  ( 1.000000000000000000, 0.0000000000000000000, 0.0000000000000000000 ) ) ;
#1634 = CIRCLE ( 'NONE', #1581, 0.1300000000000000000 ) ;
#1635 = CARTESIAN_POINT ( 'NONE',  ( 0.06999999999999997900, 0.02000000000000000000, 0.1940000000000000100 ) ) ;
#1636 = DIRECTION ( 'NONE',  ( 0.0000000000000000000, -0.6528625371447714900, 0.7574764072846704700 ) ) ;
#1637 = VECTOR ( 'NONE', #1636, 39.37007874015748100 ) ;
#1638 = CARTESIAN_POINT ( 'NONE',  ( -0.1070000000000000000, 0.2299999999999999800, 0.1091044080780039200 ) ) ;
#1639 = PLANE ( 'NONE',  #1667 ) ;
#1640 = PLANE ( 'NONE',  #1676 ) ;
#1641 = FACE_OUTER_BOUND ( 'NONE', #3056, .T. ) ;
#1642 = DIRECTION ( 'NONE',  ( 0.0000000000000000000, -0.6389319776098942900, -0.7692632371220592400 ) ) ;
#1643 = DIRECTION ( 'NONE',  ( 0.0000000000000000000, -0.7692632371220592400, 0.6389319776098942900 ) ) ;
#1644 = CARTESIAN_POINT ( 'NONE',  ( -0.1942105432058992800, 0.2140501584072958000, -0.03200000000000000100 ) ) ;
#1645 = AXIS2_PLACEMENT_3D ( 'NONE', #1653, #1591, #1633 ) ;
#1646 = DIRECTION ( 'NONE',  ( 0.0000000000000000000, -1.000000000000000000, -0.0000000000000000000 ) ) ;
#1647 = DIRECTION ( 'NONE',  ( -0.0000000000000000000, 1.000000000000000000, 0.0000000000000000000 ) ) ;
#1648 = AXIS2_PLACEMENT_3D ( 'NONE', #1618, #1617, #1616 ) ;
#1649 = PLANE ( 'NONE',  #1648 ) ;
#1650 = DIRECTION ( 'NONE',  ( -0.0000000000000000000, 0.0000000000000000000, -1.000000000000000000 ) ) ;
#1651 = DIRECTION ( 'NONE',  ( 1.000000000000000000, 0.0000000000000000000, -0.0000000000000000000 ) ) ;
#1652 = CARTESIAN_POINT ( 'NONE',  ( 0.05000000000000003700, 0.02000000000000000000, 0.1740000000000000200 ) ) ;
#1653 = CARTESIAN_POINT ( 'NONE',  ( -0.1942105432058992800, 0.2140501584072958000, -0.03200000000000000100 ) ) ;
#1654 = CIRCLE ( 'NONE', #1671, 0.01999999999999999000 ) ;
#1655 = AXIS2_PLACEMENT_3D ( 'NONE', #1603, #1647, #1593 ) ;
#1656 = CIRCLE ( 'NONE', #1655, 0.01999999999999999000 ) ;
#1657 = DIRECTION ( 'NONE',  ( 0.0000000000000000000, 0.6528625371447716000, -0.7574764072846702500 ) ) ;
#1658 = VECTOR ( 'NONE', #1657, 39.37007874015748900 ) ;
#1659 = CARTESIAN_POINT ( 'NONE',  ( -0.1070000000000000000, 0.1841999999999999700, 0.1460000000000000200 ) ) ;
#1660 = LINE ( 'NONE', #1615, #1614 ) ;
#1661 = AXIS2_PLACEMENT_3D ( 'NONE', #1596, #1598, #1627 ) ;
#1662 = CIRCLE ( 'NONE', #1661, 0.1300000000000000000 ) ;
#1663 = DIRECTION ( 'NONE',  ( -1.000000000000000000, 0.0000000000000000000, 0.0000000000000000000 ) ) ;
#1664 = AXIS2_PLACEMENT_3D ( 'NONE', #1666, #1632, #1663 ) ;
#1665 = DIRECTION ( 'NONE',  ( -0.0000000000000000000, -0.0000000000000000000, -1.000000000000000000 ) ) ;
#1666 = CARTESIAN_POINT ( 'NONE',  ( 0.006866028718676143500, 0.2176086130251418400, 0.2140000000000000000 ) ) ;
#1667 = AXIS2_PLACEMENT_3D ( 'NONE', #1605, #1604, #1631 ) ;
#1668 = CARTESIAN_POINT ( 'NONE',  ( -0.09027308442584806900, 0.1359668396871929800, 0.2140000000000000000 ) ) ;
#1669 = DIRECTION ( 'NONE',  ( -1.000000000000000000, 0.0000000000000000000, 0.0000000000000000000 ) ) ;
#1670 = CYLINDRICAL_SURFACE ( 'NONE', #1645, 0.1300000000000000000 ) ;
#1671 = AXIS2_PLACEMENT_3D ( 'NONE', #1600, #1622, #1584 ) ;
#1672 = EDGE_CURVE ( 'NONE', #2336, #1698, #397, .T. ) ;
#1673 = FACE_OUTER_BOUND ( 'NONE', #3004, .T. ) ;
#1674 = EDGE_CURVE ( 'NONE', #2959, #3134, #398, .T. ) ;
#1675 = CARTESIAN_POINT ( 'NONE',  ( -0.1070000000000000000, 0.2540000000000000000, 0.1000000000000000100 ) ) ;
#1676 = AXIS2_PLACEMENT_3D ( 'NONE', #1675, #1651, #1650 ) ;
#1677 = FACE_OUTER_BOUND ( 'NONE', #3011, .T. ) ;
#1678 = CARTESIAN_POINT ( 'NONE',  ( 3.602935169780758100E-018, -0.1099999999999999600, -0.05200000000000031000 ) ) ;
#1679 = AXIS2_PLACEMENT_3D ( 'NONE', #1678, #1707, #1706 ) ;
#1680 = CIRCLE ( 'NONE', #1679, 0.03000000000000002300 ) ;
#1681 = DIRECTION ( 'NONE',  ( 0.0000000000000000000, -1.000000000000000000, -3.414809992080326400E-015 ) ) ;
#1682 = DIRECTION ( 'NONE',  ( 0.0000000000000000000, -3.491483361109382500E-015, 1.000000000000000000 ) ) ;
#1683 = ORIENTED_EDGE ( 'NONE', *, *, #1760, .T. ) ;
#1684 = ADVANCED_FACE ( 'NONE', ( #441 ), #436, .T. ) ;
#1685 = DIRECTION ( 'NONE',  ( 1.000000000000000000, 0.0000000000000000000, 0.0000000000000000000 ) ) ;
#1686 = EDGE_LOOP ( 'NONE', ( #2387, #2436, #2396, #2302 ) ) ;
#1687 = DIRECTION ( 'NONE',  ( -0.0000000000000000000, -0.0000000000000000000, -1.000000000000000000 ) ) ;
#1688 = CARTESIAN_POINT ( 'NONE',  ( -0.08000000000000000200, 0.04499999999999997100, 0.2140000000000000000 ) ) ;
#1689 = AXIS2_PLACEMENT_3D ( 'NONE', #1688, #1687, #1685 ) ;
#1690 = CIRCLE ( 'NONE', #1689, 0.02500000000000000500 ) ;
#1691 = VECTOR ( 'NONE', #1747, 39.37007874015748100 ) ;
#1692 = CARTESIAN_POINT ( 'NONE',  ( -0.07278209898064255700, 0.1259869258239201500, -0.03200000000000000100 ) ) ;
#1693 = LINE ( 'NONE', #1692, #1691 ) ;
#1694 = CARTESIAN_POINT ( 'NONE',  ( -0.09351020724307804200, 0.2962659861837947400, -0.03200000000000000100 ) ) ;
#1695 = DIRECTION ( 'NONE',  ( 0.0000000000000000000, 0.6389319776098945100, 0.7692632371220591300 ) ) ;
#1696 = DIRECTION ( 'NONE',  ( 0.0000000000000000000, 0.7692632371220591300, -0.6389319776098945100 ) ) ;
#1697 = CARTESIAN_POINT ( 'NONE',  ( -0.2070000000000000200, 0.2348967401847960000, 0.1000000000000000200 ) ) ;
#1698 = VERTEX_POINT ( 'NONE', #476 ) ;
#1699 = LINE ( 'NONE', #1726, #1734 ) ;
#1701 = EDGE_LOOP ( 'NONE', ( #1764, #1462, #1222, #1599, #1545, #2337 ) ) ;
#1700 = VECTOR ( 'NONE', #1075, 39.37007874015748100 ) ;
#1702 = CARTESIAN_POINT ( 'NONE',  ( 3.602935169780758100E-018, -0.1399999999999999900, -0.05200000000000041400 ) ) ;
#1703 = LINE ( 'NONE', #1702, #1700 ) ;
#1704 = CARTESIAN_POINT ( 'NONE',  ( -0.03000000000000002300, -0.1099999999999999600, -0.05200000000000031000 ) ) ;
#1705 = CARTESIAN_POINT ( 'NONE',  ( 3.602935169780758100E-018, -0.1399999999999999900, -0.05200000000000041400 ) ) ;
#1706 = DIRECTION ( 'NONE',  ( 0.0000000000000000000, -1.000000000000000000, -3.414809992080326400E-015 ) ) ;
#1707 = DIRECTION ( 'NONE',  ( -0.0000000000000000000, 3.491483361109382100E-015, -1.000000000000000000 ) ) ;
#1708 = DIRECTION ( 'NONE',  ( 0.0000000000000000000, -1.000000000000000000, 0.0000000000000000000 ) ) ;
#1709 = FACE_OUTER_BOUND ( 'NONE', #3048, .T. ) ;
#1710 = CARTESIAN_POINT ( 'NONE',  ( 0.07460373939262869600, 0.1631167461755023700, 0.0000000000000000000 ) ) ;
#1711 = CARTESIAN_POINT ( 'NONE',  ( 0.1068421717879919400, 0.1429999999999999900, 0.0000000000000000000 ) ) ;
#1712 = FACE_OUTER_BOUND ( 'NONE', #2890, .T. ) ;
#1713 = DIRECTION ( 'NONE',  ( 0.0000000000000000000, 0.6389319776098945100, 0.7692632371220590200 ) ) ;
#1714 = VECTOR ( 'NONE', #1713, 39.37007874015748900 ) ;
#1715 = CARTESIAN_POINT ( 'NONE',  ( -0.1070000000000000000, 0.2348967401847960000, 0.1000000000000000200 ) ) ;
#1716 = LINE ( 'NONE', #1715, #1714 ) ;
#1717 = AXIS2_PLACEMENT_3D ( 'NONE', #1697, #1696, #1695 ) ;
#1718 = AXIS2_PLACEMENT_3D ( 'NONE', #1750, #1749, #1748 ) ;
#1719 = DIRECTION ( 'NONE',  ( 0.0000000000000000000, 0.0000000000000000000, 1.000000000000000000 ) ) ;
#1720 = DIRECTION ( 'NONE',  ( 1.000000000000000000, 0.0000000000000000000, -0.0000000000000000000 ) ) ;
#1721 = CIRCLE ( 'NONE', #1763, 0.1300000000000000000 ) ;
#1722 = DIRECTION ( 'NONE',  ( -1.000000000000000000, 0.0000000000000000000, 0.0000000000000000000 ) ) ;
#1723 = DIRECTION ( 'NONE',  ( 0.0000000000000000000, 0.0000000000000000000, 1.000000000000000000 ) ) ;
#1724 = CARTESIAN_POINT ( 'NONE',  ( -0.1070000000000000000, 0.1981999999999999900, 0.1460000000000000200 ) ) ;
#1725 = PLANE ( 'NONE',  #1718 ) ;
#1726 = CARTESIAN_POINT ( 'NONE',  ( -0.1070000000000000000, 0.1981999999999999900, 0.1460000000000000200 ) ) ;
#1727 = CARTESIAN_POINT ( 'NONE',  ( 0.09179255701505056900, 0.1528746693709746300, 0.0000000000000000000 ) ) ;
#1728 = FACE_OUTER_BOUND ( 'NONE', #3017, .T. ) ;
#1729 = PLANE ( 'NONE',  #1717 ) ;
#1730 = FACE_OUTER_BOUND ( 'NONE', #3111, .T. ) ;
#1731 = CARTESIAN_POINT ( 'NONE',  ( -0.07648299059113002100, 0.2691883788658555000, 0.0000000000000000000 ) ) ;
#1732 = AXIS2_PLACEMENT_3D ( 'NONE', #1727, #1753, #1752 ) ;
#1733 = CARTESIAN_POINT ( 'NONE',  ( -0.07186298735679931500, 0.1281522171174074000, 0.2140000000000000000 ) ) ;
#1734 = VECTOR ( 'NONE', #1708, 39.37007874015748100 ) ;
#1735 = CARTESIAN_POINT ( 'NONE',  ( -0.06421054320589927900, 0.2140501584072958000, 0.0000000000000000000 ) ) ;
#1736 = CARTESIAN_POINT ( 'NONE',  ( -0.07186298735679931500, 0.1281522171174074000, 0.2140000000000000000 ) ) ;
#1737 = LINE ( 'NONE', #1758, #1757 ) ;
#1738 = CARTESIAN_POINT ( 'NONE',  ( -0.07278209898064255700, 0.1259869258239201500, 0.0000000000000000000 ) ) ;
#1739 = DIRECTION ( 'NONE',  ( 0.0000000000000000000, -0.6389319776098942900, -0.7692632371220592400 ) ) ;
#1740 = VECTOR ( 'NONE', #1739, 39.37007874015748100 ) ;
#1741 = CARTESIAN_POINT ( 'NONE',  ( -0.1070000000000000000, 0.2540000000000000000, 0.1380000000000000100 ) ) ;
#1742 = LINE ( 'NONE', #1741, #1740 ) ;
#1743 = CYLINDRICAL_SURFACE ( 'NONE', #1745, 0.03000000000000002300 ) ;
#1744 = CARTESIAN_POINT ( 'NONE',  ( 3.602935169780758100E-018, -0.1099999999999999600, -0.05200000000000031000 ) ) ;
#1745 = AXIS2_PLACEMENT_3D ( 'NONE', #1744, #1682, #1681 ) ;
#1746 = FACE_OUTER_BOUND ( 'NONE', #3075, .T. ) ;
#1747 = DIRECTION ( 'NONE',  ( 0.0000000000000000000, 0.0000000000000000000, 1.000000000000000000 ) ) ;
#1748 = DIRECTION ( 'NONE',  ( 1.000000000000000000, 0.0000000000000000000, -0.0000000000000000000 ) ) ;
#1749 = DIRECTION ( 'NONE',  ( 0.0000000000000000000, 0.0000000000000000000, 1.000000000000000000 ) ) ;
#1750 = CARTESIAN_POINT ( 'NONE',  ( -0.2070000000000000200, 0.1981999999999999900, 0.1460000000000000200 ) ) ;
#1751 = PLANE ( 'NONE',  #1732 ) ;
#1752 = DIRECTION ( 'NONE',  ( -1.000000000000000000, 0.0000000000000000000, 0.0000000000000000000 ) ) ;
#1753 = DIRECTION ( 'NONE',  ( -0.0000000000000000000, 0.0000000000000000000, -1.000000000000000000 ) ) ;
#1754 = AXIS2_PLACEMENT_3D ( 'NONE', #1711, #1723, #1722 ) ;
#1755 = CIRCLE ( 'NONE', #1754, 0.01799999999999998500 ) ;
#1756 = DIRECTION ( 'NONE',  ( 0.3907311284892787700, 0.9205048534524382700, 0.0000000000000000000 ) ) ;
#1757 = VECTOR ( 'NONE', #1756, 39.37007874015748900 ) ;
#1758 = CARTESIAN_POINT ( 'NONE',  ( -0.1214227184053597600, 0.06258290078201750300, 0.2140000000000000000 ) ) ;
#1760 = EDGE_CURVE ( 'NONE', #385, #3268, #480, .T. ) ;
#1759 = DIRECTION ( 'NONE',  ( -1.000000000000000000, 0.0000000000000000000, 0.0000000000000000000 ) ) ;
#1761 = DIRECTION ( 'NONE',  ( -0.0000000000000000000, -0.0000000000000000000, -1.000000000000000000 ) ) ;
#1762 = CARTESIAN_POINT ( 'NONE',  ( -0.1942105432058992800, 0.2140501584072958000, 0.0000000000000000000 ) ) ;
#1763 = AXIS2_PLACEMENT_3D ( 'NONE', #1762, #1761, #1759 ) ;
#1764 = ORIENTED_EDGE ( 'NONE', *, *, #2837, .F. ) ;
#1765 = PLANE ( 'NONE',  #1766 ) ;
#1766 = AXIS2_PLACEMENT_3D ( 'NONE', #1736, #1719, #1720 ) ;
#1767 = ORIENTED_EDGE ( 'NONE', *, *, #3341, .T. ) ;
#1768 = EDGE_CURVE ( 'NONE', #3196, #1698, #478, .T. ) ;
#1769 = ADVANCED_FACE ( 'NONE', ( #473 ), #472, .F. ) ;
#1770 = ORIENTED_EDGE ( 'NONE', *, *, #3267, .F. ) ;
#1771 = CARTESIAN_POINT ( 'NONE',  ( 3.602935169780758100E-018, -0.1400000000000000400, -0.03200000000000041700 ) ) ;
#1772 = VECTOR ( 'NONE', #1795, 39.37007874015748100 ) ;
#1773 = CIRCLE ( 'NONE', #1076, 0.03799999999999998500 ) ;
#1774 = DIRECTION ( 'NONE',  ( 0.0000000000000000000, 0.0000000000000000000, 1.000000000000000000 ) ) ;
#1775 = VECTOR ( 'NONE', #1774, 39.37007874015748100 ) ;
#1776 = CARTESIAN_POINT ( 'NONE',  ( -0.06421054320589927900, 0.2140501584072958000, -0.03200000000000000100 ) ) ;
#1777 = LINE ( 'NONE', #1776, #1775 ) ;
#1778 = CARTESIAN_POINT ( 'NONE',  ( -0.1942105432058992800, 0.2140501584072958000, 0.0000000000000000000 ) ) ;
#1779 = CIRCLE ( 'NONE', #1789, 0.1499999999999999900 ) ;
#1780 = CARTESIAN_POINT ( 'NONE',  ( 0.1068421717879919400, 0.1429999999999999900, 0.0000000000000000000 ) ) ;
#1781 = CIRCLE ( 'NONE', #1804, 0.03799999999999997800 ) ;
#1782 = DIRECTION ( 'NONE',  ( 0.0000000000000000000, 0.0000000000000000000, -1.000000000000000000 ) ) ;
#1783 = DIRECTION ( 'NONE',  ( 0.0000000000000000000, 0.0000000000000000000, -1.000000000000000000 ) ) ;
#1784 = AXIS2_PLACEMENT_3D ( 'NONE', #1793, #1798, #1783 ) ;
#1785 = CIRCLE ( 'NONE', #1784, 0.01999999999999999000 ) ;
#1786 = CARTESIAN_POINT ( 'NONE',  ( -0.06421054320589927900, 0.2140501584072958000, -0.03200000000000000100 ) ) ;
#1787 = DIRECTION ( 'NONE',  ( -1.000000000000000000, 0.0000000000000000000, 0.0000000000000000000 ) ) ;
#1788 = DIRECTION ( 'NONE',  ( 0.0000000000000000000, 0.0000000000000000000, 1.000000000000000000 ) ) ;
#1789 = AXIS2_PLACEMENT_3D ( 'NONE', #1778, #1788, #1787 ) ;
#1790 = FACE_OUTER_BOUND ( 'NONE', #3084, .T. ) ;
#1791 = CYLINDRICAL_SURFACE ( 'NONE', #1792, 0.01999999999999999000 ) ;
#1792 = AXIS2_PLACEMENT_3D ( 'NONE', #1800, #1799, #1782 ) ;
#1793 = CARTESIAN_POINT ( 'NONE',  ( -0.04999999999999998900, 0.02000000000000000000, 0.1940000000000000100 ) ) ;
#1794 = CARTESIAN_POINT ( 'NONE',  ( -0.02999999999999997800, 0.02000000000000007000, 0.1940000000000000100 ) ) ;
#1795 = DIRECTION ( 'NONE',  ( 0.0000000000000000000, -1.000000000000000000, -0.0000000000000000000 ) ) ;
#1796 = CARTESIAN_POINT ( 'NONE',  ( -0.04999999999999998900, 0.02000000000000000000, 0.1740000000000000200 ) ) ;
#1797 = LINE ( 'NONE', #1796, #1772 ) ;
#1798 = DIRECTION ( 'NONE',  ( -0.0000000000000000000, 1.000000000000000000, 0.0000000000000000000 ) ) ;
#1799 = DIRECTION ( 'NONE',  ( 0.0000000000000000000, -1.000000000000000000, -0.0000000000000000000 ) ) ;
#1800 = CARTESIAN_POINT ( 'NONE',  ( -0.04999999999999998900, 0.02000000000000000000, 0.1940000000000000100 ) ) ;
#1801 = CARTESIAN_POINT ( 'NONE',  ( -0.04999999999999998900, 0.02000000000000000000, 0.1740000000000000200 ) ) ;
#1802 = DIRECTION ( 'NONE',  ( 1.000000000000000000, 0.0000000000000000000, 0.0000000000000000000 ) ) ;
#1803 = DIRECTION ( 'NONE',  ( 0.0000000000000000000, 0.0000000000000000000, 1.000000000000000000 ) ) ;
#1804 = AXIS2_PLACEMENT_3D ( 'NONE', #1780, #1803, #1802 ) ;
#1805 = CARTESIAN_POINT ( 'NONE',  ( 0.07698596256389932100, 0.2683318183452602100, 0.2140000000000000000 ) ) ;
#1806 = LINE ( 'NONE', #1805, #1820 ) ;
#1807 = CARTESIAN_POINT ( 'NONE',  ( -0.09409861384605761000, 0.2786834929003864100, 0.2140000000000000000 ) ) ;
#1808 = LINE ( 'NONE', #1807, #1861 ) ;
#1809 = CARTESIAN_POINT ( 'NONE',  ( 0.06884217178799195700, 0.1429999999999999900, 0.2140000000000000000 ) ) ;
#1810 = CARTESIAN_POINT ( 'NONE',  ( 0.1068421717879919400, 0.1429999999999999900, 0.0000000000000000000 ) ) ;
#1811 =( BOUNDED_CURVE ( )  B_SPLINE_CURVE ( 3, ( #1087, #1068, #1067, #1086 ),
 .UNSPECIFIED., .F., .T. ) 
 B_SPLINE_CURVE_WITH_KNOTS ( ( 4, 4 ),
 ( 1.570796326794896800, 1.836277577629236200 ),
 .UNSPECIFIED. ) 
 CURVE ( )  GEOMETRIC_REPRESENTATION_ITEM ( )  RATIONAL_B_SPLINE_CURVE ( ( 1.000000000000000000, 0.9941352611408398300, 0.9941352611408398300, 1.000000000000000000 ) ) 
 REPRESENTATION_ITEM ( '' )  );
#1812 =( GEOMETRIC_REPRESENTATION_CONTEXT ( 3 ) GLOBAL_UNCERTAINTY_ASSIGNED_CONTEXT ( ( #2229 ) ) GLOBAL_UNIT_ASSIGNED_CONTEXT ( ( #2232, #2231, #2230 ) ) REPRESENTATION_CONTEXT ( 'NONE', 'WORKASPACE' ) );
#1813 = AXIS2_PLACEMENT_3D ( 'NONE', #1871, #1870, #1869 ) ;
#1814 = CIRCLE ( 'NONE', #1813, 0.01799999999999998500 ) ;
#1815 = CARTESIAN_POINT ( 'NONE',  ( -0.1942105432058992800, 0.2140501584072958000, -0.03200000000000000100 ) ) ;
#1816 = CARTESIAN_POINT ( 'NONE',  ( 0.08884217178799196100, 0.1429999999999999900, 0.0000000000000000000 ) ) ;
#1817 = CYLINDRICAL_SURFACE ( 'NONE', #1887, 0.01799999999999998500 ) ;
#1818 = FACE_OUTER_BOUND ( 'NONE', #3282, .T. ) ;
#1819 = DIRECTION ( 'NONE',  ( -0.0000000000000000000, -0.0000000000000000000, -1.000000000000000000 ) ) ;
#1820 = VECTOR ( 'NONE', #1819, 39.37007874015748100 ) ;
#1821 = DIRECTION ( 'NONE',  ( -1.000000000000000000, 0.0000000000000000000, 0.0000000000000000000 ) ) ;
#1822 = DIRECTION ( 'NONE',  ( 0.0000000000000000000, 0.0000000000000000000, 1.000000000000000000 ) ) ;
#1823 = CARTESIAN_POINT ( 'NONE',  ( 0.1095000000000000000, 0.2879999999999999800, 0.2140000000000000000 ) ) ;
#1824 = AXIS2_PLACEMENT_3D ( 'NONE', #1823, #1822, #1821 ) ;
#1825 = CIRCLE ( 'NONE', #1824, 0.01799999999999998500 ) ;
#1826 = VECTOR ( 'NONE', #1877, 39.37007874015748100 ) ;
#1827 = CARTESIAN_POINT ( 'NONE',  ( -0.1942105432058992800, 0.2140501584072958000, -0.03200000000000000100 ) ) ;
#1828 = DIRECTION ( 'NONE',  ( -1.000000000000000000, 0.0000000000000000000, 0.0000000000000000000 ) ) ;
#1829 = DIRECTION ( 'NONE',  ( 0.0000000000000000000, 0.0000000000000000000, 1.000000000000000000 ) ) ;
#1830 = AXIS2_PLACEMENT_3D ( 'NONE', #1810, #1829, #1828 ) ;
#1831 = DIRECTION ( 'NONE',  ( -0.0000000000000000000, -0.0000000000000000000, -1.000000000000000000 ) ) ;
#1832 = CARTESIAN_POINT ( 'NONE',  ( 0.08884217178799196100, 0.1429999999999999900, 0.2140000000000000000 ) ) ;
#1833 = LINE ( 'NONE', #1832, #1882 ) ;
#1834 = VECTOR ( 'NONE', #1851, 39.37007874015748100 ) ;
#1835 = CARTESIAN_POINT ( 'NONE',  ( -0.04421054320589928200, 0.2140501584072958000, -0.03200000000000000100 ) ) ;
#1836 = CARTESIAN_POINT ( 'NONE',  ( 0.09179255701505056900, 0.1528746693709746300, 0.2140000000000000000 ) ) ;
#1837 = DIRECTION ( 'NONE',  ( -1.000000000000000000, 0.0000000000000000000, 0.0000000000000000000 ) ) ;
#1838 = AXIS2_PLACEMENT_3D ( 'NONE', #1845, #1844, #1837 ) ;
#1839 = CIRCLE ( 'NONE', #1838, 0.01799999999999998500 ) ;
#1840 = CARTESIAN_POINT ( 'NONE',  ( 0.09150000000000001200, 0.2879999999999999800, 0.0000000000000000000 ) ) ;
#1841 = DIRECTION ( 'NONE',  ( -0.0000000000000000000, -0.0000000000000000000, -1.000000000000000000 ) ) ;
#1842 = VECTOR ( 'NONE', #1841, 39.37007874015748100 ) ;
#1843 = CARTESIAN_POINT ( 'NONE',  ( 0.09150000000000001200, 0.2879999999999999800, 0.2140000000000000000 ) ) ;
#1844 = DIRECTION ( 'NONE',  ( 0.0000000000000000000, 0.0000000000000000000, 1.000000000000000000 ) ) ;
#1845 = CARTESIAN_POINT ( 'NONE',  ( 0.1068421717879919400, 0.1429999999999999900, 0.2140000000000000000 ) ) ;
#1846 = AXIS2_PLACEMENT_3D ( 'NONE', #1815, #1850, #1890 ) ;
#1847 = CARTESIAN_POINT ( 'NONE',  ( 0.09150000000000001200, 0.2879999999999999800, 0.2140000000000000000 ) ) ;
#1848 = CARTESIAN_POINT ( 'NONE',  ( 0.09351020724307804200, 0.2962659861837947400, 0.2140000000000000000 ) ) ;
#1849 = LINE ( 'NONE', #1888, #1834 ) ;
#1850 = DIRECTION ( 'NONE',  ( 0.0000000000000000000, 0.0000000000000000000, 1.000000000000000000 ) ) ;
#1851 = DIRECTION ( 'NONE',  ( 0.0000000000000000000, -1.000000000000000000, -0.0000000000000000000 ) ) ;
#1852 = DIRECTION ( 'NONE',  ( -0.0000000000000000000, -0.0000000000000000000, -1.000000000000000000 ) ) ;
#1853 = CARTESIAN_POINT ( 'NONE',  ( 0.1095000000000000000, 0.2879999999999999800, 0.2140000000000000000 ) ) ;
#1854 = AXIS2_PLACEMENT_3D ( 'NONE', #1827, #1878, #1872 ) ;
#1855 = CYLINDRICAL_SURFACE ( 'NONE', #1846, 0.1499999999999999900 ) ;
#1856 = CARTESIAN_POINT ( 'NONE',  ( -0.09409861384605761000, 0.2786834929003864100, 0.2140000000000000000 ) ) ;
#1857 = CARTESIAN_POINT ( 'NONE',  ( 0.07186298735679931500, 0.1281522171174073700, 0.2140000000000000000 ) ) ;
#1858 = FACE_OUTER_BOUND ( 'NONE', #3139, .T. ) ;
#1859 = CARTESIAN_POINT ( 'NONE',  ( -0.09409861384605761000, 0.2786834929003864100, 0.0000000000000000000 ) ) ;
#1860 = DIRECTION ( 'NONE',  ( -0.0000000000000000000, -0.0000000000000000000, -1.000000000000000000 ) ) ;
#1861 = VECTOR ( 'NONE', #1860, 39.37007874015748100 ) ;
#1862 = CARTESIAN_POINT ( 'NONE',  ( 0.08884217178799196100, 0.1429999999999999900, 0.2140000000000000000 ) ) ;
#1863 = DIRECTION ( 'NONE',  ( -0.0000000000000000000, -0.0000000000000000000, -1.000000000000000000 ) ) ;
#1864 = VECTOR ( 'NONE', #1863, 39.37007874015748100 ) ;
#1865 = CARTESIAN_POINT ( 'NONE',  ( 0.09351020724307804200, 0.2962659861837947400, 0.2140000000000000000 ) ) ;
#1866 = LINE ( 'NONE', #1865, #1864 ) ;
#1867 = CARTESIAN_POINT ( 'NONE',  ( -0.07278209898064255700, 0.1259869258239201500, -0.03200000000000000100 ) ) ;
#1868 = CARTESIAN_POINT ( 'NONE',  ( 0.09351020724307804200, 0.2962659861837947400, 0.0000000000000000000 ) ) ;
#1869 = DIRECTION ( 'NONE',  ( -1.000000000000000000, 0.0000000000000000000, 0.0000000000000000000 ) ) ;
#1870 = DIRECTION ( 'NONE',  ( 0.0000000000000000000, 0.0000000000000000000, 1.000000000000000000 ) ) ;
#1871 = CARTESIAN_POINT ( 'NONE',  ( 0.1095000000000000000, 0.2879999999999999800, 0.0000000000000000000 ) ) ;
#1872 = DIRECTION ( 'NONE',  ( -1.000000000000000000, 0.0000000000000000000, 0.0000000000000000000 ) ) ;
#1873 = LINE ( 'NONE', #1809, #1826 ) ;
#1874 = DIRECTION ( 'NONE',  ( -0.0000000000000000000, -0.0000000000000000000, -1.000000000000000000 ) ) ;
#1875 = CARTESIAN_POINT ( 'NONE',  ( 0.1095000000000000000, 0.2879999999999999800, 0.2140000000000000000 ) ) ;
#1876 = CYLINDRICAL_SURFACE ( 'NONE', #1886, 0.03799999999999997800 ) ;
#1877 = DIRECTION ( 'NONE',  ( -0.0000000000000000000, -0.0000000000000000000, -1.000000000000000000 ) ) ;
#1878 = DIRECTION ( 'NONE',  ( 0.0000000000000000000, 0.0000000000000000000, 1.000000000000000000 ) ) ;
#1879 = DIRECTION ( 'NONE',  ( -1.000000000000000000, 0.0000000000000000000, 0.0000000000000000000 ) ) ;
#1880 = CIRCLE ( 'NONE', #1830, 0.01799999999999998500 ) ;
#1881 = CARTESIAN_POINT ( 'NONE',  ( 0.09179255701505056900, 0.1528746693709746300, 0.0000000000000000000 ) ) ;
#1882 = VECTOR ( 'NONE', #1831, 39.37007874015748100 ) ;
#1883 = FACE_OUTER_BOUND ( 'NONE', #3103, .T. ) ;
#1884 = LINE ( 'NONE', #1843, #1842 ) ;
#1885 = DIRECTION ( 'NONE',  ( -1.000000000000000000, 0.0000000000000000000, 0.0000000000000000000 ) ) ;
#1886 = AXIS2_PLACEMENT_3D ( 'NONE', #1875, #1874, #1885 ) ;
#1887 = AXIS2_PLACEMENT_3D ( 'NONE', #1853, #1852, #1879 ) ;
#1888 = CARTESIAN_POINT ( 'NONE',  ( 0.06999999999999997900, 0.02000000000000000000, 0.1940000000000000100 ) ) ;
#1889 = CIRCLE ( 'NONE', #1854, 0.1499999999999999900 ) ;
#1890 = DIRECTION ( 'NONE',  ( 1.000000000000000000, 0.0000000000000000000, 0.0000000000000000000 ) ) ;
#1891 = CIRCLE ( 'NONE', #2028, 0.1179999999999999900 ) ;
#1892 = DIRECTION ( 'NONE',  ( -1.000000000000000000, 0.0000000000000000000, 0.0000000000000000000 ) ) ;
#1893 = DIRECTION ( 'NONE',  ( -0.0000000000000000000, -0.0000000000000000000, -1.000000000000000000 ) ) ;
#1894 = CARTESIAN_POINT ( 'NONE',  ( 0.006866028718676143500, 0.2176086130251418400, 0.2140000000000000000 ) ) ;
#1895 = AXIS2_PLACEMENT_3D ( 'NONE', #1894, #1893, #1892 ) ;
#1896 = CYLINDRICAL_SURFACE ( 'NONE', #1895, 0.1179999999999999900 ) ;
#1897 = CARTESIAN_POINT ( 'NONE',  ( -0.1050000000000000100, 0.04499999999999997100, 0.2140000000000000000 ) ) ;
#1898 = FACE_OUTER_BOUND ( 'NONE', #3162, .T. ) ;
#1899 = DIRECTION ( 'NONE',  ( -0.0000000000000000000, -0.0000000000000000000, -1.000000000000000000 ) ) ;
#1900 = VECTOR ( 'NONE', #1899, 39.37007874015748100 ) ;
#1901 = CARTESIAN_POINT ( 'NONE',  ( -0.09179255701505059700, 0.1528746693709746300, 0.2140000000000000000 ) ) ;
#1902 = EDGE_CURVE ( 'NONE', #3137, #3167, #454, .T. ) ;
#1903 = LINE ( 'NONE', #1901, #1900 ) ;
#1904 = DIRECTION ( 'NONE',  ( -0.0000000000000000000, -0.0000000000000000000, -1.000000000000000000 ) ) ;
#1905 = VECTOR ( 'NONE', #1904, 39.37007874015748100 ) ;
#1906 = CARTESIAN_POINT ( 'NONE',  ( -0.1050000000000000100, 0.04499999999999997100, 0.2140000000000000000 ) ) ;
#1907 = LINE ( 'NONE', #1906, #1905 ) ;
#1908 = DIRECTION ( 'NONE',  ( -0.0000000000000000000, -0.0000000000000000000, -1.000000000000000000 ) ) ;
#1909 = VECTOR ( 'NONE', #1908, 39.37007874015748100 ) ;
#1910 = CARTESIAN_POINT ( 'NONE',  ( -0.1030126213363109900, 0.05476827821223194400, 0.2140000000000000000 ) ) ;
#1911 = LINE ( 'NONE', #1910, #1909 ) ;
#1912 = CARTESIAN_POINT ( 'NONE',  ( -0.1030126213363109900, 0.05476827821223193700, -0.03200000000000000100 ) ) ;
#1913 = CARTESIAN_POINT ( 'NONE',  ( 0.06884217178799195700, 0.1429999999999999900, 0.2140000000000000000 ) ) ;
#1914 = DIRECTION ( 'NONE',  ( 1.000000000000000000, 0.0000000000000000000, 0.0000000000000000000 ) ) ;
#1915 = DIRECTION ( 'NONE',  ( 0.0000000000000000000, 0.0000000000000000000, 1.000000000000000000 ) ) ;
#1916 = CARTESIAN_POINT ( 'NONE',  ( 0.1068421717879919400, 0.1429999999999999900, 0.2140000000000000000 ) ) ;
#1917 = AXIS2_PLACEMENT_3D ( 'NONE', #1916, #1915, #1914 ) ;
#1918 = CIRCLE ( 'NONE', #1917, 0.03799999999999997800 ) ;
#1919 = DIRECTION ( 'NONE',  ( -0.0000000000000000000, -0.0000000000000000000, -1.000000000000000000 ) ) ;
#1920 = VECTOR ( 'NONE', #1919, 39.37007874015748100 ) ;
#1921 = CARTESIAN_POINT ( 'NONE',  ( -0.1111339712813238500, 0.2176086130251418400, 0.2140000000000000000 ) ) ;
#1922 = LINE ( 'NONE', #1921, #1920 ) ;
#1923 = VECTOR ( 'NONE', #2053, 39.37007874015748100 ) ;
#1924 = CARTESIAN_POINT ( 'NONE',  ( 0.07000000000000003400, 0.0000000000000000000, 0.2140000000000000000 ) ) ;
#1925 = LINE ( 'NONE', #1924, #1923 ) ;
#1926 = DIRECTION ( 'NONE',  ( -0.0000000000000000000, -0.0000000000000000000, -1.000000000000000000 ) ) ;
#1927 = VECTOR ( 'NONE', #1926, 39.37007874015748100 ) ;
#1928 = CARTESIAN_POINT ( 'NONE',  ( -0.1070000000000000000, 0.2485687083712097800, 0.2140000000000000000 ) ) ;
#1929 = LINE ( 'NONE', #1928, #1927 ) ;
#1930 = CARTESIAN_POINT ( 'NONE',  ( -0.1098606634271720700, 0.2348967401847960000, 0.1000000000000000200 ) ) ;
#1931 = CARTESIAN_POINT ( 'NONE',  ( -0.1091777148865802100, 0.2395079003939346600, 0.1055517584870923900 ) ) ;
#1932 = CARTESIAN_POINT ( 'NONE',  ( -0.1082230446790400400, 0.2440705555396009400, 0.1110451177025077200 ) ) ;
#1933 = CARTESIAN_POINT ( 'NONE',  ( -0.1070000000000000000, 0.2485687083712097800, 0.1164608172285469100 ) ) ;
#1934 =( BOUNDED_CURVE ( )  B_SPLINE_CURVE ( 3, ( #1933, #1932, #1931, #1930 ),
 .UNSPECIFIED., .F., .T. ) 
 B_SPLINE_CURVE_WITH_KNOTS ( ( 4, 4 ),
 ( 4.446907729550350300, 4.565350160618602400 ),
 .UNSPECIFIED. ) 
 CURVE ( )  GEOMETRIC_REPRESENTATION_ITEM ( )  RATIONAL_B_SPLINE_CURVE ( ( 1.000000000000000000, 0.9988312908402170500, 0.9988312908402170500, 1.000000000000000000 ) ) 
 REPRESENTATION_ITEM ( '' )  );
#1935 = CARTESIAN_POINT ( 'NONE',  ( -0.1104815470076221900, 0.2299999999999999800, 0.1091044080780039200 ) ) ;
#1936 = CARTESIAN_POINT ( 'NONE',  ( -0.1109162957959401900, 0.2258828889403116700, 0.1138812398250415200 ) ) ;
#1937 = CARTESIAN_POINT ( 'NONE',  ( -0.1111339712813238500, 0.2217486142312709300, 0.1186779855029722100 ) ) ;
#1938 = CARTESIAN_POINT ( 'NONE',  ( -0.1111339712813238500, 0.2176086130251418400, 0.1234813752846675700 ) ) ;
#1939 = CARTESIAN_POINT ( 'NONE',  ( -0.1111339712813238500, 0.2176086130251418400, 0.1072380329290718000 ) ) ;
#1940 =( BOUNDED_CURVE ( )  B_SPLINE_CURVE ( 3, ( #1938, #1937, #1936, #1935 ),
 .UNSPECIFIED., .F., .T. ) 
 B_SPLINE_CURVE_WITH_KNOTS ( ( 4, 4 ),
 ( 4.712388980384689700, 4.817594700791469000 ),
 .UNSPECIFIED. ) 
 CURVE ( )  GEOMETRIC_REPRESENTATION_ITEM ( )  RATIONAL_B_SPLINE_CURVE ( ( 1.000000000000000000, 0.9990778590305812200, 0.9990778590305812200, 1.000000000000000000 ) ) 
 REPRESENTATION_ITEM ( '' )  );
#1941 = DIRECTION ( 'NONE',  ( -1.000000000000000000, 0.0000000000000000000, 0.0000000000000000000 ) ) ;
#1942 = DIRECTION ( 'NONE',  ( -0.0000000000000000000, -0.0000000000000000000, -1.000000000000000000 ) ) ;
#1943 = AXIS2_PLACEMENT_3D ( 'NONE', #1944, #1942, #1941 ) ;
#1944 = CARTESIAN_POINT ( 'NONE',  ( 0.1068421717879919400, 0.1429999999999999900, 0.2140000000000000000 ) ) ;
#1945 = CYLINDRICAL_SURFACE ( 'NONE', #1943, 0.01799999999999998500 ) ;
#1946 = FACE_OUTER_BOUND ( 'NONE', #3147, .T. ) ;
#1947 = CARTESIAN_POINT ( 'NONE',  ( -0.1050000000000000200, 0.04499999999999997100, -0.03200000000000000100 ) ) ;
#1948 = DIRECTION ( 'NONE',  ( -1.000000000000000000, 0.0000000000000000000, 0.0000000000000000000 ) ) ;
#1949 = DIRECTION ( 'NONE',  ( 0.0000000000000000000, 0.0000000000000000000, 1.000000000000000000 ) ) ;
#1950 = CARTESIAN_POINT ( 'NONE',  ( 0.006866028718676143500, 0.2176086130251418400, 0.09000000000000001100 ) ) ;
#1951 = AXIS2_PLACEMENT_3D ( 'NONE', #1950, #1949, #1948 ) ;
#1952 = CIRCLE ( 'NONE', #1951, 0.1179999999999999900 ) ;
#1953 = CARTESIAN_POINT ( 'NONE',  ( -0.1105615664352420200, 0.2059999999999999900, 0.09000000000000001100 ) ) ;
#1954 = DIRECTION ( 'NONE',  ( 0.0000000000000000000, 0.0000000000000000000, 1.000000000000000000 ) ) ;
#1955 = VECTOR ( 'NONE', #1954, 39.37007874015748100 ) ;
#1956 = CARTESIAN_POINT ( 'NONE',  ( -0.1105615664352420200, 0.2059999999999999900, 0.2140000000000000000 ) ) ;
#1957 = LINE ( 'NONE', #1956, #1955 ) ;
#1958 = CARTESIAN_POINT ( 'NONE',  ( -0.1105615664352420200, 0.2059999999999999900, 0.1000000000000000100 ) ) ;
#1959 = DIRECTION ( 'NONE',  ( -3.554079255528520700E-015, -1.000000000000000000, -1.012867370532301000E-015 ) ) ;
#1960 = DIRECTION ( 'NONE',  ( -0.0000000000000000000, 9.566895192177494100E-016, -1.000000000000000000 ) ) ;
#1961 = CARTESIAN_POINT ( 'NONE',  ( 0.006866028718676143500, 0.2176086130251418400, 0.1000000000000000200 ) ) ;
#1962 = AXIS2_PLACEMENT_3D ( 'NONE', #1961, #1960, #1959 ) ;
#1963 = CIRCLE ( 'NONE', #1962, 0.1179999999999999900 ) ;
#1964 = CARTESIAN_POINT ( 'NONE',  ( -0.1111339712813238500, 0.2176086130251418400, 0.1000000000000000200 ) ) ;
#1965 = CARTESIAN_POINT ( 'NONE',  ( -0.09113397128132384700, 0.2176086130251418400, 0.0000000000000000000 ) ) ;
#1966 = CARTESIAN_POINT ( 'NONE',  ( -0.09179255701505059700, 0.1528746693709746300, 0.0000000000000000000 ) ) ;
#1967 = DIRECTION ( 'NONE',  ( 1.000000000000000000, 0.0000000000000000000, 0.0000000000000000000 ) ) ;
#1968 = DIRECTION ( 'NONE',  ( -0.0000000000000000000, -0.0000000000000000000, -1.000000000000000000 ) ) ;
#1969 = CARTESIAN_POINT ( 'NONE',  ( 0.006866028718676143500, 0.2176086130251418400, 0.0000000000000000000 ) ) ;
#1970 = AXIS2_PLACEMENT_3D ( 'NONE', #1969, #1968, #1967 ) ;
#1971 = CIRCLE ( 'NONE', #1970, 0.1179999999999999900 ) ;
#1972 = CARTESIAN_POINT ( 'NONE',  ( -0.1111339712813238500, 0.2176086130251418400, 0.0000000000000000000 ) ) ;
#1973 = DIRECTION ( 'NONE',  ( -0.0000000000000000000, -0.0000000000000000000, -1.000000000000000000 ) ) ;
#1974 = VECTOR ( 'NONE', #1973, 39.37007874015748100 ) ;
#1975 = CARTESIAN_POINT ( 'NONE',  ( -0.1111339712813238500, 0.2176086130251418400, 0.2140000000000000000 ) ) ;
#1976 = LINE ( 'NONE', #1975, #1974 ) ;
#1977 = DIRECTION ( 'NONE',  ( 1.000000000000000000, 0.0000000000000000000, 0.0000000000000000000 ) ) ;
#1978 = DIRECTION ( 'NONE',  ( 0.0000000000000000000, 0.0000000000000000000, 1.000000000000000000 ) ) ;
#1979 = CARTESIAN_POINT ( 'NONE',  ( 0.1068421717879919400, 0.1429999999999999900, 0.0000000000000000000 ) ) ;
#1980 = AXIS2_PLACEMENT_3D ( 'NONE', #1979, #1978, #1977 ) ;
#1981 = CIRCLE ( 'NONE', #1980, 0.03799999999999997800 ) ;
#1982 = DIRECTION ( 'NONE',  ( -0.0000000000000000000, -0.0000000000000000000, -1.000000000000000000 ) ) ;
#1983 = VECTOR ( 'NONE', #1982, 39.37007874015748100 ) ;
#1984 = CARTESIAN_POINT ( 'NONE',  ( 0.07150000000000002200, 0.2879999999999999800, 0.2140000000000000000 ) ) ;
#1985 = LINE ( 'NONE', #1984, #1983 ) ;
#1986 = CARTESIAN_POINT ( 'NONE',  ( 0.07698596256389932100, 0.2683318183452602100, 0.2140000000000000000 ) ) ;
#1987 = CARTESIAN_POINT ( 'NONE',  ( 0.07150000000000002200, 0.2879999999999999800, 0.2140000000000000000 ) ) ;
#1988 = DIRECTION ( 'NONE',  ( 1.000000000000000000, 0.0000000000000000000, 0.0000000000000000000 ) ) ;
#1989 = DIRECTION ( 'NONE',  ( 0.0000000000000000000, 0.0000000000000000000, 1.000000000000000000 ) ) ;
#1990 = CARTESIAN_POINT ( 'NONE',  ( 0.1095000000000000000, 0.2879999999999999800, 0.2140000000000000000 ) ) ;
#1991 = AXIS2_PLACEMENT_3D ( 'NONE', #1990, #1989, #1988 ) ;
#1992 = CIRCLE ( 'NONE', #1991, 0.03799999999999997800 ) ;
#1993 = DIRECTION ( 'NONE',  ( -1.000000000000000000, 0.0000000000000000000, 0.0000000000000000000 ) ) ;
#1994 = DIRECTION ( 'NONE',  ( -0.0000000000000000000, -0.0000000000000000000, -1.000000000000000000 ) ) ;
#1995 = CARTESIAN_POINT ( 'NONE',  ( -0.08000000000000000200, 0.04499999999999997100, 0.2140000000000000000 ) ) ;
#1996 = AXIS2_PLACEMENT_3D ( 'NONE', #1995, #1994, #1993 ) ;
#1997 = CYLINDRICAL_SURFACE ( 'NONE', #1996, 0.02500000000000000500 ) ;
#1998 = FACE_OUTER_BOUND ( 'NONE', #3198, .T. ) ;
#1999 = CARTESIAN_POINT ( 'NONE',  ( -0.1111339712813238500, 0.2176086130251418400, 0.09000000000000001100 ) ) ;
#2000 = CARTESIAN_POINT ( 'NONE',  ( 0.07648299059113002100, 0.2691883788658555000, 0.0000000000000000000 ) ) ;
#2001 = DIRECTION ( 'NONE',  ( 1.000000000000000000, 0.0000000000000000000, 0.0000000000000000000 ) ) ;
#2002 = DIRECTION ( 'NONE',  ( 0.0000000000000000000, 0.0000000000000000000, 1.000000000000000000 ) ) ;
#2003 = CARTESIAN_POINT ( 'NONE',  ( 0.1095000000000000000, 0.2879999999999999800, 0.0000000000000000000 ) ) ;
#2004 = AXIS2_PLACEMENT_3D ( 'NONE', #2003, #2002, #2001 ) ;
#2005 = CIRCLE ( 'NONE', #2004, 0.03799999999999997800 ) ;
#2006 = DIRECTION ( 'NONE',  ( -1.000000000000000000, 0.0000000000000000000, 0.0000000000000000000 ) ) ;
#2007 = DIRECTION ( 'NONE',  ( -0.0000000000000000000, -0.0000000000000000000, -1.000000000000000000 ) ) ;
#2008 = CARTESIAN_POINT ( 'NONE',  ( 0.1068421717879919400, 0.1429999999999999900, 0.2140000000000000000 ) ) ;
#2009 = AXIS2_PLACEMENT_3D ( 'NONE', #2008, #2007, #2006 ) ;
#2010 = CARTESIAN_POINT ( 'NONE',  ( 0.07150000000000002200, 0.2879999999999999800, 0.0000000000000000000 ) ) ;
#2011 = CYLINDRICAL_SURFACE ( 'NONE', #2009, 0.03799999999999998500 ) ;
#2012 = DIRECTION ( 'NONE',  ( 1.000000000000000000, 0.0000000000000000000, 0.0000000000000000000 ) ) ;
#2013 = DIRECTION ( 'NONE',  ( -0.0000000000000000000, -0.0000000000000000000, -1.000000000000000000 ) ) ;
#2014 = CARTESIAN_POINT ( 'NONE',  ( -0.08000000000000000200, 0.04499999999999997100, 0.2140000000000000000 ) ) ;
#2015 = AXIS2_PLACEMENT_3D ( 'NONE', #2014, #2013, #2012 ) ;
#2016 = CIRCLE ( 'NONE', #2015, 0.02500000000000000500 ) ;
#2017 = FACE_OUTER_BOUND ( 'NONE', #3173, .T. ) ;
#2018 = CARTESIAN_POINT ( 'NONE',  ( 0.06884217178799195700, 0.1429999999999999900, 0.0000000000000000000 ) ) ;
#2019 = DIRECTION ( 'NONE',  ( -1.000000000000000000, 0.0000000000000000000, 0.0000000000000000000 ) ) ;
#2020 = DIRECTION ( 'NONE',  ( -0.0000000000000000000, -0.0000000000000000000, -1.000000000000000000 ) ) ;
#2021 = CARTESIAN_POINT ( 'NONE',  ( -0.08000000000000001600, 0.04499999999999999800, -0.03200000000000000100 ) ) ;
#2022 = AXIS2_PLACEMENT_3D ( 'NONE', #2021, #2020, #2019 ) ;
#2023 = CIRCLE ( 'NONE', #2022, 0.02500000000000000500 ) ;
#2024 = CARTESIAN_POINT ( 'NONE',  ( -0.07698596256389934900, 0.2683318183452601500, 0.0000000000000000000 ) ) ;
#2025 = DIRECTION ( 'NONE',  ( 1.000000000000000000, 0.0000000000000000000, 0.0000000000000000000 ) ) ;
#2026 = DIRECTION ( 'NONE',  ( -0.0000000000000000000, -0.0000000000000000000, -1.000000000000000000 ) ) ;
#2027 = CARTESIAN_POINT ( 'NONE',  ( 0.006866028718676143500, 0.2176086130251418400, 0.2140000000000000000 ) ) ;
#2028 = AXIS2_PLACEMENT_3D ( 'NONE', #2027, #2026, #2025 ) ;
#2029 = CARTESIAN_POINT ( 'NONE',  ( -0.1105970483775684800, 0.2046178580919215700, 0.1385537524159491100 ) ) ;
#2030 = CARTESIAN_POINT ( 'NONE',  ( -0.1095268651384674200, 0.1981999999999999900, 0.1460000000000000200 ) ) ;
#2031 =( BOUNDED_CURVE ( )  B_SPLINE_CURVE ( 3, ( #2030, #2029, #2083, #2082 ),
 .UNSPECIFIED., .F., .T. ) 
 B_SPLINE_CURVE_WITH_KNOTS ( ( 4, 4 ),
 ( 4.547158404000860800, 4.712388980384689700 ),
 .UNSPECIFIED. ) 
 CURVE ( )  GEOMETRIC_REPRESENTATION_ITEM ( )  RATIONAL_B_SPLINE_CURVE ( ( 1.000000000000000000, 0.9977261984392585800, 0.9977261984392585800, 1.000000000000000000 ) ) 
 REPRESENTATION_ITEM ( '' )  );
#2032 = CARTESIAN_POINT ( 'NONE',  ( -0.1070000000000000000, 0.1866485176790738700, 0.1460000000000000200 ) ) ;
#2033 = DIRECTION ( 'NONE',  ( -1.000000000000000000, 0.0000000000000000000, 0.0000000000000000000 ) ) ;
#2034 = DIRECTION ( 'NONE',  ( -0.0000000000000000000, -0.0000000000000000000, -1.000000000000000000 ) ) ;
#2035 = CARTESIAN_POINT ( 'NONE',  ( 0.006866028718676143500, 0.2176086130251418400, 0.2140000000000000000 ) ) ;
#2036 = AXIS2_PLACEMENT_3D ( 'NONE', #2035, #2034, #2033 ) ;
#2037 = CYLINDRICAL_SURFACE ( 'NONE', #2036, 0.1179999999999999900 ) ;
#2038 = FACE_OUTER_BOUND ( 'NONE', #3311, .T. ) ;
#2039 = CARTESIAN_POINT ( 'NONE',  ( 0.07186298735679931500, 0.1281522171174074000, 0.0000000000000000000 ) ) ;
#2040 = CARTESIAN_POINT ( 'NONE',  ( -0.1111339712813238500, 0.2176086130251418400, 0.2140000000000000000 ) ) ;
#2041 = CARTESIAN_POINT ( 'NONE',  ( -0.09179255701505059700, 0.1528746693709746300, 0.2140000000000000000 ) ) ;
#2042 = DIRECTION ( 'NONE',  ( 0.0000000000000000000, 0.0000000000000000000, -1.000000000000000000 ) ) ;
#2043 = VECTOR ( 'NONE', #2042, 39.37007874015748100 ) ;
#2044 = CARTESIAN_POINT ( 'NONE',  ( 0.06999999999999999300, 0.0000000000000000000, 0.2140000000000000000 ) ) ;
#2045 = LINE ( 'NONE', #2044, #2043 ) ;
#2046 = CARTESIAN_POINT ( 'NONE',  ( 0.06999999999999999300, 0.0000000000000000000, 0.2140000000000000000 ) ) ;
#2047 = CARTESIAN_POINT ( 'NONE',  ( 0.08000000000000000200, -1.707404996040164500E-017, 0.2140000000000000000 ) ) ;
#2048 = DIRECTION ( 'NONE',  ( -1.000000000000000000, -0.0000000000000000000, -0.0000000000000000000 ) ) ;
#2049 = VECTOR ( 'NONE', #2048, 39.37007874015748100 ) ;
#2050 = CARTESIAN_POINT ( 'NONE',  ( -0.08000000000000000200, 0.0000000000000000000, 0.2140000000000000000 ) ) ;
#2051 = LINE ( 'NONE', #2050, #2049 ) ;
#2052 = CARTESIAN_POINT ( 'NONE',  ( 0.06999999999999993700, 0.0000000000000000000, -0.03199999999999999400 ) ) ;
#2053 = DIRECTION ( 'NONE',  ( 0.0000000000000000000, 0.0000000000000000000, -1.000000000000000000 ) ) ;
#2054 = LINE ( 'NONE', #2060, #2112 ) ;
#2055 = DIRECTION ( 'NONE',  ( -1.000000000000000000, 0.0000000000000000000, 0.0000000000000000000 ) ) ;
#2056 = DIRECTION ( 'NONE',  ( 0.0000000000000000000, 0.0000000000000000000, 1.000000000000000000 ) ) ;
#2057 = CARTESIAN_POINT ( 'NONE',  ( -0.08000000000000001600, 0.04499999999999999800, -0.03200000000000000100 ) ) ;
#2058 = AXIS2_PLACEMENT_3D ( 'NONE', #2057, #2056, #2055 ) ;
#2059 = CIRCLE ( 'NONE', #2058, 0.04500000000000001200 ) ;
#2060 = CARTESIAN_POINT ( 'NONE',  ( -0.1111339712813238500, 0.2176086130251418400, 0.2140000000000000000 ) ) ;
#2061 = CARTESIAN_POINT ( 'NONE',  ( -0.1250000000000000300, 0.04499999999999997100, -0.03200000000000000100 ) ) ;
#2062 = DIRECTION ( 'NONE',  ( -0.0000000000000000000, -0.0000000000000000000, -1.000000000000000000 ) ) ;
#2063 = VECTOR ( 'NONE', #2062, 39.37007874015748100 ) ;
#2064 = CARTESIAN_POINT ( 'NONE',  ( -0.1250000000000000000, 0.04499999999999997100, 0.2140000000000000000 ) ) ;
#2065 = LINE ( 'NONE', #2064, #2063 ) ;
#2066 = DIRECTION ( 'NONE',  ( -1.000000000000000000, 0.0000000000000000000, 0.0000000000000000000 ) ) ;
#2067 = DIRECTION ( 'NONE',  ( -0.0000000000000000000, -0.0000000000000000000, -1.000000000000000000 ) ) ;
#2068 = CARTESIAN_POINT ( 'NONE',  ( -0.08000000000000000200, 0.04499999999999997100, 0.2140000000000000000 ) ) ;
#2069 = AXIS2_PLACEMENT_3D ( 'NONE', #2068, #2067, #2066 ) ;
#2070 = CYLINDRICAL_SURFACE ( 'NONE', #2069, 0.04499999999999999800 ) ;
#2071 = CARTESIAN_POINT ( 'NONE',  ( -0.1111339712813238500, 0.2176086130251418400, 0.1234813752846675700 ) ) ;
#2072 = FACE_OUTER_BOUND ( 'NONE', #3243, .T. ) ;
#2073 = DIRECTION ( 'NONE',  ( -0.0000000000000000000, -0.0000000000000000000, -1.000000000000000000 ) ) ;
#2074 = VECTOR ( 'NONE', #2073, 39.37007874015748100 ) ;
#2075 = CARTESIAN_POINT ( 'NONE',  ( 0.09179255701505056900, 0.1528746693709746300, 0.2140000000000000000 ) ) ;
#2076 = DIRECTION ( 'NONE',  ( 1.000000000000000000, -1.244379912368255500E-014, 0.0000000000000000000 ) ) ;
#2077 = DIRECTION ( 'NONE',  ( -0.0000000000000000000, -0.0000000000000000000, -1.000000000000000000 ) ) ;
#2078 = CARTESIAN_POINT ( 'NONE',  ( 0.006866028718676143500, 0.2176086130251418400, 0.1460000000000000200 ) ) ;
#2079 = AXIS2_PLACEMENT_3D ( 'NONE', #2078, #2077, #2076 ) ;
#2080 = CIRCLE ( 'NONE', #2079, 0.1179999999999999900 ) ;
#2081 = LINE ( 'NONE', #2075, #2074 ) ;
#2082 = CARTESIAN_POINT ( 'NONE',  ( -0.1111339712813238500, 0.2176086130251418400, 0.1234813752846675700 ) ) ;
#2083 = CARTESIAN_POINT ( 'NONE',  ( -0.1111339712813238500, 0.2111021397366930300, 0.1310304376526541800 ) ) ;
#2084 = LINE ( 'NONE', #1171, #1334 ) ;
#2085 = CARTESIAN_POINT ( 'NONE',  ( -0.02999999999999997100, 0.0000000000000000000, -0.01200000000000000200 ) ) ;
#2086 = DIRECTION ( 'NONE',  ( 0.0000000000000000000, 0.0000000000000000000, -1.000000000000000000 ) ) ;
#2087 = DIRECTION ( 'NONE',  ( -0.0000000000000000000, 1.000000000000000000, 0.0000000000000000000 ) ) ;
#2088 = CARTESIAN_POINT ( 'NONE',  ( -0.05000000000000003700, 0.0000000000000000000, -0.01199999999999998800 ) ) ;
#2089 = AXIS2_PLACEMENT_3D ( 'NONE', #2088, #2087, #2086 ) ;
#2090 = CIRCLE ( 'NONE', #2089, 0.02000000000000000700 ) ;
#2091 = DIRECTION ( 'NONE',  ( -0.0000000000000000000, -0.0000000000000000000, 1.000000000000000000 ) ) ;
#2092 = VECTOR ( 'NONE', #2091, 39.37007874015748100 ) ;
#2093 = CARTESIAN_POINT ( 'NONE',  ( -0.06999999999999993700, 0.0000000000000000000, 0.2140000000000000000 ) ) ;
#2094 = LINE ( 'NONE', #2093, #2092 ) ;
#2095 = CARTESIAN_POINT ( 'NONE',  ( -0.06999999999999999300, 0.0000000000000000000, -0.01200000000000000200 ) ) ;
#2096 = CARTESIAN_POINT ( 'NONE',  ( -0.06999999999999993700, 0.0000000000000000000, -0.03199999999999999400 ) ) ;
#2097 = DIRECTION ( 'NONE',  ( 1.000000000000000000, 0.0000000000000000000, 0.0000000000000000000 ) ) ;
#2098 = VECTOR ( 'NONE', #2097, 39.37007874015748100 ) ;
#2099 = CARTESIAN_POINT ( 'NONE',  ( -0.08000000000000000200, -1.707404996040164500E-017, -0.03200000000000000100 ) ) ;
#2100 = LINE ( 'NONE', #2099, #2098 ) ;
#2101 = DIRECTION ( 'NONE',  ( -1.000000000000000000, -0.0000000000000000000, -0.0000000000000000000 ) ) ;
#2102 = VECTOR ( 'NONE', #2101, 39.37007874015748100 ) ;
#2103 = CARTESIAN_POINT ( 'NONE',  ( -0.08000000000000000200, 0.0000000000000000000, 0.2140000000000000000 ) ) ;
#2104 = LINE ( 'NONE', #2103, #2102 ) ;
#2105 = CARTESIAN_POINT ( 'NONE',  ( -0.06999999999999992300, 0.0000000000000000000, 0.2140000000000000000 ) ) ;
#2106 = DIRECTION ( 'NONE',  ( -0.0000000000000000000, -0.0000000000000000000, 1.000000000000000000 ) ) ;
#2107 = VECTOR ( 'NONE', #2106, 39.37007874015748100 ) ;
#2108 = CARTESIAN_POINT ( 'NONE',  ( -0.06999999999999996500, 0.0000000000000000000, 0.2140000000000000000 ) ) ;
#2109 = LINE ( 'NONE', #2108, #2107 ) ;
#2110 = CARTESIAN_POINT ( 'NONE',  ( -0.06999999999999996500, 0.0000000000000000000, 0.1940000000000000300 ) ) ;
#2111 = DIRECTION ( 'NONE',  ( -0.0000000000000000000, -0.0000000000000000000, -1.000000000000000000 ) ) ;
#2112 = VECTOR ( 'NONE', #2111, 39.37007874015748100 ) ;
#2113 = CARTESIAN_POINT ( 'NONE',  ( -0.08000000000000000200, 0.0000000000000000000, 0.2140000000000000000 ) ) ;
#2114 = FACE_OUTER_BOUND ( 'NONE', #3214, .T. ) ;
#2115 = AXIS2_PLACEMENT_3D ( 'NONE', #2123, #2122, #2155 ) ;
#2116 = EDGE_LOOP ( 'NONE', ( #2263, #2255, #2199, #2117 ) ) ;
#2117 = ORIENTED_EDGE ( 'NONE', *, *, #2423, .F. ) ;
#2118 = CARTESIAN_POINT ( 'NONE',  ( 0.07000000000000003400, 0.0000000000000000000, -0.01200000000000000200 ) ) ;
#2119 = CARTESIAN_POINT ( 'NONE',  ( -0.1098606634271720700, 0.2348967401847960000, 0.1000000000000000200 ) ) ;
#2120 = CARTESIAN_POINT ( 'NONE',  ( -0.1070000000000000000, 0.2485687083712097800, 0.1000000000000000200 ) ) ;
#2121 = CIRCLE ( 'NONE', #2153, 0.02000000000000000000 ) ;
#2122 = DIRECTION ( 'NONE',  ( 0.0000000000000000000, -1.000000000000000000, 0.0000000000000000000 ) ) ;
#2123 = CARTESIAN_POINT ( 'NONE',  ( -0.08000000000000000200, 0.0000000000000000000, 0.2140000000000000000 ) ) ;
#2124 = DIRECTION ( 'NONE',  ( -0.0000000000000000000, -0.0000000000000000000, -1.000000000000000000 ) ) ;
#2125 = VECTOR ( 'NONE', #2124, 39.37007874015748100 ) ;
#2126 = CARTESIAN_POINT ( 'NONE',  ( -0.1070000000000000000, 0.2485687083712097800, 0.2140000000000000000 ) ) ;
#2127 = CIRCLE ( 'NONE', #2181, 0.1179999999999999900 ) ;
#2128 = LINE ( 'NONE', #2185, #2184 ) ;
#2129 = LINE ( 'NONE', #2126, #2125 ) ;
#2130 = CARTESIAN_POINT ( 'NONE',  ( 0.02999999999999998800, 0.0000000000000000000, -0.01200000000000000200 ) ) ;
#2131 = CARTESIAN_POINT ( 'NONE',  ( -0.08000000000000000200, 0.04499999999999997100, 0.2140000000000000000 ) ) ;
#2132 = DIRECTION ( 'NONE',  ( 0.0000000000000000000, 0.0000000000000000000, -1.000000000000000000 ) ) ;
#2133 = DIRECTION ( 'NONE',  ( -0.0000000000000000000, 1.000000000000000000, 0.0000000000000000000 ) ) ;
#2134 = DIRECTION ( 'NONE',  ( 1.000000000000000000, 0.0000000000000000000, 0.0000000000000000000 ) ) ;
#2135 = DIRECTION ( 'NONE',  ( -0.0000000000000000000, -0.0000000000000000000, -1.000000000000000000 ) ) ;
#2136 = LINE ( 'NONE', #2162, #2161 ) ;
#2137 = PLANE ( 'NONE',  #2115 ) ;
#2138 = CARTESIAN_POINT ( 'NONE',  ( -0.08000000000000000200, -1.707404996040164500E-017, -0.03200000000000000100 ) ) ;
#2139 = VECTOR ( 'NONE', #2156, 39.37007874015748100 ) ;
#2140 = ADVANCED_BREP_SHAPE_REPRESENTATION ( '3517_rev.E', ( #2970, #2266 ), #1812 ) ;
#2141 = CARTESIAN_POINT ( 'NONE',  ( 0.03000000000000002300, 0.0000000000000000000, 0.1940000000000000100 ) ) ;
#2142 = DIRECTION ( 'NONE',  ( 0.0000000000000000000, 0.0000000000000000000, -1.000000000000000000 ) ) ;
#2143 = DIRECTION ( 'NONE',  ( -0.0000000000000000000, 1.000000000000000000, 0.0000000000000000000 ) ) ;
#2144 = AXIS2_PLACEMENT_3D ( 'NONE', #2198, #2143, #2142 ) ;
#2145 = CIRCLE ( 'NONE', #2144, 0.01999999999999999000 ) ;
#2146 = DIRECTION ( 'NONE',  ( 0.0000000000000000000, 0.0000000000000000000, -1.000000000000000000 ) ) ;
#2147 = DIRECTION ( 'NONE',  ( -0.0000000000000000000, 1.000000000000000000, 0.0000000000000000000 ) ) ;
#2148 = CARTESIAN_POINT ( 'NONE',  ( -0.06999999999999996500, 0.02000000000000000000, 0.2140000000000000000 ) ) ;
#2149 = DIRECTION ( 'NONE',  ( -1.000000000000000000, -0.0000000000000000000, 0.0000000000000000000 ) ) ;
#2150 = VECTOR ( 'NONE', #2149, 39.37007874015748100 ) ;
#2151 = CARTESIAN_POINT ( 'NONE',  ( -0.08000000000000000200, 0.02000000000000000000, 0.2140000000000000000 ) ) ;
#2152 = CARTESIAN_POINT ( 'NONE',  ( 0.006866028718676143500, 0.2176086130251418400, 0.2140000000000000000 ) ) ;
#2153 = AXIS2_PLACEMENT_3D ( 'NONE', #2173, #2147, #2146 ) ;
#2154 = LINE ( 'NONE', #2151, #2150 ) ;
#2155 = DIRECTION ( 'NONE',  ( 0.0000000000000000000, -0.0000000000000000000, -1.000000000000000000 ) ) ;
#2156 = DIRECTION ( 'NONE',  ( 0.0000000000000000000, 0.0000000000000000000, 1.000000000000000000 ) ) ;
#2157 = CARTESIAN_POINT ( 'NONE',  ( -0.1070000000000000000, 0.1866485176790738700, 0.2140000000000000000 ) ) ;
#2158 = LINE ( 'NONE', #2157, #2139 ) ;
#2159 = CARTESIAN_POINT ( 'NONE',  ( -0.08000000000000000200, 0.01999999999999996600, 0.2140000000000000000 ) ) ;
#2160 = DIRECTION ( 'NONE',  ( -0.0000000000000000000, -0.0000000000000000000, -1.000000000000000000 ) ) ;
#2161 = VECTOR ( 'NONE', #2160, 39.37007874015748100 ) ;
#2162 = CARTESIAN_POINT ( 'NONE',  ( -0.08000000000000000200, 0.01999999999999996600, 0.2140000000000000000 ) ) ;
#2163 = DIRECTION ( 'NONE',  ( -0.0000000000000000000, -0.0000000000000000000, -1.000000000000000000 ) ) ;
#2164 = VECTOR ( 'NONE', #2163, 39.37007874015748100 ) ;
#2165 = CARTESIAN_POINT ( 'NONE',  ( -0.1070000000000000000, 0.1866485176790738700, 0.1431591349339339000 ) ) ;
#2166 = CARTESIAN_POINT ( 'NONE',  ( 0.07698596256389932100, 0.2683318183452602100, 0.0000000000000000000 ) ) ;
#2167 = CARTESIAN_POINT ( 'NONE',  ( -0.1250000000000000000, 0.04499999999999997100, 0.2140000000000000000 ) ) ;
#2168 = CARTESIAN_POINT ( 'NONE',  ( -0.08000000000000000200, 0.0000000000000000000, 0.2140000000000000000 ) ) ;
#2169 = DIRECTION ( 'NONE',  ( -1.000000000000000000, 0.0000000000000000000, 0.0000000000000000000 ) ) ;
#2170 = DIRECTION ( 'NONE',  ( -0.0000000000000000000, -0.0000000000000000000, -1.000000000000000000 ) ) ;
#2171 = AXIS2_PLACEMENT_3D ( 'NONE', #2131, #2170, #2169 ) ;
#2172 = CIRCLE ( 'NONE', #2171, 0.04499999999999999800 ) ;
#2173 = CARTESIAN_POINT ( 'NONE',  ( 0.05000000000000003700, 0.0000000000000000000, -0.01200000000000000200 ) ) ;
#2174 = DIRECTION ( 'NONE',  ( 3.612610050230249200E-016, 0.0000000000000000000, 1.000000000000000000 ) ) ;
#2175 = VECTOR ( 'NONE', #2174, 39.37007874015748100 ) ;
#2176 = CARTESIAN_POINT ( 'NONE',  ( -0.06999999999999992300, 0.02000000000000000000, 0.2140000000000000000 ) ) ;
#2177 = LINE ( 'NONE', #2176, #2175 ) ;
#2178 = DIRECTION ( 'NONE',  ( 1.000000000000000000, 0.0000000000000000000, 0.0000000000000000000 ) ) ;
#2179 = DIRECTION ( 'NONE',  ( -0.0000000000000000000, -0.0000000000000000000, -1.000000000000000000 ) ) ;
#2180 = CARTESIAN_POINT ( 'NONE',  ( 0.006866028718676143500, 0.2176086130251418400, 0.0000000000000000000 ) ) ;
#2181 = AXIS2_PLACEMENT_3D ( 'NONE', #2180, #2179, #2178 ) ;
#2182 = CARTESIAN_POINT ( 'NONE',  ( -0.08000000000000001600, 0.01999999999999998700, -0.03200000000000000100 ) ) ;
#2183 = DIRECTION ( 'NONE',  ( -1.000000000000000000, -0.0000000000000000000, -0.0000000000000000000 ) ) ;
#2184 = VECTOR ( 'NONE', #2183, 39.37007874015748100 ) ;
#2185 = CARTESIAN_POINT ( 'NONE',  ( -0.08000000000000001600, 0.01999999999999998700, -0.03200000000000000100 ) ) ;
#2186 = AXIS2_PLACEMENT_3D ( 'NONE', #2152, #2135, #2134 ) ;
#2187 = LINE ( 'NONE', #2113, #2164 ) ;
#2188 = CIRCLE ( 'NONE', #2186, 0.1179999999999999900 ) ;
#2189 = CARTESIAN_POINT ( 'NONE',  ( -0.04999999999999998900, 0.0000000000000000000, 0.1940000000000000100 ) ) ;
#2190 = AXIS2_PLACEMENT_3D ( 'NONE', #2189, #2133, #2132 ) ;
#2191 = CIRCLE ( 'NONE', #2190, 0.01999999999999999000 ) ;
#2192 = CARTESIAN_POINT ( 'NONE',  ( -0.1095268651384674200, 0.1981999999999999900, 0.1460000000000000200 ) ) ;
#2193 = DIRECTION ( 'NONE',  ( 1.000000000000000000, 0.0000000000000000000, 0.0000000000000000000 ) ) ;
#2194 = DIRECTION ( 'NONE',  ( 0.0000000000000000000, 0.0000000000000000000, 1.000000000000000000 ) ) ;
#2195 = CARTESIAN_POINT ( 'NONE',  ( 0.1095000000000000000, 0.2879999999999999800, 0.0000000000000000000 ) ) ;
#2196 = AXIS2_PLACEMENT_3D ( 'NONE', #2195, #2194, #2193 ) ;
#2197 = CIRCLE ( 'NONE', #2196, 0.03799999999999997800 ) ;
#2198 = CARTESIAN_POINT ( 'NONE',  ( 0.05000000000000003700, 0.0000000000000000000, 0.1940000000000000100 ) ) ;
#2199 = ORIENTED_EDGE ( 'NONE', *, *, #3221, .F. ) ;
#2200 = LINE ( 'NONE', #2251, #2250 ) ;
#2201 = CARTESIAN_POINT ( 'NONE',  ( -0.06999999999999999300, 0.02000000000000000000, -0.01199999999999998500 ) ) ;
#2202 = DIRECTION ( 'NONE',  ( 0.0000000000000000000, 0.0000000000000000000, -1.000000000000000000 ) ) ;
#2203 = DIRECTION ( 'NONE',  ( -0.0000000000000000000, 1.000000000000000000, 0.0000000000000000000 ) ) ;
#2204 = CARTESIAN_POINT ( 'NONE',  ( -0.05000000000000003700, 0.02000000000000000000, -0.01199999999999998800 ) ) ;
#2205 = AXIS2_PLACEMENT_3D ( 'NONE', #2204, #2203, #2202 ) ;
#2206 = LENGTH_MEASURE_WITH_UNIT ( LENGTH_MEASURE( 0.02539999999999999900 ), #2208 );
#2207 = DIMENSIONAL_EXPONENTS ( 1.000000000000000000, 0.0000000000000000000, 0.0000000000000000000, 0.0000000000000000000, 0.0000000000000000000, 0.0000000000000000000, 0.0000000000000000000 ) ;
#2208 =( LENGTH_UNIT ( ) NAMED_UNIT ( * ) SI_UNIT ( $, .METRE. ) );
#2209 = DIRECTION ( 'NONE',  ( -0.0000000000000000000, -8.937767755643811600E-016, -1.000000000000000000 ) ) ;
#2210 = CARTESIAN_POINT ( 'NONE',  ( 0.06999999999999999300, 0.02000000000000000000, 0.2140000000000000000 ) ) ;
#2211 = DIRECTION ( 'NONE',  ( -3.612610050230249200E-016, 0.0000000000000000000, -1.000000000000000000 ) ) ;
#2212 = VECTOR ( 'NONE', #2211, 39.37007874015748100 ) ;
#2213 = CARTESIAN_POINT ( 'NONE',  ( 0.06999999999999999300, 0.02000000000000000000, 0.2139999999999999100 ) ) ;
#2214 = CARTESIAN_POINT ( 'NONE',  ( -0.1070000000000000000, 0.2485687083712097800, 0.1314608172285468800 ) ) ;
#2215 = CARTESIAN_POINT ( 'NONE',  ( -0.1086558214351268400, 0.2424788753465484700, 0.1241287618138089800 ) ) ;
#2216 = CARTESIAN_POINT ( 'NONE',  ( -0.1070000000000000000, 0.2485687083712097800, 0.1164608172285469100 ) ) ;
#2217 = LINE ( 'NONE', #2213, #2212 ) ;
#2218 = CIRCLE ( 'NONE', #2242, 0.1179999999999999900 ) ;
#2219 = VECTOR ( 'NONE', #2226, 39.37007874015748100 ) ;
#2220 = CARTESIAN_POINT ( 'NONE',  ( 0.07186298735679931500, 0.1281522171174073700, 0.2140000000000000000 ) ) ;
#2221 = CARTESIAN_POINT ( 'NONE',  ( 0.006866028718676143500, 0.2176086130251418400, 0.09000000000000001100 ) ) ;
#2222 = LINE ( 'NONE', #2220, #2241 ) ;
#2223 = AXIS2_PLACEMENT_3D ( 'NONE', #2221, #2245, #2244 ) ;
#2224 = CIRCLE ( 'NONE', #2223, 0.1179999999999999900 ) ;
#2225 = CARTESIAN_POINT ( 'NONE',  ( 0.006866028718676143500, 0.2176086130251418400, 0.1000000000000000500 ) ) ;
#2226 = DIRECTION ( 'NONE',  ( -1.000000000000000000, -0.0000000000000000000, -0.0000000000000000000 ) ) ;
#2227 =( BOUNDED_CURVE ( )  B_SPLINE_CURVE ( 3, ( #2253, #2252, #2215, #2214 ),
 .UNSPECIFIED., .F., .T. ) 
 B_SPLINE_CURVE_WITH_KNOTS ( ( 4, 4 ),
 ( 1.676002047201677200, 1.836277577629236200 ),
 .UNSPECIFIED. ) 
 CURVE ( )  GEOMETRIC_REPRESENTATION_ITEM ( )  RATIONAL_B_SPLINE_CURVE ( ( 1.000000000000000000, 0.9978604582523191700, 0.9978604582523191700, 1.000000000000000000 ) ) 
 REPRESENTATION_ITEM ( '' )  );
#2228 = CARTESIAN_POINT ( 'NONE',  ( -0.1104815470076221900, 0.2299999999999999800, 0.1091044080780039200 ) ) ;
#2229 = UNCERTAINTY_MEASURE_WITH_UNIT (LENGTH_MEASURE( 1.000000000000000100E-005 ), #2232, 'distance_accuracy_value', 'NONE');
#2230 =( NAMED_UNIT ( * ) SI_UNIT ( $, .STERADIAN. ) SOLID_ANGLE_UNIT ( ) );
#2231 =( NAMED_UNIT ( * ) PLANE_ANGLE_UNIT ( ) SI_UNIT ( $, .RADIAN. ) );
#2232 =( CONVERSION_BASED_UNIT ( 'INCH', #2206 ) LENGTH_UNIT ( ) NAMED_UNIT ( #2207 ) );
#2233 = CARTESIAN_POINT ( 'NONE',  ( -0.1070000000000000000, 0.2485687083712097800, 0.1314608172285468800 ) ) ;
#2234 = CARTESIAN_POINT ( 'NONE',  ( -0.08000000000000000200, 0.0000000000000000000, 0.1940000000000000100 ) ) ;
#2235 = DIRECTION ( 'NONE',  ( -0.0000000000000000000, -0.0000000000000000000, -1.000000000000000000 ) ) ;
#2236 = DIRECTION ( 'NONE',  ( 0.0000000000000000000, -1.000000000000000000, 8.681720318848295000E-016 ) ) ;
#2237 = CARTESIAN_POINT ( 'NONE',  ( 0.08000000000000000200, 0.02000000000000000000, 0.2140000000000000000 ) ) ;
#2238 = DIRECTION ( 'NONE',  ( -1.000000000000000000, -0.0000000000000000000, 0.0000000000000000000 ) ) ;
#2239 = VECTOR ( 'NONE', #2238, 39.37007874015748100 ) ;
#2240 = CARTESIAN_POINT ( 'NONE',  ( -0.08000000000000000200, 0.02000000000000000000, 0.2140000000000000000 ) ) ;
#2241 = VECTOR ( 'NONE', #2235, 39.37007874015748100 ) ;
#2242 = AXIS2_PLACEMENT_3D ( 'NONE', #2225, #2209, #2236 ) ;
#2243 = CARTESIAN_POINT ( 'NONE',  ( -0.1070000000000000000, 0.2485687083712097800, 0.09000000000000001100 ) ) ;
#2244 = DIRECTION ( 'NONE',  ( -1.000000000000000000, -1.070745505991289700E-014, 0.0000000000000000000 ) ) ;
#2245 = DIRECTION ( 'NONE',  ( 0.0000000000000000000, 0.0000000000000000000, 1.000000000000000000 ) ) ;
#2247 = ORIENTED_EDGE ( 'NONE', *, *, #2292, .T. ) ;
#2246 = LINE ( 'NONE', #2234, #2219 ) ;
#2248 = CARTESIAN_POINT ( 'NONE',  ( -0.06999999999999993700, 0.01999999999999998700, -0.03200000000000000100 ) ) ;
#2249 = DIRECTION ( 'NONE',  ( -2.528827035161168900E-015, 0.0000000000000000000, 1.000000000000000000 ) ) ;
#2250 = VECTOR ( 'NONE', #2249, 39.37007874015748100 ) ;
#2251 = CARTESIAN_POINT ( 'NONE',  ( -0.07000000000000056200, 0.02000000000000000000, 0.2140000000000000200 ) ) ;
#2252 = CARTESIAN_POINT ( 'NONE',  ( -0.1098188253998694900, 0.2362760346528601800, 0.1166606470870603100 ) ) ;
#2253 = CARTESIAN_POINT ( 'NONE',  ( -0.1104815470076221900, 0.2299999999999999800, 0.1091044080780039200 ) ) ;
#2254 = CIRCLE ( 'NONE', #2205, 0.02000000000000000700 ) ;
#2255 = ORIENTED_EDGE ( 'NONE', *, *, #26, .T. ) ;
#2256 = CARTESIAN_POINT ( 'NONE',  ( 0.08000000000000001600, 0.01999999999999998700, -0.03200000000000000100 ) ) ;
#2257 = LINE ( 'NONE', #2240, #2239 ) ;
#2258 = DIRECTION ( 'NONE',  ( -0.0000000000000000000, -0.0000000000000000000, -1.000000000000000000 ) ) ;
#2259 = VECTOR ( 'NONE', #2258, 39.37007874015748100 ) ;
#2260 = CARTESIAN_POINT ( 'NONE',  ( 0.08000000000000000200, 0.02000000000000000000, 0.2140000000000000000 ) ) ;
#2261 = LINE ( 'NONE', #2260, #2259 ) ;
#2262 = VERTEX_POINT ( 'NONE', #455 ) ;
#2263 = ORIENTED_EDGE ( 'NONE', *, *, #383, .T. ) ;
#2264 = ORIENTED_EDGE ( 'NONE', *, *, #1902, .T. ) ;
#2265 = ORIENTED_EDGE ( 'NONE', *, *, #3195, .T. ) ;
#2266 = AXIS2_PLACEMENT_3D ( 'NONE', #2278, #2291, #2294 ) ;
#2267 = FILL_AREA_STYLE_COLOUR ( '', #2297 ) ;
#2268 =( GEOMETRIC_REPRESENTATION_CONTEXT ( 3 ) GLOBAL_UNCERTAINTY_ASSIGNED_CONTEXT ( ( #2284 ) ) GLOBAL_UNIT_ASSIGNED_CONTEXT ( ( #2286, #2290, #2279 ) ) REPRESENTATION_CONTEXT ( 'NONE', 'WORKASPACE' ) );
#2269 = DIMENSIONAL_EXPONENTS ( 1.000000000000000000, 0.0000000000000000000, 0.0000000000000000000, 0.0000000000000000000, 0.0000000000000000000, 0.0000000000000000000, 0.0000000000000000000 ) ;
#2270 = SURFACE_STYLE_FILL_AREA ( #2295 ) ;
#2271 = PRESENTATION_STYLE_ASSIGNMENT (( #2281 ) ) ;
#2272 = PRODUCT_CONTEXT ( 'NONE', #2282, 'mechanical' ) ;
#2273 = APPLICATION_PROTOCOL_DEFINITION ( 'draft international standard', 'automotive_design', 1998, #2282 ) ;
#2274 = PRODUCT_RELATED_PRODUCT_CATEGORY ( 'part', '', ( #2300 ) ) ;
#2275 = PRODUCT_DEFINITION_FORMATION_WITH_SPECIFIED_SOURCE ( 'ANY', '', #2300, .NOT_KNOWN. ) ;
#2276 = PRODUCT_DEFINITION ( 'UNKNOWN', '', #2275, #2277 ) ;
#2277 = PRODUCT_DEFINITION_CONTEXT ( 'detailed design', #2299, 'design' ) ;
#2278 = CARTESIAN_POINT ( 'NONE',  ( 0.0000000000000000000, 0.0000000000000000000, 0.0000000000000000000 ) ) ;
#2279 =( NAMED_UNIT ( * ) SI_UNIT ( $, .STERADIAN. ) SOLID_ANGLE_UNIT ( ) );
#2280 = LENGTH_MEASURE_WITH_UNIT ( LENGTH_MEASURE( 0.02539999999999999900 ), #2288 );
#2281 = SURFACE_STYLE_USAGE ( .BOTH. , #2289 ) ;
#2282 = APPLICATION_CONTEXT ( 'automotive_design' ) ;
#2283 = PRODUCT_DEFINITION_SHAPE ( 'NONE', 'NONE',  #2276 ) ;
#2284 = UNCERTAINTY_MEASURE_WITH_UNIT (LENGTH_MEASURE( 1.000000000000000100E-005 ), #2286, 'distance_accuracy_value', 'NONE');
#2285 = STYLED_ITEM ( 'NONE', ( #2271 ), #2140 ) ;
#2286 =( CONVERSION_BASED_UNIT ( 'INCH', #2280 ) LENGTH_UNIT ( ) NAMED_UNIT ( #2269 ) );
#2287 = MECHANICAL_DESIGN_GEOMETRIC_PRESENTATION_REPRESENTATION (  '', ( #2285 ), #2268 ) ;
#2288 =( LENGTH_UNIT ( ) NAMED_UNIT ( * ) SI_UNIT ( $, .METRE. ) );
#2289 = SURFACE_SIDE_STYLE ('',( #2270 ) ) ;
#2290 =( NAMED_UNIT ( * ) PLANE_ANGLE_UNIT ( ) SI_UNIT ( $, .RADIAN. ) );
#2291 = DIRECTION ( 'NONE',  ( 0.0000000000000000000, 0.0000000000000000000, 1.000000000000000000 ) ) ;
#2292 = EDGE_CURVE ( 'NONE', #2358, #2262, #489, .T. ) ;
#2293 = SHAPE_DEFINITION_REPRESENTATION ( #2283, #2140 ) ;
#2294 = DIRECTION ( 'NONE',  ( 1.000000000000000000, 0.0000000000000000000, 0.0000000000000000000 ) ) ;
#2295 = FILL_AREA_STYLE ('',( #2267 ) ) ;
#2296 = PRESENTATION_LAYER_ASSIGNMENT (  '', '', ( #2285 ) ) ;
#2297 = COLOUR_RGB ( '',0.8313725490196077800, 0.8392156862745098200, 0.8274509803921568100 ) ;
#2298 = APPLICATION_PROTOCOL_DEFINITION ( 'draft international standard', 'automotive_design', 1998, #2299 ) ;
#2299 = APPLICATION_CONTEXT ( 'automotive_design' ) ;
#2300 = PRODUCT ( '3517_rev.E', '3517_rev.E', '', ( #2272 ) ) ;
#2301 = ADVANCED_FACE ( 'NONE', ( #459 ), #471, .T. ) ;
#2302 = ORIENTED_EDGE ( 'NONE', *, *, #3273, .F. ) ;
#2303 = ORIENTED_EDGE ( 'NONE', *, *, #3288, .T. ) ;
#2304 = ORIENTED_EDGE ( 'NONE', *, *, #2758, .F. ) ;
#2305 = EDGE_LOOP ( 'NONE', ( #2343, #2344, #2352, #2328 ) ) ;
#2306 = ORIENTED_EDGE ( 'NONE', *, *, #2728, .F. ) ;
#2307 = ORIENTED_EDGE ( 'NONE', *, *, #45, .F. ) ;
#2308 = ORIENTED_EDGE ( 'NONE', *, *, #2908, .T. ) ;
#2309 = ORIENTED_EDGE ( 'NONE', *, *, #77, .T. ) ;
#2310 = ORIENTED_EDGE ( 'NONE', *, *, #6, .T. ) ;
#2311 = ORIENTED_EDGE ( 'NONE', *, *, #3344, .T. ) ;
#2312 = EDGE_CURVE ( 'NONE', #3342, #3264, #465, .T. ) ;
#2313 = ORIENTED_EDGE ( 'NONE', *, *, #2645, .F. ) ;
#2314 = ADVANCED_FACE ( 'NONE', ( #470 ), #467, .T. ) ;
#2315 = ORIENTED_EDGE ( 'NONE', *, *, #94, .F. ) ;
#2316 = ADVANCED_FACE ( 'NONE', ( #494 ), #391, .F. ) ;
#2317 = ORIENTED_EDGE ( 'NONE', *, *, #8, .F. ) ;
#2318 = EDGE_LOOP ( 'NONE', ( #2315, #2311, #1072, #1070 ) ) ;
#2319 = ORIENTED_EDGE ( 'NONE', *, *, #2484, .F. ) ;
#2320 = ORIENTED_EDGE ( 'NONE', *, *, #2292, .F. ) ;
#2321 = ORIENTED_EDGE ( 'NONE', *, *, #2457, .F. ) ;
#2322 = EDGE_LOOP ( 'NONE', ( #2313, #2320, #2324, #2323 ) ) ;
#2323 = ORIENTED_EDGE ( 'NONE', *, *, #2626, .F. ) ;
#2324 = ORIENTED_EDGE ( 'NONE', *, *, #2603, .F. ) ;
#2325 = ORIENTED_EDGE ( 'NONE', *, *, #2444, .T. ) ;
#2326 = ORIENTED_EDGE ( 'NONE', *, *, #2605, .F. ) ;
#2327 = ORIENTED_EDGE ( 'NONE', *, *, #2339, .T. ) ;
#2328 = ORIENTED_EDGE ( 'NONE', *, *, #2759, .F. ) ;
#2329 = ORIENTED_EDGE ( 'NONE', *, *, #2442, .T. ) ;
#2330 = ORIENTED_EDGE ( 'NONE', *, *, #2870, .F. ) ;
#2331 = ADVANCED_FACE ( 'NONE', ( #505 ), #502, .T. ) ;
#2332 = ORIENTED_EDGE ( 'NONE', *, *, #2727, .F. ) ;
#2333 = EDGE_LOOP ( 'NONE', ( #2332, #2307, #2306, #2350 ) ) ;
#2334 = VERTEX_POINT ( 'NONE', #511 ) ;
#2335 = ORIENTED_EDGE ( 'NONE', *, *, #2626, .T. ) ;
#2336 = VERTEX_POINT ( 'NONE', #499 ) ;
#2337 = ORIENTED_EDGE ( 'NONE', *, *, #3281, .F. ) ;
#2338 = EDGE_LOOP ( 'NONE', ( #2327, #1512, #1463, #1522 ) ) ;
#2339 = EDGE_CURVE ( 'NONE', #2336, #2334, #497, .T. ) ;
#2340 = EDGE_CURVE ( 'NONE', #31, #3123, #507, .T. ) ;
#2341 = ADVANCED_FACE ( 'NONE', ( #508 ), #437, .T. ) ;
#2342 = EDGE_LOOP ( 'NONE', ( #2326, #2317, #2321, #2319 ) ) ;
#2343 = ORIENTED_EDGE ( 'NONE', *, *, #2690, .F. ) ;
#2344 = ORIENTED_EDGE ( 'NONE', *, *, #2764, .F. ) ;
#2345 = EDGE_LOOP ( 'NONE', ( #2346, #2304, #2309, #2348, #2347, #2330 ) ) ;
#2346 = ORIENTED_EDGE ( 'NONE', *, *, #2948, .F. ) ;
#2347 = ORIENTED_EDGE ( 'NONE', *, *, #125, .F. ) ;
#2348 = ORIENTED_EDGE ( 'NONE', *, *, #2710, .T. ) ;
#2349 = ADVANCED_FACE ( 'NONE', ( #533 ), #526, .F. ) ;
#2350 = ORIENTED_EDGE ( 'NONE', *, *, #2792, .F. ) ;
#2351 = ADVANCED_FACE ( 'NONE', ( #539 ), #518, .F. ) ;
#2352 = ORIENTED_EDGE ( 'NONE', *, *, #2788, .F. ) ;
#2353 = EDGE_LOOP ( 'NONE', ( #2366, #2376, #2380, #2448 ) ) ;
#2354 = ORIENTED_EDGE ( 'NONE', *, *, #3314, .F. ) ;
#2355 = ORIENTED_EDGE ( 'NONE', *, *, #2356, .T. ) ;
#2356 = EDGE_CURVE ( 'NONE', #2959, #2413, #550, .T. ) ;
#2357 = ADVANCED_FACE ( 'NONE', ( #551 ), #552, .T. ) ;
#2358 = VERTEX_POINT ( 'NONE', #558 ) ;
#2359 = EDGE_CURVE ( 'NONE', #2413, #2358, #563, .T. ) ;
#2360 = EDGE_CURVE ( 'NONE', #111, #3253, #548, .T. ) ;
#2361 = ORIENTED_EDGE ( 'NONE', *, *, #2388, .F. ) ;
#2362 = EDGE_LOOP ( 'NONE', ( #2392, #2265, #2303, #2264, #2363, #2428 ) ) ;
#2363 = ORIENTED_EDGE ( 'NONE', *, *, #2963, .F. ) ;
#2364 = ADVANCED_FACE ( 'NONE', ( #544 ), #531, .T. ) ;
#2365 = ORIENTED_EDGE ( 'NONE', *, *, #2411, .F. ) ;
#2366 = ORIENTED_EDGE ( 'NONE', *, *, #3300, .T. ) ;
#2367 = ORIENTED_EDGE ( 'NONE', *, *, #3317, .F. ) ;
#2368 = EDGE_LOOP ( 'NONE', ( #2372, #2398, #2447, #2373 ) ) ;
#2369 = ADVANCED_FACE ( 'NONE', ( #578 ), #568, .T. ) ;
#2370 = VERTEX_POINT ( 'NONE', #586 ) ;
#2371 = EDGE_LOOP ( 'NONE', ( #2401, #2404, #2564, #2425 ) ) ;
#2372 = ORIENTED_EDGE ( 'NONE', *, *, #49, .T. ) ;
#2373 = ORIENTED_EDGE ( 'NONE', *, *, #2402, .F. ) ;
#2374 = EDGE_LOOP ( 'NONE', ( #2367, #2375, #2329, #2446 ) ) ;
#2375 = ORIENTED_EDGE ( 'NONE', *, *, #2403, .T. ) ;
#2376 = ORIENTED_EDGE ( 'NONE', *, *, #368, .T. ) ;
#2377 = ORIENTED_EDGE ( 'NONE', *, *, #3090, .F. ) ;
#2378 = ORIENTED_EDGE ( 'NONE', *, *, #19, .T. ) ;
#2379 = ORIENTED_EDGE ( 'NONE', *, *, #2359, .T. ) ;
#2380 = ORIENTED_EDGE ( 'NONE', *, *, #3255, .F. ) ;
#2381 = ADVANCED_FACE ( 'NONE', ( #592 ), #589, .T. ) ;
#2382 = ADVANCED_FACE ( 'NONE', ( #569 ), #588, .T. ) ;
#2383 = ADVANCED_FACE ( 'NONE', ( #587 ), #594, .T. ) ;
#2384 = EDGE_LOOP ( 'NONE', ( #2385, #2386, #2492, #2493 ) ) ;
#2385 = ORIENTED_EDGE ( 'NONE', *, *, #3001, .T. ) ;
#2386 = ORIENTED_EDGE ( 'NONE', *, *, #2490, .F. ) ;
#2387 = ORIENTED_EDGE ( 'NONE', *, *, #2415, .F. ) ;
#2388 = EDGE_CURVE ( 'NONE', #3134, #2412, #566, .T. ) ;
#2389 = ORIENTED_EDGE ( 'NONE', *, *, #2360, .T. ) ;
#2390 = ADVANCED_FACE ( 'NONE', ( #581 ), #638, .F. ) ;
#2391 = EDGE_LOOP ( 'NONE', ( #2395, #2414, #2417, #2354 ) ) ;
#2392 = ORIENTED_EDGE ( 'NONE', *, *, #1768, .F. ) ;
#2393 = EDGE_LOOP ( 'NONE', ( #2365, #2361, #2422, #2355 ) ) ;
#2394 = ADVANCED_FACE ( 'NONE', ( #612 ), #625, .T. ) ;
#2395 = ORIENTED_EDGE ( 'NONE', *, *, #2992, .F. ) ;
#2396 = ORIENTED_EDGE ( 'NONE', *, *, #2423, .T. ) ;
#2397 = VERTEX_POINT ( 'NONE', #652 ) ;
#2398 = ORIENTED_EDGE ( 'NONE', *, *, #2509, .F. ) ;
#2399 = VERTEX_POINT ( 'NONE', #614 ) ;
#2400 = ORIENTED_EDGE ( 'NONE', *, *, #2402, .T. ) ;
#2401 = ORIENTED_EDGE ( 'NONE', *, *, #2565, .F. ) ;
#2402 = EDGE_CURVE ( 'NONE', #115, #2408, #654, .T. ) ;
#2403 = EDGE_CURVE ( 'NONE', #3315, #2370, #607, .T. ) ;
#2404 = ORIENTED_EDGE ( 'NONE', *, *, #2427, .T. ) ;
#2405 = EDGE_CURVE ( 'NONE', #2370, #2408, #631, .T. ) ;
#2406 = ADVANCED_FACE ( 'NONE', ( #627 ), #599, .T. ) ;
#2407 = ORIENTED_EDGE ( 'NONE', *, *, #2416, .F. ) ;
#2408 = VERTEX_POINT ( 'NONE', #600 ) ;
#2409 = ADVANCED_FACE ( 'NONE', ( #650 ), #649, .F. ) ;
#2410 = ADVANCED_FACE ( 'NONE', ( #637 ), #633, .F. ) ;
#2411 = EDGE_CURVE ( 'NONE', #2412, #2413, #647, .T. ) ;
#2412 = VERTEX_POINT ( 'NONE', #643 ) ;
#2413 = VERTEX_POINT ( 'NONE', #642 ) ;
#2414 = ORIENTED_EDGE ( 'NONE', *, *, #43, .T. ) ;
#2415 = EDGE_CURVE ( 'NONE', #387, #3271, #620, .T. ) ;
#2416 = EDGE_CURVE ( 'NONE', #115, #3315, #616, .T. ) ;
#2417 = ORIENTED_EDGE ( 'NONE', *, *, #2416, .T. ) ;
#2418 = EDGE_LOOP ( 'NONE', ( #2419, #2433, #2434, #2435 ) ) ;
#2419 = ORIENTED_EDGE ( 'NONE', *, *, #374, .F. ) ;
#2420 = ORIENTED_EDGE ( 'NONE', *, *, #3302, .F. ) ;
#2421 = EDGE_LOOP ( 'NONE', ( #2379, #2247, #2430, #2432 ) ) ;
#2422 = ORIENTED_EDGE ( 'NONE', *, *, #1674, .F. ) ;
#2423 = EDGE_CURVE ( 'NONE', #384, #3274, #672, .T. ) ;
#2424 = ORIENTED_EDGE ( 'NONE', *, *, #2403, .F. ) ;
#2425 = ORIENTED_EDGE ( 'NONE', *, *, #2955, .T. ) ;
#2426 = ADVANCED_FACE ( 'NONE', ( #661 ), #673, .F. ) ;
#2427 = EDGE_CURVE ( 'NONE', #2397, #2399, #669, .T. ) ;
#2428 = ORIENTED_EDGE ( 'NONE', *, *, #2429, .F. ) ;
#2429 = EDGE_CURVE ( 'NONE', #1698, #3199, #668, .T. ) ;
#2430 = ORIENTED_EDGE ( 'NONE', *, *, #2431, .F. ) ;
#2431 = EDGE_CURVE ( 'NONE', #2412, #2262, #681, .T. ) ;
#2432 = ORIENTED_EDGE ( 'NONE', *, *, #2411, .T. ) ;
#2433 = ORIENTED_EDGE ( 'NONE', *, *, #3333, .T. ) ;
#2434 = ORIENTED_EDGE ( 'NONE', *, *, #3101, .T. ) ;
#2435 = ORIENTED_EDGE ( 'NONE', *, *, #3229, .F. ) ;
#2436 = ORIENTED_EDGE ( 'NONE', *, *, #372, .T. ) ;
#2437 = EDGE_LOOP ( 'NONE', ( #2377, #2378, #2389, #2420 ) ) ;
#2438 = ORIENTED_EDGE ( 'NONE', *, *, #2439, .T. ) ;
#2439 = EDGE_CURVE ( 'NONE', #2541, #2519, #677, .T. ) ;
#2440 = ORIENTED_EDGE ( 'NONE', *, *, #2444, .F. ) ;
#2441 = EDGE_CURVE ( 'NONE', #2370, #2583, #736, .T. ) ;
#2442 = EDGE_CURVE ( 'NONE', #2370, #2397, #699, .T. ) ;
#2443 = EDGE_CURVE ( 'NONE', #2399, #2408, #701, .T. ) ;
#2444 = EDGE_CURVE ( 'NONE', #2587, #2590, #747, .T. ) ;
#2445 = EDGE_CURVE ( 'NONE', #2595, #2397, #692, .T. ) ;
#2446 = ORIENTED_EDGE ( 'NONE', *, *, #2565, .T. ) ;
#2447 = ORIENTED_EDGE ( 'NONE', *, *, #2443, .T. ) ;
#2448 = ORIENTED_EDGE ( 'NONE', *, *, #2360, .F. ) ;
#2449 = ORIENTED_EDGE ( 'NONE', *, *, #2526, .F. ) ;
#2450 = ORIENTED_EDGE ( 'NONE', *, *, #2547, .T. ) ;
#2451 = ORIENTED_EDGE ( 'NONE', *, *, #2511, .F. ) ;
#2452 = ORIENTED_EDGE ( 'NONE', *, *, #3152, .F. ) ;
#2453 = ORIENTED_EDGE ( 'NONE', *, *, #2459, .F. ) ;
#2454 = ORIENTED_EDGE ( 'NONE', *, *, #3003, .T. ) ;
#2455 = ORIENTED_EDGE ( 'NONE', *, *, #2456, .F. ) ;
#2456 = EDGE_CURVE ( 'NONE', #2412, #3002, #744, .T. ) ;
#2457 = EDGE_CURVE ( 'NONE', #2485, #22, #707, .T. ) ;
#2458 = EDGE_LOOP ( 'NONE', ( #2651, #2642, #2643, #2454, #2455, #2627, #2644 ) ) ;
#2459 = EDGE_CURVE ( 'NONE', #2460, #3150, #761, .T. ) ;
#2460 = VERTEX_POINT ( 'NONE', #762 ) ;
#2461 = ORIENTED_EDGE ( 'NONE', *, *, #2462, .F. ) ;
#2462 = EDGE_CURVE ( 'NONE', #3201, #2460, #742, .T. ) ;
#2463 = EDGE_LOOP ( 'NONE', ( #2633, #2634, #2636, #2612 ) ) ;
#2464 = ADVANCED_FACE ( 'NONE', ( #743 ), #733, .F. ) ;
#2465 = ORIENTED_EDGE ( 'NONE', *, *, #2466, .T. ) ;
#2466 = EDGE_CURVE ( 'NONE', #2413, #2597, #711, .T. ) ;
#2467 = EDGE_CURVE ( 'NONE', #2541, #2560, #688, .T. ) ;
#2468 = ORIENTED_EDGE ( 'NONE', *, *, #2524, .F. ) ;
#2469 = EDGE_LOOP ( 'NONE', ( #2576, #2468, #2474, #2475 ) ) ;
#2470 = ORIENTED_EDGE ( 'NONE', *, *, #2523, .T. ) ;
#2471 = VERTEX_POINT ( 'NONE', #684 ) ;
#2472 = ADVANCED_FACE ( 'NONE', ( #683 ), #754, .T. ) ;
#2473 = ORIENTED_EDGE ( 'NONE', *, *, #3270, .F. ) ;
#2474 = ORIENTED_EDGE ( 'NONE', *, *, #2969, .T. ) ;
#2475 = ORIENTED_EDGE ( 'NONE', *, *, #2557, .T. ) ;
#2476 = EDGE_LOOP ( 'NONE', ( #2558, #2577, #2537, #2539, #2530 ) ) ;
#2477 = ORIENTED_EDGE ( 'NONE', *, *, #2478, .T. ) ;
#2478 = EDGE_CURVE ( 'NONE', #2597, #2479, #760, .T. ) ;
#2479 = VERTEX_POINT ( 'NONE', #756 ) ;
#2480 = ADVANCED_FACE ( 'NONE', ( #755 ), #729, .T. ) ;
#2481 = EDGE_LOOP ( 'NONE', ( #2482, #2483, #2486, #2335 ) ) ;
#2482 = ORIENTED_EDGE ( 'NONE', *, *, #2607, .T. ) ;
#2483 = ORIENTED_EDGE ( 'NONE', *, *, #2484, .T. ) ;
#2484 = EDGE_CURVE ( 'NONE', #2599, #2485, #721, .T. ) ;
#2485 = VERTEX_POINT ( 'NONE', #717 ) ;
#2486 = ORIENTED_EDGE ( 'NONE', *, *, #2487, .F. ) ;
#2487 = EDGE_CURVE ( 'NONE', #2488, #2485, #716, .T. ) ;
#2488 = VERTEX_POINT ( 'NONE', #763 ) ;
#2489 = ADVANCED_FACE ( 'NONE', ( #784 ), #783, .F. ) ;
#2490 = EDGE_CURVE ( 'NONE', #3167, #3061, #801, .T. ) ;
#2491 = EDGE_LOOP ( 'NONE', ( #2598, #2604, #2606, #2602, #2495, #2465, #2477, #2600 ) ) ;
#2492 = ORIENTED_EDGE ( 'NONE', *, *, #1902, .F. ) ;
#2493 = ORIENTED_EDGE ( 'NONE', *, *, #2608, .T. ) ;
#2494 = VERTEX_POINT ( 'NONE', #818 ) ;
#2495 = ORIENTED_EDGE ( 'NONE', *, *, #2359, .F. ) ;
#2496 = ORIENTED_EDGE ( 'NONE', *, *, #2441, .F. ) ;
#2497 = ADVANCED_FACE ( 'NONE', ( #804 ), #803, .T. ) ;
#2498 = EDGE_CURVE ( 'NONE', #2501, #2504, #808, .T. ) ;
#2499 = EDGE_LOOP ( 'NONE', ( #2534, #2574, #2554, #2561, #2562 ) ) ;
#2500 = ORIENTED_EDGE ( 'NONE', *, *, #2503, .F. ) ;
#2501 = VERTEX_POINT ( 'NONE', #809 ) ;
#2502 = ADVANCED_FACE ( 'NONE', ( #780 ), #779, .T. ) ;
#2503 = EDGE_CURVE ( 'NONE', #385, #2519, #819, .T. ) ;
#2504 = VERTEX_POINT ( 'NONE', #843 ) ;
#2505 = ORIENTED_EDGE ( 'NONE', *, *, #2506, .T. ) ;
#2506 = EDGE_CURVE ( 'NONE', #2408, #2587, #848, .T. ) ;
#2507 = EDGE_LOOP ( 'NONE', ( #2582, #2508, #2566, #2546 ) ) ;
#2508 = ORIENTED_EDGE ( 'NONE', *, *, #2427, .F. ) ;
#2509 = EDGE_CURVE ( 'NONE', #2399, #3087, #849, .T. ) ;
#2510 = ADVANCED_FACE ( 'NONE', ( #837 ), #832, .T. ) ;
#2511 = EDGE_CURVE ( 'NONE', #2501, #2519, #813, .T. ) ;
#2512 = ORIENTED_EDGE ( 'NONE', *, *, #2513, .T. ) ;
#2513 = EDGE_CURVE ( 'NONE', #2504, #2541, #764, .T. ) ;
#2514 = ORIENTED_EDGE ( 'NONE', *, *, #2550, .T. ) ;
#2515 = ADVANCED_FACE ( 'NONE', ( #789 ), #765, .F. ) ;
#2516 = ADVANCED_FACE ( 'NONE', ( #795 ), #794, .T. ) ;
#2517 = EDGE_LOOP ( 'NONE', ( #2518, #2553, #2782, #2676 ) ) ;
#2518 = ORIENTED_EDGE ( 'NONE', *, *, #3081, .F. ) ;
#2519 = VERTEX_POINT ( 'NONE', #771 ) ;
#2520 = ADVANCED_FACE ( 'NONE', ( #770 ), #769, .F. ) ;
#2521 = EDGE_LOOP ( 'NONE', ( #2451, #2449, #2527, #2572 ) ) ;
#2522 = EDGE_LOOP ( 'NONE', ( #2473, #2538, #2578, #2532 ) ) ;
#2523 = EDGE_CURVE ( 'NONE', #2504, #2471, #842, .T. ) ;
#2524 = EDGE_CURVE ( 'NONE', #3079, #2519, #838, .T. ) ;
#2525 = ADVANCED_FACE ( 'NONE', ( #828 ), #827, .F. ) ;
#2526 = EDGE_CURVE ( 'NONE', #3268, #2501, #932, .T. ) ;
#2527 = ORIENTED_EDGE ( 'NONE', *, *, #1760, .F. ) ;
#2528 = EDGE_LOOP ( 'NONE', ( #2540, #2512, #2514, #2573 ) ) ;
#2529 = ADVANCED_FACE ( 'NONE', ( #858 ), #911, .T. ) ;
#2530 = ORIENTED_EDGE ( 'NONE', *, *, #2524, .T. ) ;
#2531 = EDGE_CURVE ( 'NONE', #2560, #3078, #869, .T. ) ;
#2532 = ORIENTED_EDGE ( 'NONE', *, *, #2571, .T. ) ;
#2533 = EDGE_LOOP ( 'NONE', ( #2535, #2470, #2559, #2556 ) ) ;
#2534 = ORIENTED_EDGE ( 'NONE', *, *, #2523, .F. ) ;
#2535 = ORIENTED_EDGE ( 'NONE', *, *, #2513, .F. ) ;
#2536 = ADVANCED_FACE ( 'NONE', ( #870 ), #929, .F. ) ;
#2537 = ORIENTED_EDGE ( 'NONE', *, *, #2531, .T. ) ;
#2538 = ORIENTED_EDGE ( 'NONE', *, *, #2526, .T. ) ;
#2539 = ORIENTED_EDGE ( 'NONE', *, *, #3077, .T. ) ;
#2540 = ORIENTED_EDGE ( 'NONE', *, *, #2571, .F. ) ;
#2541 = VERTEX_POINT ( 'NONE', #859 ) ;
#2542 = EDGE_LOOP ( 'NONE', ( #2548, #2549, #2438, #2500 ) ) ;
#2543 = EDGE_LOOP ( 'NONE', ( #2596, #2424, #2407, #2400 ) ) ;
#2544 = ORIENTED_EDGE ( 'NONE', *, *, #2567, .T. ) ;
#2545 = EDGE_LOOP ( 'NONE', ( #2588, #2589, #2440, #2569 ) ) ;
#2546 = ORIENTED_EDGE ( 'NONE', *, *, #2547, .F. ) ;
#2547 = EDGE_CURVE ( 'NONE', #2590, #2595, #974, .T. ) ;
#2548 = ORIENTED_EDGE ( 'NONE', *, *, #389, .T. ) ;
#2549 = ORIENTED_EDGE ( 'NONE', *, *, #2550, .F. ) ;
#2550 = EDGE_CURVE ( 'NONE', #2541, #387, #963, .T. ) ;
#2551 = ADVANCED_FACE ( 'NONE', ( #964 ), #967, .T. ) ;
#2552 = ADVANCED_FACE ( 'NONE', ( #926 ), #969, .T. ) ;
#2553 = ORIENTED_EDGE ( 'NONE', *, *, #2531, .F. ) ;
#2554 = ORIENTED_EDGE ( 'NONE', *, *, #2557, .F. ) ;
#2555 = EDGE_CURVE ( 'NONE', #2560, #2471, #903, .T. ) ;
#2556 = ORIENTED_EDGE ( 'NONE', *, *, #2467, .F. ) ;
#2557 = EDGE_CURVE ( 'NONE', #2967, #2501, #960, .T. ) ;
#2558 = ORIENTED_EDGE ( 'NONE', *, *, #2439, .F. ) ;
#2559 = ORIENTED_EDGE ( 'NONE', *, *, #2555, .F. ) ;
#2560 = VERTEX_POINT ( 'NONE', #970 ) ;
#2561 = ORIENTED_EDGE ( 'NONE', *, *, #2966, .F. ) ;
#2562 = ORIENTED_EDGE ( 'NONE', *, *, #2563, .F. ) ;
#2563 = EDGE_CURVE ( 'NONE', #2471, #3082, #955, .T. ) ;
#2564 = ORIENTED_EDGE ( 'NONE', *, *, #2509, .T. ) ;
#2565 = EDGE_CURVE ( 'NONE', #2397, #2953, #907, .T. ) ;
#2566 = ORIENTED_EDGE ( 'NONE', *, *, #2445, .F. ) ;
#2567 = EDGE_CURVE ( 'NONE', #2587, #2583, #900, .T. ) ;
#2568 = EDGE_LOOP ( 'NONE', ( #2593, #2594, #2325, #2450 ) ) ;
#2569 = ORIENTED_EDGE ( 'NONE', *, *, #2506, .F. ) ;
#2570 = EDGE_LOOP ( 'NONE', ( #2584, #2585, #2586, #2579 ) ) ;
#2571 = EDGE_CURVE ( 'NONE', #2504, #3271, #896, .T. ) ;
#2572 = ORIENTED_EDGE ( 'NONE', *, *, #2503, .T. ) ;
#2573 = ORIENTED_EDGE ( 'NONE', *, *, #2415, .T. ) ;
#2574 = ORIENTED_EDGE ( 'NONE', *, *, #2498, .F. ) ;
#2575 = ADVANCED_FACE ( 'NONE', ( #891 ), #890, .F. ) ;
#2576 = ORIENTED_EDGE ( 'NONE', *, *, #2511, .T. ) ;
#2577 = ORIENTED_EDGE ( 'NONE', *, *, #2467, .T. ) ;
#2578 = ORIENTED_EDGE ( 'NONE', *, *, #2498, .T. ) ;
#2579 = ORIENTED_EDGE ( 'NONE', *, *, #2580, .T. ) ;
#2580 = EDGE_CURVE ( 'NONE', #2583, #2595, #888, .T. ) ;
#2581 = EDGE_CURVE ( 'NONE', #2590, #2399, #880, .T. ) ;
#2582 = ORIENTED_EDGE ( 'NONE', *, *, #2581, .T. ) ;
#2583 = VERTEX_POINT ( 'NONE', #876 ) ;
#2584 = ORIENTED_EDGE ( 'NONE', *, *, #2445, .T. ) ;
#2585 = ORIENTED_EDGE ( 'NONE', *, *, #2442, .F. ) ;
#2586 = ORIENTED_EDGE ( 'NONE', *, *, #2441, .T. ) ;
#2587 = VERTEX_POINT ( 'NONE', #875 ) ;
#2588 = ORIENTED_EDGE ( 'NONE', *, *, #2443, .F. ) ;
#2589 = ORIENTED_EDGE ( 'NONE', *, *, #2581, .F. ) ;
#2590 = VERTEX_POINT ( 'NONE', #874 ) ;
#2591 = EDGE_LOOP ( 'NONE', ( #2496, #2592, #2505, #2544 ) ) ;
#2592 = ORIENTED_EDGE ( 'NONE', *, *, #2405, .T. ) ;
#2593 = ORIENTED_EDGE ( 'NONE', *, *, #2580, .F. ) ;
#2594 = ORIENTED_EDGE ( 'NONE', *, *, #2567, .F. ) ;
#2595 = VERTEX_POINT ( 'NONE', #873 ) ;
#2596 = ORIENTED_EDGE ( 'NONE', *, *, #2405, .F. ) ;
#2597 = VERTEX_POINT ( 'NONE', #872 ) ;
#2598 = ORIENTED_EDGE ( 'NONE', *, *, #74, .T. ) ;
#2599 = VERTEX_POINT ( 'NONE', #871 ) ;
#2600 = ORIENTED_EDGE ( 'NONE', *, *, #2601, .F. ) ;
#2601 = EDGE_CURVE ( 'NONE', #23, #2479, #919, .T. ) ;
#2602 = ORIENTED_EDGE ( 'NONE', *, *, #2603, .T. ) ;
#2603 = EDGE_CURVE ( 'NONE', #2494, #2358, #915, .T. ) ;
#2604 = ORIENTED_EDGE ( 'NONE', *, *, #2605, .T. ) ;
#2605 = EDGE_CURVE ( 'NONE', #9, #2599, #952, .T. ) ;
#2606 = ORIENTED_EDGE ( 'NONE', *, *, #2607, .F. ) ;
#2607 = EDGE_CURVE ( 'NONE', #2494, #2599, #948, .T. ) ;
#2608 = EDGE_CURVE ( 'NONE', #3137, #3002, #944, .T. ) ;
#2609 = ADVANCED_FACE ( 'NONE', ( #939 ), #938, .F. ) ;
#2610 = ORIENTED_EDGE ( 'NONE', *, *, #2635, .T. ) ;
#2611 = ORIENTED_EDGE ( 'NONE', *, *, #2614, .F. ) ;
#2612 = ORIENTED_EDGE ( 'NONE', *, *, #3160, .T. ) ;
#2613 = EDGE_LOOP ( 'NONE', ( #2610, #2611, #2615, #2637, #2639 ) ) ;
#2614 = EDGE_CURVE ( 'NONE', #36, #2334, #933, .T. ) ;
#2615 = ORIENTED_EDGE ( 'NONE', *, *, #35, .T. ) ;
#2616 = ORIENTED_EDGE ( 'NONE', *, *, #80, .T. ) ;
#2617 = ORIENTED_EDGE ( 'NONE', *, *, #2620, .T. ) ;
#2618 = ORIENTED_EDGE ( 'NONE', *, *, #2824, .T. ) ;
#2619 = ADVANCED_FACE ( 'NONE', ( #976 ), #975, .T. ) ;
#2620 = EDGE_CURVE ( 'NONE', #2886, #3019, #997, .T. ) ;
#2621 = ORIENTED_EDGE ( 'NONE', *, *, #28, .T. ) ;
#2622 = ORIENTED_EDGE ( 'NONE', *, *, #2624, .T. ) ;
#2623 = ORIENTED_EDGE ( 'NONE', *, *, #55, .F. ) ;
#2624 = EDGE_CURVE ( 'NONE', #120, #31, #993, .T. ) ;
#2625 = ORIENTED_EDGE ( 'NONE', *, *, #117, .T. ) ;
#2626 = EDGE_CURVE ( 'NONE', #2488, #2494, #983, .T. ) ;
#2627 = ORIENTED_EDGE ( 'NONE', *, *, #2431, .T. ) ;
#2628 = ADVANCED_FACE ( 'NONE', ( #990 ), #989, .T. ) ;
#2629 = ORIENTED_EDGE ( 'NONE', *, *, #3247, .F. ) ;
#2630 = ORIENTED_EDGE ( 'NONE', *, *, #2857, .T. ) ;
#2631 = ORIENTED_EDGE ( 'NONE', *, *, #2638, .T. ) ;
#2632 = ADVANCED_FACE ( 'NONE', ( #999 ), #998, .F. ) ;
#2633 = ORIENTED_EDGE ( 'NONE', *, *, #1432, .F. ) ;
#2634 = ORIENTED_EDGE ( 'NONE', *, *, #2635, .F. ) ;
#2635 = EDGE_CURVE ( 'NONE', #3014, #2334, #1011, .T. ) ;
#2636 = ORIENTED_EDGE ( 'NONE', *, *, #2839, .T. ) ;
#2637 = ORIENTED_EDGE ( 'NONE', *, *, #2638, .F. ) ;
#2638 = EDGE_CURVE ( 'NONE', #2855, #81, #1006, .T. ) ;
#2639 = ORIENTED_EDGE ( 'NONE', *, *, #3054, .T. ) ;
#2640 = ADVANCED_FACE ( 'NONE', ( #1002 ), #543, .T. ) ;
#2641 = ORIENTED_EDGE ( 'NONE', *, *, #2456, .T. ) ;
#2642 = ORIENTED_EDGE ( 'NONE', *, *, #2457, .T. ) ;
#2643 = ORIENTED_EDGE ( 'NONE', *, *, #21, .T. ) ;
#2644 = ORIENTED_EDGE ( 'NONE', *, *, #2645, .T. ) ;
#2645 = EDGE_CURVE ( 'NONE', #2262, #2488, #1014, .T. ) ;
#2646 = ORIENTED_EDGE ( 'NONE', *, *, #2608, .F. ) ;
#2647 = EDGE_LOOP ( 'NONE', ( #2452, #2453, #2461 ) ) ;
#2648 = ADVANCED_FACE ( 'NONE', ( #1015 ), #1057, .T. ) ;
#2649 = EDGE_LOOP ( 'NONE', ( #2629, #2630, #2631, #2616 ) ) ;
#2650 = EDGE_LOOP ( 'NONE', ( #2646, #2656, #2657, #2641 ) ) ;
#2651 = ORIENTED_EDGE ( 'NONE', *, *, #2487, .T. ) ;
#2652 = ORIENTED_EDGE ( 'NONE', *, *, #367, .T. ) ;
#2653 = ORIENTED_EDGE ( 'NONE', *, *, #72, .T. ) ;
#2654 = ORIENTED_EDGE ( 'NONE', *, *, #2655, .F. ) ;
#2655 = EDGE_CURVE ( 'NONE', #2891, #18, #1042, .T. ) ;
#2656 = ORIENTED_EDGE ( 'NONE', *, *, #3136, .F. ) ;
#2657 = ORIENTED_EDGE ( 'NONE', *, *, #2388, .T. ) ;
#2658 = EDGE_LOOP ( 'NONE', ( #2652, #2653, #2654, #2798 ) ) ;
#2659 = ADVANCED_FACE ( 'NONE', ( #1063 ), #1065, .T. ) ;
#2660 = ADVANCED_FACE ( 'NONE', ( #1036 ), #1058, .T. ) ;
#2661 = VERTEX_POINT ( 'NONE', #1051 ) ;
#2662 = EDGE_CURVE ( 'NONE', #3204, #2663, #1028, .T. ) ;
#2663 = VERTEX_POINT ( 'NONE', #1050 ) ;
#2664 = VERTEX_POINT ( 'NONE', #1049 ) ;
#2665 = ORIENTED_EDGE ( 'NONE', *, *, #2666, .T. ) ;
#2666 = EDGE_CURVE ( 'NONE', #2674, #2668, #1048, .T. ) ;
#2667 = ORIENTED_EDGE ( 'NONE', *, *, #2462, .T. ) ;
#2668 = VERTEX_POINT ( 'NONE', #1044 ) ;
#2669 = VERTEX_POINT ( 'NONE', #1061 ) ;
#2670 = ORIENTED_EDGE ( 'NONE', *, *, #2693, .T. ) ;
#2671 = ORIENTED_EDGE ( 'NONE', *, *, #2738, .T. ) ;
#2672 = ORIENTED_EDGE ( 'NONE', *, *, #2728, .T. ) ;
#2673 = EDGE_LOOP ( 'NONE', ( #2730, #2672, #2817, #2818, #2665, #2681, #2684, #2689 ) ) ;
#2674 = VERTEX_POINT ( 'NONE', #1060 ) ;
#2675 = ORIENTED_EDGE ( 'NONE', *, *, #78, .F. ) ;
#2676 = ORIENTED_EDGE ( 'NONE', *, *, #2563, .T. ) ;
#2677 = ORIENTED_EDGE ( 'NONE', *, *, #2683, .T. ) ;
#2678 = ORIENTED_EDGE ( 'NONE', *, *, #2810, .T. ) ;
#2679 = ORIENTED_EDGE ( 'NONE', *, *, #2809, .T. ) ;
#2680 = ORIENTED_EDGE ( 'NONE', *, *, #3241, .T. ) ;
#2681 = ORIENTED_EDGE ( 'NONE', *, *, #2683, .F. ) ;
#2682 = EDGE_LOOP ( 'NONE', ( #2898, #2822, #2896, #2900 ) ) ;
#2683 = EDGE_CURVE ( 'NONE', #97, #2668, #1033, .T. ) ;
#2684 = ORIENTED_EDGE ( 'NONE', *, *, #2692, .F. ) ;
#2685 = EDGE_CURVE ( 'NONE', #3032, #2479, #1020, .T. ) ;
#2686 = ORIENTED_EDGE ( 'NONE', *, *, #2478, .F. ) ;
#2687 = VERTEX_POINT ( 'NONE', #1163 ) ;
#2688 = EDGE_LOOP ( 'NONE', ( #2774, #2813, #2757, #2679 ) ) ;
#2689 = ORIENTED_EDGE ( 'NONE', *, *, #2690, .T. ) ;
#2690 = EDGE_CURVE ( 'NONE', #2687, #2661, #1151, .T. ) ;
#2691 = ADVANCED_FACE ( 'NONE', ( #1152 ), #1154, .T. ) ;
#2692 = EDGE_CURVE ( 'NONE', #2687, #97, #1113, .T. ) ;
#2693 = EDGE_CURVE ( 'NONE', #2663, #2664, #1147, .T. ) ;
#2694 = ORIENTED_EDGE ( 'NONE', *, *, #2753, .F. ) ;
#2695 = ORIENTED_EDGE ( 'NONE', *, *, #2894, .T. ) ;
#2696 = ORIENTED_EDGE ( 'NONE', *, *, #2655, .T. ) ;
#2697 = ADVANCED_FACE ( 'NONE', ( #1126 ), #1125, .T. ) ;
#2698 = ORIENTED_EDGE ( 'NONE', *, *, #2662, .T. ) ;
#2699 = EDGE_CURVE ( 'NONE', #2669, #3129, #1134, .T. ) ;
#2700 = VERTEX_POINT ( 'NONE', #1121 ) ;
#2701 = ORIENTED_EDGE ( 'NONE', *, *, #3206, .T. ) ;
#2702 = ADVANCED_FACE ( 'NONE', ( #1120 ), #1119, .F. ) ;
#2703 = ORIENTED_EDGE ( 'NONE', *, *, #2699, .T. ) ;
#2704 = ORIENTED_EDGE ( 'NONE', *, *, #2710, .F. ) ;
#2705 = EDGE_LOOP ( 'NONE', ( #2779, #2772, #2760, #2726 ) ) ;
#2706 = ADVANCED_FACE ( 'NONE', ( #1116 ), #1160, .F. ) ;
#2707 = ORIENTED_EDGE ( 'NONE', *, *, #2708, .F. ) ;
#2708 = EDGE_CURVE ( 'NONE', #109, #2884, #1095, .T. ) ;
#2709 = ORIENTED_EDGE ( 'NONE', *, *, #110, .F. ) ;
#2710 = EDGE_CURVE ( 'NONE', #100, #3144, #1138, .T. ) ;
#2711 = ORIENTED_EDGE ( 'NONE', *, *, #2708, .T. ) ;
#2712 = ORIENTED_EDGE ( 'NONE', *, *, #3091, .T. ) ;
#2713 = ORIENTED_EDGE ( 'NONE', *, *, #2714, .T. ) ;
#2714 = EDGE_CURVE ( 'NONE', #3052, #3170, #1145, .T. ) ;
#2715 = ORIENTED_EDGE ( 'NONE', *, *, #2340, .F. ) ;
#2716 = ADVANCED_FACE ( 'NONE', ( #1146 ), #1157, .F. ) ;
#2717 = ORIENTED_EDGE ( 'NONE', *, *, #2727, .T. ) ;
#2718 = VERTEX_POINT ( 'NONE', #1156 ) ;
#2719 = ADVANCED_FACE ( 'NONE', ( #1107 ), #1106, .T. ) ;
#2720 = ORIENTED_EDGE ( 'NONE', *, *, #2662, .F. ) ;
#2721 = ADVANCED_FACE ( 'NONE', ( #1105 ), #1069, .F. ) ;
#2722 = EDGE_LOOP ( 'NONE', ( #2723, #2783, #2617, #2731 ) ) ;
#2723 = ORIENTED_EDGE ( 'NONE', *, *, #3119, .F. ) ;
#2724 = ORIENTED_EDGE ( 'NONE', *, *, #3146, .T. ) ;
#2725 = ORIENTED_EDGE ( 'NONE', *, *, #2624, .F. ) ;
#2726 = ORIENTED_EDGE ( 'NONE', *, *, #2759, .T. ) ;
#2727 = EDGE_CURVE ( 'NONE', #123, #2718, #1165, .T. ) ;
#2728 = EDGE_CURVE ( 'NONE', #2700, #39, #1183, .T. ) ;
#2729 = EDGE_LOOP ( 'NONE', ( #2715, #2725, #2625, #2680 ) ) ;
#2730 = ORIENTED_EDGE ( 'NONE', *, *, #2761, .T. ) ;
#2731 = ORIENTED_EDGE ( 'NONE', *, *, #3041, .F. ) ;
#2732 = ORIENTED_EDGE ( 'NONE', *, *, #2917, .T. ) ;
#2733 = ADVANCED_FACE ( 'NONE', ( #1202 ), #1166, .T. ) ;
#2734 = ORIENTED_EDGE ( 'NONE', *, *, #2735, .F. ) ;
#2735 = EDGE_CURVE ( 'NONE', #2893, #105, #1167, .T. ) ;
#2736 = EDGE_LOOP ( 'NONE', ( #2909, #2867, #2872, #2881 ) ) ;
#2737 = ORIENTED_EDGE ( 'NONE', *, *, #2805, .F. ) ;
#2738 = EDGE_CURVE ( 'NONE', #3234, #2739, #1200, .T. ) ;
#2739 = VERTEX_POINT ( 'NONE', #1188 ) ;
#2740 = ORIENTED_EDGE ( 'NONE', *, *, #2764, .T. ) ;
#2741 = ADVANCED_FACE ( 'NONE', ( #1201 ), #1170, .F. ) ;
#2742 = EDGE_LOOP ( 'NONE', ( #2695, #2707, #2709, #2812 ) ) ;
#2743 = EDGE_LOOP ( 'NONE', ( #2784, #2621, #2622, #2623 ) ) ;
#2744 = ORIENTED_EDGE ( 'NONE', *, *, #2962, .F. ) ;
#2745 = ORIENTED_EDGE ( 'NONE', *, *, #1430, .F. ) ;
#2746 = ORIENTED_EDGE ( 'NONE', *, *, #2870, .T. ) ;
#2747 = ORIENTED_EDGE ( 'NONE', *, *, #2806, .T. ) ;
#2748 = ADVANCED_FACE ( 'NONE', ( #1198 ), #1186, .T. ) ;
#2749 = EDGE_LOOP ( 'NONE', ( #2802, #2803, #2871, #2933 ) ) ;
#2750 = ORIENTED_EDGE ( 'NONE', *, *, #99, .T. ) ;
#2751 = VERTEX_POINT ( 'NONE', #1187 ) ;
#2752 = ORIENTED_EDGE ( 'NONE', *, *, #2754, .F. ) ;
#2753 = EDGE_CURVE ( 'NONE', #3207, #2664, #1179, .T. ) ;
#2754 = EDGE_CURVE ( 'NONE', #2751, #2718, #1175, .T. ) ;
#2755 = ORIENTED_EDGE ( 'NONE', *, *, #2788, .T. ) ;
#2756 = EDGE_LOOP ( 'NONE', ( #2701, #2698, #2670, #2694 ) ) ;
#2757 = ORIENTED_EDGE ( 'NONE', *, *, #2753, .T. ) ;
#2758 = EDGE_CURVE ( 'NONE', #57, #3019, #1023, .T. ) ;
#2759 = EDGE_CURVE ( 'NONE', #2661, #2751, #1332, .T. ) ;
#2760 = ORIENTED_EDGE ( 'NONE', *, *, #2761, .F. ) ;
#2761 = EDGE_CURVE ( 'NONE', #2661, #2700, #1328, .T. ) ;
#2762 = EDGE_LOOP ( 'NONE', ( #2671, #2932, #2903, #2734, #2923, #2939 ) ) ;
#2763 = ORIENTED_EDGE ( 'NONE', *, *, #2819, .F. ) ;
#2764 = EDGE_CURVE ( 'NONE', #2669, #2687, #1324, .T. ) ;
#2765 = ORIENTED_EDGE ( 'NONE', *, *, #2692, .T. ) ;
#2766 = ORIENTED_EDGE ( 'NONE', *, *, #4, .T. ) ;
#2767 = ORIENTED_EDGE ( 'NONE', *, *, #3093, .T. ) ;
#2768 = ORIENTED_EDGE ( 'NONE', *, *, #2685, .T. ) ;
#2769 = ADVANCED_FACE ( 'NONE', ( #1320 ), #1234, .F. ) ;
#2770 = EDGE_LOOP ( 'NONE', ( #2744, #2745, #2747, #2913 ) ) ;
#2771 = EDGE_CURVE ( 'NONE', #2787, #2663, #1229, .T. ) ;
#2772 = ORIENTED_EDGE ( 'NONE', *, *, #2792, .T. ) ;
#2773 = EDGE_LOOP ( 'NONE', ( #2795, #2667, #2780, #2789, #2720 ) ) ;
#2774 = ORIENTED_EDGE ( 'NONE', *, *, #3329, .T. ) ;
#2775 = EDGE_LOOP ( 'NONE', ( #2696, #2811, #2785, #2816, #2618 ) ) ;
#2776 = EDGE_LOOP ( 'NONE', ( #2777, #2675, #2677, #2678 ) ) ;
#2777 = ORIENTED_EDGE ( 'NONE', *, *, #3188, .F. ) ;
#2778 = EDGE_LOOP ( 'NONE', ( #2750, #2717, #2752, #2755, #2703, #2724, #2704 ) ) ;
#2779 = ORIENTED_EDGE ( 'NONE', *, *, #2754, .T. ) ;
#2780 = ORIENTED_EDGE ( 'NONE', *, *, #2781, .T. ) ;
#2781 = EDGE_CURVE ( 'NONE', #2460, #2787, #1225, .T. ) ;
#2782 = ORIENTED_EDGE ( 'NONE', *, *, #2555, .T. ) ;
#2783 = ORIENTED_EDGE ( 'NONE', *, *, #2831, .T. ) ;
#2784 = ORIENTED_EDGE ( 'NONE', *, *, #3140, .F. ) ;
#2785 = ORIENTED_EDGE ( 'NONE', *, *, #2758, .T. ) ;
#2786 = ADVANCED_FACE ( 'NONE', ( #1220 ), #1218, .F. ) ;
#2787 = VERTEX_POINT ( 'NONE', #1219 ) ;
#2788 = EDGE_CURVE ( 'NONE', #2751, #2669, #1213, .T. ) ;
#2789 = ORIENTED_EDGE ( 'NONE', *, *, #2771, .T. ) ;
#2790 = ADVANCED_FACE ( 'NONE', ( #1319 ), #1318, .T. ) ;
#2791 = ADVANCED_FACE ( 'NONE', ( #1316 ), #1312, .F. ) ;
#2792 = EDGE_CURVE ( 'NONE', #2718, #2700, #1307, .T. ) ;
#2793 = ADVANCED_FACE ( 'NONE', ( #1241 ), #1240, .F. ) ;
#2794 = ORIENTED_EDGE ( 'NONE', *, *, #3113, .F. ) ;
#2795 = ORIENTED_EDGE ( 'NONE', *, *, #3203, .T. ) ;
#2796 = ORIENTED_EDGE ( 'NONE', *, *, #2827, .F. ) ;
#2797 = ADVANCED_FACE ( 'NONE', ( #1238 ), #1277, .F. ) ;
#2798 = ORIENTED_EDGE ( 'NONE', *, *, #2842, .T. ) ;
#2799 = ORIENTED_EDGE ( 'NONE', *, *, #2960, .T. ) ;
#2800 = EDGE_LOOP ( 'NONE', ( #2874, #2767, #2768, #2686, #2832, #2930, #2833, #2935 ) ) ;
#2801 = EDGE_LOOP ( 'NONE', ( #2940, #2740, #2765, #2766 ) ) ;
#2802 = ORIENTED_EDGE ( 'NONE', *, *, #3031, .F. ) ;
#2803 = ORIENTED_EDGE ( 'NONE', *, *, #25, .T. ) ;
#2804 = ORIENTED_EDGE ( 'NONE', *, *, #2806, .F. ) ;
#2805 = EDGE_CURVE ( 'NONE', #2674, #2739, #1272, .T. ) ;
#2806 = EDGE_CURVE ( 'NONE', #2835, #1698, #1268, .T. ) ;
#2807 = ORIENTED_EDGE ( 'NONE', *, *, #3099, .F. ) ;
#2808 = ADVANCED_FACE ( 'NONE', ( #1264 ), #1263, .T. ) ;
#2809 = EDGE_CURVE ( 'NONE', #2664, #3330, #1261, .T. ) ;
#2810 = EDGE_CURVE ( 'NONE', #2668, #3175, #1254, .T. ) ;
#2811 = ORIENTED_EDGE ( 'NONE', *, *, #17, .T. ) ;
#2812 = ORIENTED_EDGE ( 'NONE', *, *, #3125, .T. ) ;
#2813 = ORIENTED_EDGE ( 'NONE', *, *, #3209, .T. ) ;
#2814 = ADVANCED_FACE ( 'NONE', ( #1249 ), #1248, .T. ) ;
#2815 = EDGE_LOOP ( 'NONE', ( #2794, #2796, #2711, #2712, #2713 ) ) ;
#2816 = ORIENTED_EDGE ( 'NONE', *, *, #2620, .F. ) ;
#2817 = ORIENTED_EDGE ( 'NONE', *, *, #38, .T. ) ;
#2818 = ORIENTED_EDGE ( 'NONE', *, *, #2819, .T. ) ;
#2819 = EDGE_CURVE ( 'NONE', #12, #2674, #1305, .T. ) ;
#2820 = ORIENTED_EDGE ( 'NONE', *, *, #2894, .F. ) ;
#2821 = EDGE_CURVE ( 'NONE', #3303, #3038, #1301, .T. ) ;
#2822 = ORIENTED_EDGE ( 'NONE', *, *, #3149, .T. ) ;
#2823 = ORIENTED_EDGE ( 'NONE', *, *, #2824, .F. ) ;
#2824 = EDGE_CURVE ( 'NONE', #2886, #2891, #1297, .T. ) ;
#2825 = EDGE_LOOP ( 'NONE', ( #2826, #2830, #2887, #2829, #2895, #2828 ) ) ;
#2826 = ORIENTED_EDGE ( 'NONE', *, *, #2885, .F. ) ;
#2827 = EDGE_CURVE ( 'NONE', #109, #3154, #1293, .T. ) ;
#2828 = ORIENTED_EDGE ( 'NONE', *, *, #3153, .T. ) ;
#2829 = ORIENTED_EDGE ( 'NONE', *, *, #116, .F. ) ;
#2830 = ORIENTED_EDGE ( 'NONE', *, *, #2831, .F. ) ;
#2831 = EDGE_CURVE ( 'NONE', #3117, #2886, #1288, .T. ) ;
#2832 = ORIENTED_EDGE ( 'NONE', *, *, #2879, .F. ) ;
#2833 = ORIENTED_EDGE ( 'NONE', *, *, #2834, .T. ) ;
#2834 = EDGE_CURVE ( 'NONE', #3058, #2336, #1283, .T. ) ;
#2835 = VERTEX_POINT ( 'NONE', #1461 ) ;
#2836 = ORIENTED_EDGE ( 'NONE', *, *, #2837, .T. ) ;
#2837 = EDGE_CURVE ( 'NONE', #2835, #3232, #1460, .T. ) ;
#2838 = ORIENTED_EDGE ( 'NONE', *, *, #2839, .F. ) ;
#2839 = EDGE_CURVE ( 'NONE', #3014, #3232, #1456, .T. ) ;
#2840 = ADVANCED_FACE ( 'NONE', ( #1451 ), #1450, .T. ) ;
#2841 = ORIENTED_EDGE ( 'NONE', *, *, #2842, .F. ) ;
#2842 = EDGE_CURVE ( 'NONE', #2891, #3226, #1444, .T. ) ;
#2843 = ORIENTED_EDGE ( 'NONE', *, *, #3037, .T. ) ;
#2844 = ORIENTED_EDGE ( 'NONE', *, *, #3024, .F. ) ;
#2845 = ORIENTED_EDGE ( 'NONE', *, *, #2846, .T. ) ;
#2846 = EDGE_CURVE ( 'NONE', #2893, #3337, #1440, .T. ) ;
#2847 = ORIENTED_EDGE ( 'NONE', *, *, #2821, .T. ) ;
#2848 = ADVANCED_FACE ( 'NONE', ( #1435 ), #1434, .T. ) ;
#2849 = EDGE_LOOP ( 'NONE', ( #2851, #2856, #2859, #3043, #3044, #3036 ) ) ;
#2850 = ORIENTED_EDGE ( 'NONE', *, *, #2852, .T. ) ;
#2851 = ORIENTED_EDGE ( 'NONE', *, *, #2854, .F. ) ;
#2852 = EDGE_CURVE ( 'NONE', #3326, #2853, #1427, .T. ) ;
#2853 = VERTEX_POINT ( 'NONE', #1423 ) ;
#2854 = EDGE_CURVE ( 'NONE', #2855, #2964, #1422, .T. ) ;
#2855 = VERTEX_POINT ( 'NONE', #1418 ) ;
#2856 = ORIENTED_EDGE ( 'NONE', *, *, #2857, .F. ) ;
#2857 = EDGE_CURVE ( 'NONE', #3307, #2855, #1417, .T. ) ;
#2858 = ORIENTED_EDGE ( 'NONE', *, *, #3237, .T. ) ;
#2859 = ORIENTED_EDGE ( 'NONE', *, *, #3305, .F. ) ;
#2860 = ORIENTED_EDGE ( 'NONE', *, *, #3213, .T. ) ;
#2861 = ORIENTED_EDGE ( 'NONE', *, *, #2862, .T. ) ;
#2862 = EDGE_CURVE ( 'NONE', #3123, #2884, #1412, .T. ) ;
#2863 = EDGE_LOOP ( 'NONE', ( #2876, #2864, #2904, #2905 ) ) ;
#2864 = ORIENTED_EDGE ( 'NONE', *, *, #3064, .F. ) ;
#2865 = ORIENTED_EDGE ( 'NONE', *, *, #3096, .F. ) ;
#2866 = ORIENTED_EDGE ( 'NONE', *, *, #66, .T. ) ;
#2867 = ORIENTED_EDGE ( 'NONE', *, *, #42, .T. ) ;
#2868 = ORIENTED_EDGE ( 'NONE', *, *, #2614, .T. ) ;
#2869 = ADVANCED_FACE ( 'NONE', ( #1408 ), #1406, .F. ) ;
#2870 = EDGE_CURVE ( 'NONE', #3052, #3178, #1407, .T. ) ;
#2871 = ORIENTED_EDGE ( 'NONE', *, *, #2601, .T. ) ;
#2872 = ORIENTED_EDGE ( 'NONE', *, *, #3339, .F. ) ;
#2873 = ORIENTED_EDGE ( 'NONE', *, *, #2810, .F. ) ;
#2874 = ORIENTED_EDGE ( 'NONE', *, *, #2921, .F. ) ;
#2875 = ORIENTED_EDGE ( 'NONE', *, *, #3191, .F. ) ;
#2876 = ORIENTED_EDGE ( 'NONE', *, *, #3159, .F. ) ;
#2877 = ORIENTED_EDGE ( 'NONE', *, *, #2490, .T. ) ;
#2878 = ORIENTED_EDGE ( 'NONE', *, *, #2879, .T. ) ;
#2879 = EDGE_CURVE ( 'NONE', #3061, #2597, #1396, .T. ) ;
#2880 = ORIENTED_EDGE ( 'NONE', *, *, #2466, .F. ) ;
#2881 = ORIENTED_EDGE ( 'NONE', *, *, #2846, .F. ) ;
#2882 = ADVANCED_FACE ( 'NONE', ( #1392 ), #1391, .F. ) ;
#2883 = ADVANCED_FACE ( 'NONE', ( #1389 ), #1385, .T. ) ;
#2884 = VERTEX_POINT ( 'NONE', #1380 ) ;
#2885 = EDGE_CURVE ( 'NONE', #2886, #3132, #1379, .T. ) ;
#2886 = VERTEX_POINT ( 'NONE', #1375 ) ;
#2887 = ORIENTED_EDGE ( 'NONE', *, *, #3115, .F. ) ;
#2888 = ORIENTED_EDGE ( 'NONE', *, *, #2889, .T. ) ;
#2889 = EDGE_CURVE ( 'NONE', #3132, #2893, #1374, .T. ) ;
#2890 = EDGE_LOOP ( 'NONE', ( #3018, #3053, #3098, #3097, #3067 ) ) ;
#2891 = VERTEX_POINT ( 'NONE', #1370 ) ;
#2892 = ORIENTED_EDGE ( 'NONE', *, *, #2885, .T. ) ;
#2893 = VERTEX_POINT ( 'NONE', #1369 ) ;
#2894 = EDGE_CURVE ( 'NONE', #3310, #2884, #1368, .T. ) ;
#2895 = ORIENTED_EDGE ( 'NONE', *, *, #2827, .T. ) ;
#2896 = ORIENTED_EDGE ( 'NONE', *, *, #3028, .T. ) ;
#2897 = ADVANCED_FACE ( 'NONE', ( #1363 ), #1362, .T. ) ;
#2898 = ORIENTED_EDGE ( 'NONE', *, *, #2459, .T. ) ;
#2899 = ORIENTED_EDGE ( 'NONE', *, *, #377, .F. ) ;
#2900 = ORIENTED_EDGE ( 'NONE', *, *, #2781, .F. ) ;
#2901 = ADVANCED_FACE ( 'NONE', ( #1356 ), #1360, .T. ) ;
#2902 = EDGE_LOOP ( 'NONE', ( #2823, #2892, #2888, #3100 ) ) ;
#2903 = ORIENTED_EDGE ( 'NONE', *, *, #69, .T. ) ;
#2904 = ORIENTED_EDGE ( 'NONE', *, *, #3294, .T. ) ;
#2905 = ORIENTED_EDGE ( 'NONE', *, *, #86, .T. ) ;
#2906 = EDGE_LOOP ( 'NONE', ( #2911, #2912, #2918, #2920, #2937, #2945 ) ) ;
#2907 = ADVANCED_FACE ( 'NONE', ( #1351 ), #1350, .F. ) ;
#2908 = EDGE_CURVE ( 'NONE', #70, #2739, #1345, .T. ) ;
#2909 = ORIENTED_EDGE ( 'NONE', *, *, #2735, .T. ) ;
#2910 = ADVANCED_FACE ( 'NONE', ( #1341 ), #1340, .F. ) ;
#2911 = ORIENTED_EDGE ( 'NONE', *, *, #3158, .T. ) ;
#2912 = ORIENTED_EDGE ( 'NONE', *, *, #50, .T. ) ;
#2913 = ORIENTED_EDGE ( 'NONE', *, *, #2429, .T. ) ;
#2914 = ADVANCED_FACE ( 'NONE', ( #1335 ), #1073, .T. ) ;
#2915 = EDGE_LOOP ( 'NONE', ( #2877, #2878, #2880, #2946, #2799 ) ) ;
#2916 = ORIENTED_EDGE ( 'NONE', *, *, #2666, .F. ) ;
#2917 = EDGE_CURVE ( 'NONE', #3050, #2936, #1511, .T. ) ;
#2918 = ORIENTED_EDGE ( 'NONE', *, *, #3073, .T. ) ;
#2919 = EDGE_LOOP ( 'NONE', ( #2916, #2922, #2941, #2875, #2938, #2746, #2924, #2873 ) ) ;
#2920 = ORIENTED_EDGE ( 'NONE', *, *, #2921, .T. ) ;
#2921 = EDGE_CURVE ( 'NONE', #3070, #2936, #1524, .T. ) ;
#2922 = ORIENTED_EDGE ( 'NONE', *, *, #2805, .T. ) ;
#2923 = ORIENTED_EDGE ( 'NONE', *, *, #2889, .F. ) ;
#2924 = ORIENTED_EDGE ( 'NONE', *, *, #3177, .F. ) ;
#2925 = ORIENTED_EDGE ( 'NONE', *, *, #2339, .F. ) ;
#2926 = ADVANCED_FACE ( 'NONE', ( #1464 ), #1553, .T. ) ;
#2927 = ORIENTED_EDGE ( 'NONE', *, *, #2834, .F. ) ;
#2928 = ADVANCED_FACE ( 'NONE', ( #1571 ), #1569, .T. ) ;
#2929 = EDGE_LOOP ( 'NONE', ( #2942, #2944, #2804, #2807, #2732 ) ) ;
#2930 = ORIENTED_EDGE ( 'NONE', *, *, #3060, .T. ) ;
#2931 = EDGE_LOOP ( 'NONE', ( #2865, #2866, #2868, #2925, #2927 ) ) ;
#2932 = ORIENTED_EDGE ( 'NONE', *, *, #2908, .F. ) ;
#2933 = ORIENTED_EDGE ( 'NONE', *, *, #2685, .F. ) ;
#2934 = EDGE_LOOP ( 'NONE', ( #2737, #2763, #2310, #2308 ) ) ;
#2935 = ORIENTED_EDGE ( 'NONE', *, *, #2943, .F. ) ;
#2936 = VERTEX_POINT ( 'NONE', #1559 ) ;
#2937 = ORIENTED_EDGE ( 'NONE', *, *, #2917, .F. ) ;
#2938 = ORIENTED_EDGE ( 'NONE', *, *, #2714, .F. ) ;
#2939 = ORIENTED_EDGE ( 'NONE', *, *, #3324, .T. ) ;
#2940 = ORIENTED_EDGE ( 'NONE', *, *, #2699, .F. ) ;
#2941 = ORIENTED_EDGE ( 'NONE', *, *, #2738, .F. ) ;
#2942 = ORIENTED_EDGE ( 'NONE', *, *, #2943, .T. ) ;
#2943 = EDGE_CURVE ( 'NONE', #2936, #2336, #1480, .T. ) ;
#2944 = ORIENTED_EDGE ( 'NONE', *, *, #1672, .T. ) ;
#2945 = ORIENTED_EDGE ( 'NONE', *, *, #3008, .F. ) ;
#2946 = ORIENTED_EDGE ( 'NONE', *, *, #2356, .F. ) ;
#2947 = ADVANCED_FACE ( 'NONE', ( #1558 ), #1557, .T. ) ;
#2948 = EDGE_CURVE ( 'NONE', #3019, #3052, #1475, .T. ) ;
#2949 = ADVANCED_FACE ( 'NONE', ( #1476 ), #1518, .F. ) ;
#2950 = VERTEX_POINT ( 'NONE', #1576 ) ;
#2951 = ORIENTED_EDGE ( 'NONE', *, *, #2952, .F. ) ;
#2952 = EDGE_CURVE ( 'NONE', #2953, #2950, #1520, .T. ) ;
#2953 = VERTEX_POINT ( 'NONE', #1501 ) ;
#2954 = ORIENTED_EDGE ( 'NONE', *, *, #2955, .F. ) ;
#2955 = EDGE_CURVE ( 'NONE', #3087, #2953, #1534, .T. ) ;
#2956 = ADVANCED_FACE ( 'NONE', ( #1472 ), #1490, .F. ) ;
#2957 = EDGE_LOOP ( 'NONE', ( #2958, #2991, #2994, #2997 ) ) ;
#2958 = ORIENTED_EDGE ( 'NONE', *, *, #2988, .T. ) ;
#2959 = VERTEX_POINT ( 'NONE', #1491 ) ;
#2960 = EDGE_CURVE ( 'NONE', #2959, #3167, #1564, .T. ) ;
#2961 = ORIENTED_EDGE ( 'NONE', *, *, #3171, .F. ) ;
#2962 = EDGE_CURVE ( 'NONE', #3033, #3199, #1485, .T. ) ;
#2963 = EDGE_CURVE ( 'NONE', #3199, #3167, #1481, .T. ) ;
#2964 = VERTEX_POINT ( 'NONE', #1535 ) ;
#2965 = ORIENTED_EDGE ( 'NONE', *, *, #2966, .T. ) ;
#2966 = EDGE_CURVE ( 'NONE', #3082, #2967, #1510, .T. ) ;
#2967 = VERTEX_POINT ( 'NONE', #1505 ) ;
#2968 = ORIENTED_EDGE ( 'NONE', *, *, #2969, .F. ) ;
#2969 = EDGE_CURVE ( 'NONE', #3079, #2967, #1496, .T. ) ;
#2970 = MANIFOLD_SOLID_BREP ( 'NONE', #2976 ) ;
#2971 = ORIENTED_EDGE ( 'NONE', *, *, #3034, .T. ) ;
#2972 = EDGE_CURVE ( 'NONE', #3286, #2973, #1543, .T. ) ;
#2973 = VERTEX_POINT ( 'NONE', #1539 ) ;
#2974 = ORIENTED_EDGE ( 'NONE', *, *, #3276, .T. ) ;
#2975 = ORIENTED_EDGE ( 'NONE', *, *, #3069, .F. ) ;
#2976 = CLOSED_SHELL ( 'NONE', ( #3074, #3083, #2956, #3102, #2985, #3006, #3181, #3172, #3138, #3126, #3211, #3242, #3236, #3161, #3284, #378, #82, #373, #88, #68, #92, #48, #102, #112, #2883, #2901, #3047, #2897, #2848, #3022, #3035, #2840, #1684, #2357, #2364, #2382, #2383, #2489, #2480, #2628, #2464, #2659, #2632, #2640, #2648, #2660, #2619, #2786, #2790, #2702, #2719, #2697, #2797, #2691, #2741, #2814, #2716, #2869, #2882, #2910, #2947, #2769, #2914, #2926, #2928, #2808, #2907, #2748, #2733, #2349, #2331, #2351, #2341, #2316, #2314, #1122, #1769, #2394, #2301, #2390, #2410, #2381, #2406, #2426, #2369, #2409, #2529, #2552, #2609, #2510, #2497, #2502, #2520, #2551, #2515, #2525, #2575, #2536, #2472, #2516, #2706, #2791, #2793, #2721, #3039, #2949, #3016, #3062, #3012, #3021 ) ) ;
#2977 = ORIENTED_EDGE ( 'NONE', *, *, #2809, .F. ) ;
#2978 = ORIENTED_EDGE ( 'NONE', *, *, #2771, .F. ) ;
#2979 = ORIENTED_EDGE ( 'NONE', *, *, #2982, .F. ) ;
#2980 = ORIENTED_EDGE ( 'NONE', *, *, #3037, .F. ) ;
#2981 = ORIENTED_EDGE ( 'NONE', *, *, #3028, .F. ) ;
#2982 = EDGE_CURVE ( 'NONE', #3287, #2973, #1538, .T. ) ;
#2983 = ORIENTED_EDGE ( 'NONE', *, *, #3217, .T. ) ;
#2984 = EDGE_CURVE ( 'NONE', #3071, #3094, #1634, .T. ) ;
#2985 = ADVANCED_FACE ( 'NONE', ( #1583 ), #1670, .F. ) ;
#2986 = ORIENTED_EDGE ( 'NONE', *, *, #2984, .T. ) ;
#2987 = ORIENTED_EDGE ( 'NONE', *, *, #3093, .F. ) ;
#2988 = EDGE_CURVE ( 'NONE', #2989, #2990, #1654, .T. ) ;
#2989 = VERTEX_POINT ( 'NONE', #1635 ) ;
#2990 = VERTEX_POINT ( 'NONE', #1652 ) ;
#2991 = ORIENTED_EDGE ( 'NONE', *, *, #2992, .T. ) ;
#2992 = EDGE_CURVE ( 'NONE', #2990, #2993, #1628, .T. ) ;
#2993 = VERTEX_POINT ( 'NONE', #1629 ) ;
#2994 = ORIENTED_EDGE ( 'NONE', *, *, #2995, .F. ) ;
#2995 = EDGE_CURVE ( 'NONE', #2996, #2993, #1656, .T. ) ;
#2996 = VERTEX_POINT ( 'NONE', #1592 ) ;
#2997 = ORIENTED_EDGE ( 'NONE', *, *, #3101, .F. ) ;
#2998 = ORIENTED_EDGE ( 'NONE', *, *, #3010, .T. ) ;
#2999 = EDGE_LOOP ( 'NONE', ( #2986, #3095, #3059, #3000, #3092 ) ) ;
#3000 = ORIENTED_EDGE ( 'NONE', *, *, #3001, .F. ) ;
#3001 = EDGE_CURVE ( 'NONE', #3002, #3061, #1662, .T. ) ;
#3002 = VERTEX_POINT ( 'NONE', #1597 ) ;
#3003 = EDGE_CURVE ( 'NONE', #3071, #3002, #1626, .T. ) ;
#3004 = EDGE_LOOP ( 'NONE', ( #3007, #3189, #3133, #3200 ) ) ;
#3005 = EDGE_CURVE ( 'NONE', #3033, #2959, #1621, .T. ) ;
#3006 = ADVANCED_FACE ( 'NONE', ( #1673 ), #1623, .F. ) ;
#3007 = ORIENTED_EDGE ( 'NONE', *, *, #3005, .F. ) ;
#3008 = EDGE_CURVE ( 'NONE', #2964, #3050, #1580, .T. ) ;
#3009 = ORIENTED_EDGE ( 'NONE', *, *, #2852, .F. ) ;
#3010 = EDGE_CURVE ( 'NONE', #2853, #3038, #1590, .T. ) ;
#3011 = EDGE_LOOP ( 'NONE', ( #3066, #3015, #3049, #2971 ) ) ;
#3012 = ADVANCED_FACE ( 'NONE', ( #1606 ), #1639, .F. ) ;
#3013 = ORIENTED_EDGE ( 'NONE', *, *, #3063, .T. ) ;
#3014 = VERTEX_POINT ( 'NONE', #1668 ) ;
#3015 = ORIENTED_EDGE ( 'NONE', *, *, #2854, .T. ) ;
#3016 = ADVANCED_FACE ( 'NONE', ( #1630 ), #1609, .F. ) ;
#3017 = EDGE_LOOP ( 'NONE', ( #3040, #3029, #2836, #2838 ) ) ;
#3018 = ORIENTED_EDGE ( 'NONE', *, *, #2948, .T. ) ;
#3019 = VERTEX_POINT ( 'NONE', #1610 ) ;
#3020 = ORIENTED_EDGE ( 'NONE', *, *, #3219, .T. ) ;
#3021 = ADVANCED_FACE ( 'NONE', ( #1641 ), #1640, .F. ) ;
#3022 = ADVANCED_FACE ( 'NONE', ( #1677 ), #1649, .T. ) ;
#3023 = EDGE_LOOP ( 'NONE', ( #3026, #3112, #2979 ) ) ;
#3024 = EDGE_CURVE ( 'NONE', #2893, #2891, #1589, .T. ) ;
#3025 = ORIENTED_EDGE ( 'NONE', *, *, #2693, .F. ) ;
#3026 = ORIENTED_EDGE ( 'NONE', *, *, #3323, .T. ) ;
#3027 = ORIENTED_EDGE ( 'NONE', *, *, #2982, .T. ) ;
#3028 = EDGE_CURVE ( 'NONE', #3312, #2787, #1585, .T. ) ;
#3029 = ORIENTED_EDGE ( 'NONE', *, *, #3099, .T. ) ;
#3030 = ORIENTED_EDGE ( 'NONE', *, *, #3031, .T. ) ;
#3031 = EDGE_CURVE ( 'NONE', #3107, #3032, #1660, .T. ) ;
#3032 = VERTEX_POINT ( 'NONE', #1612 ) ;
#3033 = VERTEX_POINT ( 'NONE', #1611 ) ;
#3034 = EDGE_CURVE ( 'NONE', #3050, #3014, #1090, .T. ) ;
#3035 = ADVANCED_FACE ( 'NONE', ( #1728 ), #1765, .T. ) ;
#3036 = ORIENTED_EDGE ( 'NONE', *, *, #3171, .T. ) ;
#3037 = EDGE_CURVE ( 'NONE', #3038, #3238, #1699, .T. ) ;
#3038 = VERTEX_POINT ( 'NONE', #1724 ) ;
#3039 = ADVANCED_FACE ( 'NONE', ( #1709 ), #1725, .F. ) ;
#3040 = ORIENTED_EDGE ( 'NONE', *, *, #3034, .F. ) ;
#3041 = EDGE_CURVE ( 'NONE', #3120, #3019, #1755, .T. ) ;
#3042 = ORIENTED_EDGE ( 'NONE', *, *, #3240, .T. ) ;
#3043 = ORIENTED_EDGE ( 'NONE', *, *, #2, .F. ) ;
#3044 = ORIENTED_EDGE ( 'NONE', *, *, #3064, .T. ) ;
#3045 = ORIENTED_EDGE ( 'NONE', *, *, #3325, .T. ) ;
#3046 = EDGE_LOOP ( 'NONE', ( #2899, #2841, #2844, #2845 ) ) ;
#3047 = ADVANCED_FACE ( 'NONE', ( #1712 ), #1751, .T. ) ;
#3048 = EDGE_LOOP ( 'NONE', ( #3042, #2847, #2843 ) ) ;
#3049 = ORIENTED_EDGE ( 'NONE', *, *, #3008, .T. ) ;
#3050 = VERTEX_POINT ( 'NONE', #1733 ) ;
#3051 = EDGE_LOOP ( 'NONE', ( #3045, #3068, #3009 ) ) ;
#3052 = VERTEX_POINT ( 'NONE', #1710 ) ;
#3053 = ORIENTED_EDGE ( 'NONE', *, *, #3091, .F. ) ;
#3054 = EDGE_CURVE ( 'NONE', #2855, #3014, #1737, .T. ) ;
#3055 = ORIENTED_EDGE ( 'NONE', *, *, #2821, .F. ) ;
#3056 = EDGE_LOOP ( 'NONE', ( #2974, #2980, #3110, #2975, #3020, #3109, #3057, #3108, #2977, #3025, #2978, #2981 ) ) ;
#3057 = ORIENTED_EDGE ( 'NONE', *, *, #2972, .F. ) ;
#3058 = VERTEX_POINT ( 'NONE', #1735 ) ;
#3059 = ORIENTED_EDGE ( 'NONE', *, *, #3060, .F. ) ;
#3060 = EDGE_CURVE ( 'NONE', #3061, #3058, #1721, .T. ) ;
#3061 = VERTEX_POINT ( 'NONE', #1731 ) ;
#3062 = ADVANCED_FACE ( 'NONE', ( #1730 ), #1729, .F. ) ;
#3063 = EDGE_CURVE ( 'NONE', #2973, #3328, #1716, .T. ) ;
#3064 = EDGE_CURVE ( 'NONE', #3295, #3163, #1690, .T. ) ;
#3065 = EDGE_LOOP ( 'NONE', ( #2858, #2860, #2850, #2998, #3055 ) ) ;
#3066 = ORIENTED_EDGE ( 'NONE', *, *, #3054, .F. ) ;
#3067 = ORIENTED_EDGE ( 'NONE', *, *, #3041, .T. ) ;
#3068 = ORIENTED_EDGE ( 'NONE', *, *, #3069, .T. ) ;
#3069 = EDGE_CURVE ( 'NONE', #3320, #2853, #1742, .T. ) ;
#3070 = VERTEX_POINT ( 'NONE', #1738 ) ;
#3071 = VERTEX_POINT ( 'NONE', #1694 ) ;
#3072 = ORIENTED_EDGE ( 'NONE', *, *, #3073, .F. ) ;
#3073 = EDGE_CURVE ( 'NONE', #3106, #3070, #1693, .T. ) ;
#3074 = ADVANCED_FACE ( 'NONE', ( #1746 ), #1743, .T. ) ;
#3075 = EDGE_LOOP ( 'NONE', ( #3076, #3080, #2965, #2968 ) ) ;
#3076 = ORIENTED_EDGE ( 'NONE', *, *, #3077, .F. ) ;
#3077 = EDGE_CURVE ( 'NONE', #3078, #3079, #1680, .T. ) ;
#3078 = VERTEX_POINT ( 'NONE', #1705 ) ;
#3079 = VERTEX_POINT ( 'NONE', #1704 ) ;
#3080 = ORIENTED_EDGE ( 'NONE', *, *, #3081, .T. ) ;
#3081 = EDGE_CURVE ( 'NONE', #3078, #3082, #1703, .T. ) ;
#3082 = VERTEX_POINT ( 'NONE', #1771 ) ;
#3083 = ADVANCED_FACE ( 'NONE', ( #1790 ), #1791, .F. ) ;
#3084 = EDGE_LOOP ( 'NONE', ( #3085, #3089, #2951, #2954 ) ) ;
#3085 = ORIENTED_EDGE ( 'NONE', *, *, #3086, .T. ) ;
#3086 = EDGE_CURVE ( 'NONE', #3087, #3088, #1785, .T. ) ;
#3087 = VERTEX_POINT ( 'NONE', #1794 ) ;
#3088 = VERTEX_POINT ( 'NONE', #1801 ) ;
#3089 = ORIENTED_EDGE ( 'NONE', *, *, #3090, .T. ) ;
#3090 = EDGE_CURVE ( 'NONE', #3088, #2950, #1797, .T. ) ;
#3091 = EDGE_CURVE ( 'NONE', #2884, #3052, #1781, .T. ) ;
#3092 = ORIENTED_EDGE ( 'NONE', *, *, #3003, .F. ) ;
#3093 = EDGE_CURVE ( 'NONE', #3070, #3032, #1779, .T. ) ;
#3094 = VERTEX_POINT ( 'NONE', #1786 ) ;
#3095 = ORIENTED_EDGE ( 'NONE', *, *, #3096, .T. ) ;
#3096 = EDGE_CURVE ( 'NONE', #3094, #3058, #1777, .T. ) ;
#3097 = ORIENTED_EDGE ( 'NONE', *, *, #3122, .T. ) ;
#3098 = ORIENTED_EDGE ( 'NONE', *, *, #2862, .F. ) ;
#3099 = EDGE_CURVE ( 'NONE', #3050, #2835, #1773, .T. ) ;
#3100 = ORIENTED_EDGE ( 'NONE', *, *, #3024, .T. ) ;
#3101 = EDGE_CURVE ( 'NONE', #2989, #2996, #1849, .T. ) ;
#3102 = ADVANCED_FACE ( 'NONE', ( #1883 ), #1855, .T. ) ;
#3103 = EDGE_LOOP ( 'NONE', ( #3104, #3030, #2987, #3072 ) ) ;
#3104 = ORIENTED_EDGE ( 'NONE', *, *, #3105, .T. ) ;
#3105 = EDGE_CURVE ( 'NONE', #3106, #3107, #1889, .T. ) ;
#3106 = VERTEX_POINT ( 'NONE', #1867 ) ;
#3107 = VERTEX_POINT ( 'NONE', #1835 ) ;
#3108 = ORIENTED_EDGE ( 'NONE', *, *, #3285, .T. ) ;
#3109 = ORIENTED_EDGE ( 'NONE', *, *, #3063, .F. ) ;
#3110 = ORIENTED_EDGE ( 'NONE', *, *, #3010, .F. ) ;
#3111 = EDGE_LOOP ( 'NONE', ( #2983, #3027, #3013 ) ) ;
#3112 = ORIENTED_EDGE ( 'NONE', *, *, #2972, .T. ) ;
#3113 = EDGE_CURVE ( 'NONE', #3154, #3170, #1873, .T. ) ;
#3114 = ORIENTED_EDGE ( 'NONE', *, *, #3115, .T. ) ;
#3115 = EDGE_CURVE ( 'NONE', #3116, #3117, #1839, .T. ) ;
#3116 = VERTEX_POINT ( 'NONE', #1836 ) ;
#3117 = VERTEX_POINT ( 'NONE', #1862 ) ;
#3118 = ORIENTED_EDGE ( 'NONE', *, *, #3119, .T. ) ;
#3119 = EDGE_CURVE ( 'NONE', #3117, #3120, #1833, .T. ) ;
#3120 = VERTEX_POINT ( 'NONE', #1816 ) ;
#3121 = ORIENTED_EDGE ( 'NONE', *, *, #3122, .F. ) ;
#3122 = EDGE_CURVE ( 'NONE', #3123, #3120, #1880, .T. ) ;
#3123 = VERTEX_POINT ( 'NONE', #1881 ) ;
#3124 = ORIENTED_EDGE ( 'NONE', *, *, #3125, .F. ) ;
#3125 = EDGE_CURVE ( 'NONE', #3186, #3310, #1806, .T. ) ;
#3126 = ADVANCED_FACE ( 'NONE', ( #1818 ), #1817, .F. ) ;
#3127 = ORIENTED_EDGE ( 'NONE', *, *, #3128, .T. ) ;
#3128 = EDGE_CURVE ( 'NONE', #3129, #3130, #1825, .T. ) ;
#3129 = VERTEX_POINT ( 'NONE', #1848 ) ;
#3130 = VERTEX_POINT ( 'NONE', #1847 ) ;
#3131 = ORIENTED_EDGE ( 'NONE', *, *, #3140, .T. ) ;
#3132 = VERTEX_POINT ( 'NONE', #1857 ) ;
#3133 = ORIENTED_EDGE ( 'NONE', *, *, #2963, .T. ) ;
#3134 = VERTEX_POINT ( 'NONE', #1856 ) ;
#3135 = ORIENTED_EDGE ( 'NONE', *, *, #3136, .T. ) ;
#3136 = EDGE_CURVE ( 'NONE', #3134, #3137, #1808, .T. ) ;
#3137 = VERTEX_POINT ( 'NONE', #1859 ) ;
#3138 = ADVANCED_FACE ( 'NONE', ( #1858 ), #1876, .T. ) ;
#3139 = EDGE_LOOP ( 'NONE', ( #3183, #3187, #3176, #3309, #3124 ) ) ;
#3140 = EDGE_CURVE ( 'NONE', #3130, #3141, #1884, .T. ) ;
#3141 = VERTEX_POINT ( 'NONE', #1840 ) ;
#3142 = ORIENTED_EDGE ( 'NONE', *, *, #3143, .F. ) ;
#3143 = EDGE_CURVE ( 'NONE', #3144, #3141, #1814, .T. ) ;
#3144 = VERTEX_POINT ( 'NONE', #1868 ) ;
#3145 = ORIENTED_EDGE ( 'NONE', *, *, #3146, .F. ) ;
#3146 = EDGE_CURVE ( 'NONE', #3129, #3144, #1866, .T. ) ;
#3147 = EDGE_LOOP ( 'NONE', ( #3114, #3118, #3121, #3289 ) ) ;
#3148 = ORIENTED_EDGE ( 'NONE', *, *, #3149, .F. ) ;
#3149 = EDGE_CURVE ( 'NONE', #3150, #3312, #1811, .T. ) ;
#3150 = VERTEX_POINT ( 'NONE', #1939 ) ;
#3151 = ORIENTED_EDGE ( 'NONE', *, *, #3152, .T. ) ;
#3152 = EDGE_CURVE ( 'NONE', #3150, #3201, #1922, .T. ) ;
#3153 = EDGE_CURVE ( 'NONE', #3154, #3132, #1918, .T. ) ;
#3154 = VERTEX_POINT ( 'NONE', #1913 ) ;
#3155 = ORIENTED_EDGE ( 'NONE', *, *, #3159, .T. ) ;
#3156 = VERTEX_POINT ( 'NONE', #1912 ) ;
#3157 = ORIENTED_EDGE ( 'NONE', *, *, #3158, .F. ) ;
#3158 = EDGE_CURVE ( 'NONE', #2964, #3156, #1911, .T. ) ;
#3159 = EDGE_CURVE ( 'NONE', #3163, #3210, #1907, .T. ) ;
#3160 = EDGE_CURVE ( 'NONE', #3232, #3196, #1903, .T. ) ;
#3161 = ADVANCED_FACE ( 'NONE', ( #1898 ), #1896, .T. ) ;
#3162 = EDGE_LOOP ( 'NONE', ( #3164, #3165, #3135, #3327, #3321, #3215, #3218, #3322, #3216, #3319, #3220, #3212 ) ) ;
#3163 = VERTEX_POINT ( 'NONE', #1897 ) ;
#3164 = ORIENTED_EDGE ( 'NONE', *, *, #3252, .F. ) ;
#3165 = ORIENTED_EDGE ( 'NONE', *, *, #3166, .T. ) ;
#3166 = EDGE_CURVE ( 'NONE', #3233, #3134, #1891, .T. ) ;
#3167 = VERTEX_POINT ( 'NONE', #2024 ) ;
#3168 = EDGE_CURVE ( 'NONE', #3210, #3156, #2023, .T. ) ;
#3169 = ORIENTED_EDGE ( 'NONE', *, *, #3113, .T. ) ;
#3170 = VERTEX_POINT ( 'NONE', #2018 ) ;
#3171 = EDGE_CURVE ( 'NONE', #3163, #2964, #2016, .T. ) ;
#3172 = ADVANCED_FACE ( 'NONE', ( #2017 ), #2011, .T. ) ;
#3173 = EDGE_LOOP ( 'NONE', ( #3174, #3169, #3190, #3235 ) ) ;
#3174 = ORIENTED_EDGE ( 'NONE', *, *, #3153, .F. ) ;
#3175 = VERTEX_POINT ( 'NONE', #2010 ) ;
#3176 = ORIENTED_EDGE ( 'NONE', *, *, #3177, .T. ) ;
#3177 = EDGE_CURVE ( 'NONE', #3175, #3178, #2005, .T. ) ;
#3178 = VERTEX_POINT ( 'NONE', #2000 ) ;
#3179 = VERTEX_POINT ( 'NONE', #1999 ) ;
#3180 = ORIENTED_EDGE ( 'NONE', *, *, #3192, .T. ) ;
#3181 = ADVANCED_FACE ( 'NONE', ( #1998 ), #1997, .F. ) ;
#3182 = ORIENTED_EDGE ( 'NONE', *, *, #3168, .T. ) ;
#3183 = ORIENTED_EDGE ( 'NONE', *, *, #3184, .F. ) ;
#3184 = EDGE_CURVE ( 'NONE', #3185, #3186, #1992, .T. ) ;
#3185 = VERTEX_POINT ( 'NONE', #1987 ) ;
#3186 = VERTEX_POINT ( 'NONE', #1986 ) ;
#3187 = ORIENTED_EDGE ( 'NONE', *, *, #3188, .T. ) ;
#3188 = EDGE_CURVE ( 'NONE', #3185, #3175, #1985, .T. ) ;
#3189 = ORIENTED_EDGE ( 'NONE', *, *, #2962, .T. ) ;
#3190 = ORIENTED_EDGE ( 'NONE', *, *, #3191, .T. ) ;
#3191 = EDGE_CURVE ( 'NONE', #3170, #3234, #1981, .T. ) ;
#3192 = EDGE_CURVE ( 'NONE', #3179, #3193, #1976, .T. ) ;
#3193 = VERTEX_POINT ( 'NONE', #1972 ) ;
#3194 = ORIENTED_EDGE ( 'NONE', *, *, #3195, .F. ) ;
#3195 = EDGE_CURVE ( 'NONE', #3196, #3193, #1971, .T. ) ;
#3196 = VERTEX_POINT ( 'NONE', #1966 ) ;
#3197 = ORIENTED_EDGE ( 'NONE', *, *, #3160, .F. ) ;
#3198 = EDGE_LOOP ( 'NONE', ( #2961, #3155, #3182, #3157 ) ) ;
#3199 = VERTEX_POINT ( 'NONE', #1965 ) ;
#3200 = ORIENTED_EDGE ( 'NONE', *, *, #2960, .F. ) ;
#3201 = VERTEX_POINT ( 'NONE', #1964 ) ;
#3202 = ORIENTED_EDGE ( 'NONE', *, *, #3203, .F. ) ;
#3203 = EDGE_CURVE ( 'NONE', #3204, #3201, #1963, .T. ) ;
#3204 = VERTEX_POINT ( 'NONE', #1958 ) ;
#3205 = ORIENTED_EDGE ( 'NONE', *, *, #3206, .F. ) ;
#3206 = EDGE_CURVE ( 'NONE', #3207, #3204, #1957, .T. ) ;
#3207 = VERTEX_POINT ( 'NONE', #1953 ) ;
#3208 = ORIENTED_EDGE ( 'NONE', *, *, #3209, .F. ) ;
#3209 = EDGE_CURVE ( 'NONE', #3179, #3207, #1952, .T. ) ;
#3210 = VERTEX_POINT ( 'NONE', #1947 ) ;
#3211 = ADVANCED_FACE ( 'NONE', ( #1946 ), #1945, .F. ) ;
#3212 = ORIENTED_EDGE ( 'NONE', *, *, #3213, .F. ) ;
#3213 = EDGE_CURVE ( 'NONE', #3245, #3326, #1940, .T. ) ;
#3214 = EDGE_LOOP ( 'NONE', ( #3224, #3228, #3230, #3231, #3316, #3318, #3301, #3254, #3257, #3259, #3260, #3263, #3266, #3269, #3272, #3275, #3223, #366 ) ) ;
#3215 = ORIENTED_EDGE ( 'NONE', *, *, #3329, .F. ) ;
#3216 = ORIENTED_EDGE ( 'NONE', *, *, #3217, .F. ) ;
#3217 = EDGE_CURVE ( 'NONE', #3328, #3287, #1934, .T. ) ;
#3218 = ORIENTED_EDGE ( 'NONE', *, *, #3285, .F. ) ;
#3219 = EDGE_CURVE ( 'NONE', #3320, #3328, #1929, .T. ) ;
#3220 = ORIENTED_EDGE ( 'NONE', *, *, #3325, .F. ) ;
#3221 = EDGE_CURVE ( 'NONE', #3274, #3222, #1925, .T. ) ;
#3222 = VERTEX_POINT ( 'NONE', #2052 ) ;
#3223 = ORIENTED_EDGE ( 'NONE', *, *, #364, .T. ) ;
#3224 = ORIENTED_EDGE ( 'NONE', *, *, #3225, .T. ) ;
#3225 = EDGE_CURVE ( 'NONE', #3226, #3227, #2051, .T. ) ;
#3226 = VERTEX_POINT ( 'NONE', #2047 ) ;
#3227 = VERTEX_POINT ( 'NONE', #2046 ) ;
#3228 = ORIENTED_EDGE ( 'NONE', *, *, #3229, .T. ) ;
#3229 = EDGE_CURVE ( 'NONE', #3227, #2996, #2045, .T. ) ;
#3230 = ORIENTED_EDGE ( 'NONE', *, *, #2995, .T. ) ;
#3231 = ORIENTED_EDGE ( 'NONE', *, *, #3314, .T. ) ;
#3232 = VERTEX_POINT ( 'NONE', #2041 ) ;
#3233 = VERTEX_POINT ( 'NONE', #2040 ) ;
#3234 = VERTEX_POINT ( 'NONE', #2039 ) ;
#3235 = ORIENTED_EDGE ( 'NONE', *, *, #3324, .F. ) ;
#3236 = ADVANCED_FACE ( 'NONE', ( #2038 ), #2037, .T. ) ;
#3237 = EDGE_CURVE ( 'NONE', #3303, #3245, #2031, .T. ) ;
#3238 = VERTEX_POINT ( 'NONE', #2032 ) ;
#3239 = ORIENTED_EDGE ( 'NONE', *, *, #3276, .F. ) ;
#3240 = EDGE_CURVE ( 'NONE', #3238, #3303, #2080, .T. ) ;
#3241 = EDGE_CURVE ( 'NONE', #3116, #3123, #2081, .T. ) ;
#3242 = ADVANCED_FACE ( 'NONE', ( #2072 ), #2070, .T. ) ;
#3243 = EDGE_LOOP ( 'NONE', ( #3244, #3308, #3249, #3279 ) ) ;
#3244 = ORIENTED_EDGE ( 'NONE', *, *, #3305, .T. ) ;
#3245 = VERTEX_POINT ( 'NONE', #2071 ) ;
#3246 = ORIENTED_EDGE ( 'NONE', *, *, #3237, .F. ) ;
#3247 = EDGE_CURVE ( 'NONE', #3307, #3248, #2065, .T. ) ;
#3248 = VERTEX_POINT ( 'NONE', #2061 ) ;
#3249 = ORIENTED_EDGE ( 'NONE', *, *, #3250, .T. ) ;
#3250 = EDGE_CURVE ( 'NONE', #3248, #3278, #2059, .T. ) ;
#3251 = ORIENTED_EDGE ( 'NONE', *, *, #3252, .T. ) ;
#3252 = EDGE_CURVE ( 'NONE', #3233, #3245, #2054, .T. ) ;
#3253 = VERTEX_POINT ( 'NONE', #2110 ) ;
#3254 = ORIENTED_EDGE ( 'NONE', *, *, #3255, .T. ) ;
#3255 = EDGE_CURVE ( 'NONE', #3253, #3256, #2109, .T. ) ;
#3256 = VERTEX_POINT ( 'NONE', #2105 ) ;
#3257 = ORIENTED_EDGE ( 'NONE', *, *, #3258, .T. ) ;
#3258 = EDGE_CURVE ( 'NONE', #3256, #3306, #2104, .T. ) ;
#3259 = ORIENTED_EDGE ( 'NONE', *, *, #3283, .T. ) ;
#3260 = ORIENTED_EDGE ( 'NONE', *, *, #3261, .T. ) ;
#3261 = EDGE_CURVE ( 'NONE', #3278, #3262, #2100, .T. ) ;
#3262 = VERTEX_POINT ( 'NONE', #2096 ) ;
#3263 = ORIENTED_EDGE ( 'NONE', *, *, #3265, .T. ) ;
#3264 = VERTEX_POINT ( 'NONE', #2095 ) ;
#3265 = EDGE_CURVE ( 'NONE', #3262, #3264, #2094, .T. ) ;
#3266 = ORIENTED_EDGE ( 'NONE', *, *, #3267, .T. ) ;
#3267 = EDGE_CURVE ( 'NONE', #3264, #3268, #2090, .T. ) ;
#3268 = VERTEX_POINT ( 'NONE', #2085 ) ;
#3269 = ORIENTED_EDGE ( 'NONE', *, *, #3270, .T. ) ;
#3270 = EDGE_CURVE ( 'NONE', #3268, #3271, #2084, .T. ) ;
#3271 = VERTEX_POINT ( 'NONE', #2130 ) ;
#3272 = ORIENTED_EDGE ( 'NONE', *, *, #3273, .T. ) ;
#3273 = EDGE_CURVE ( 'NONE', #3271, #3274, #2121, .T. ) ;
#3274 = VERTEX_POINT ( 'NONE', #2118 ) ;
#3275 = ORIENTED_EDGE ( 'NONE', *, *, #3221, .T. ) ;
#3276 = EDGE_CURVE ( 'NONE', #3312, #3238, #2158, .T. ) ;
#3277 = ORIENTED_EDGE ( 'NONE', *, *, #2340, .T. ) ;
#3278 = VERTEX_POINT ( 'NONE', #2138 ) ;
#3279 = ORIENTED_EDGE ( 'NONE', *, *, #3283, .F. ) ;
#3280 = ORIENTED_EDGE ( 'NONE', *, *, #3281, .T. ) ;
#3281 = EDGE_CURVE ( 'NONE', #3232, #3233, #2188, .T. ) ;
#3282 = EDGE_LOOP ( 'NONE', ( #3127, #3131, #3142, #3145 ) ) ;
#3283 = EDGE_CURVE ( 'NONE', #3306, #3278, #2187, .T. ) ;
#3284 = ADVANCED_FACE ( 'NONE', ( #2114 ), #2137, .T. ) ;
#3285 = EDGE_CURVE ( 'NONE', #3286, #3330, #2129, .T. ) ;
#3286 = VERTEX_POINT ( 'NONE', #2120 ) ;
#3287 = VERTEX_POINT ( 'NONE', #2119 ) ;
#3288 = EDGE_CURVE ( 'NONE', #3193, #3137, #2127, .T. ) ;
#3289 = ORIENTED_EDGE ( 'NONE', *, *, #3241, .F. ) ;
#3290 = ORIENTED_EDGE ( 'NONE', *, *, #3291, .T. ) ;
#3291 = EDGE_CURVE ( 'NONE', #3345, #3292, #2128, .T. ) ;
#3292 = VERTEX_POINT ( 'NONE', #2182 ) ;
#3293 = ORIENTED_EDGE ( 'NONE', *, *, #3294, .F. ) ;
#3294 = EDGE_CURVE ( 'NONE', #3295, #3292, #2136, .T. ) ;
#3295 = VERTEX_POINT ( 'NONE', #2159 ) ;
#3296 = ORIENTED_EDGE ( 'NONE', *, *, #3297, .F. ) ;
#3297 = EDGE_CURVE ( 'NONE', #3298, #3295, #2154, .T. ) ;
#3298 = VERTEX_POINT ( 'NONE', #2148 ) ;
#3299 = ORIENTED_EDGE ( 'NONE', *, *, #3300, .F. ) ;
#3300 = EDGE_CURVE ( 'NONE', #111, #3298, #2177, .T. ) ;
#3301 = ORIENTED_EDGE ( 'NONE', *, *, #3302, .T. ) ;
#3302 = EDGE_CURVE ( 'NONE', #2950, #3253, #2191, .T. ) ;
#3303 = VERTEX_POINT ( 'NONE', #2192 ) ;
#3304 = ORIENTED_EDGE ( 'NONE', *, *, #3240, .F. ) ;
#3305 = EDGE_CURVE ( 'NONE', #3306, #3307, #2172, .T. ) ;
#3306 = VERTEX_POINT ( 'NONE', #2168 ) ;
#3307 = VERTEX_POINT ( 'NONE', #2167 ) ;
#3308 = ORIENTED_EDGE ( 'NONE', *, *, #3247, .T. ) ;
#3309 = ORIENTED_EDGE ( 'NONE', *, *, #3313, .T. ) ;
#3310 = VERTEX_POINT ( 'NONE', #2166 ) ;
#3311 = EDGE_LOOP ( 'NONE', ( #3280, #3251, #3246, #3304, #3239, #3148, #3151, #3202, #3205, #3208, #3180, #3194, #3197 ) ) ;
#3312 = VERTEX_POINT ( 'NONE', #2165 ) ;
#3313 = EDGE_CURVE ( 'NONE', #3178, #3310, #2197, .T. ) ;
#3314 = EDGE_CURVE ( 'NONE', #2993, #3315, #2145, .T. ) ;
#3315 = VERTEX_POINT ( 'NONE', #2141 ) ;
#3316 = ORIENTED_EDGE ( 'NONE', *, *, #3317, .T. ) ;
#3317 = EDGE_CURVE ( 'NONE', #3315, #2953, #2246, .T. ) ;
#3318 = ORIENTED_EDGE ( 'NONE', *, *, #2952, .T. ) ;
#3319 = ORIENTED_EDGE ( 'NONE', *, *, #3219, .F. ) ;
#3320 = VERTEX_POINT ( 'NONE', #2233 ) ;
#3321 = ORIENTED_EDGE ( 'NONE', *, *, #3192, .F. ) ;
#3322 = ORIENTED_EDGE ( 'NONE', *, *, #3323, .F. ) ;
#3323 = EDGE_CURVE ( 'NONE', #3287, #3286, #2218, .T. ) ;
#3324 = EDGE_CURVE ( 'NONE', #3132, #3234, #2222, .T. ) ;
#3325 = EDGE_CURVE ( 'NONE', #3326, #3320, #2227, .T. ) ;
#3326 = VERTEX_POINT ( 'NONE', #2228 ) ;
#3327 = ORIENTED_EDGE ( 'NONE', *, *, #3288, .F. ) ;
#3328 = VERTEX_POINT ( 'NONE', #2216 ) ;
#3329 = EDGE_CURVE ( 'NONE', #3330, #3179, #2224, .T. ) ;
#3330 = VERTEX_POINT ( 'NONE', #2243 ) ;
#3331 = EDGE_LOOP ( 'NONE', ( #3332, #3335, #3338, #370, #382, #371, #388, #386, #3343, #3290, #3293, #3296, #3299, #29, #114, #119, #46, #16 ) ) ;
#3332 = ORIENTED_EDGE ( 'NONE', *, *, #3333, .F. ) ;
#3333 = EDGE_CURVE ( 'NONE', #3334, #2989, #2217, .T. ) ;
#3334 = VERTEX_POINT ( 'NONE', #2210 ) ;
#3335 = ORIENTED_EDGE ( 'NONE', *, *, #3336, .F. ) ;
#3336 = EDGE_CURVE ( 'NONE', #3337, #3334, #2257, .T. ) ;
#3337 = VERTEX_POINT ( 'NONE', #2237 ) ;
#3338 = ORIENTED_EDGE ( 'NONE', *, *, #3339, .T. ) ;
#3339 = EDGE_CURVE ( 'NONE', #3337, #3340, #2261, .T. ) ;
#3340 = VERTEX_POINT ( 'NONE', #2256 ) ;
#3341 = EDGE_CURVE ( 'NONE', #3342, #385, #2254, .T. ) ;
#3342 = VERTEX_POINT ( 'NONE', #2201 ) ;
#3343 = ORIENTED_EDGE ( 'NONE', *, *, #3344, .F. ) ;
#3344 = EDGE_CURVE ( 'NONE', #3345, #3342, #2200, .T. ) ;
#3345 = VERTEX_POINT ( 'NONE', #2248 ) ;
ENDSEC;
END-ISO-10303-21;
