ISO-10303-21;
HEADER;
FILE_DESCRIPTION (( 'STEP AP214' ),
    '1' );
FILE_NAME ('S10K275.STEP',
    '2022-01-08T01:26:45',
    ( '' ),
    ( '' ),
    'SwSTEP 2.0',
    'SolidWorks 2019',
    '' );
FILE_SCHEMA (( 'AUTOMOTIVE_DESIGN' ));
ENDSEC;

DATA;
#1 = CARTESIAN_POINT ( 'NONE',  ( 3.908802046555798437, -5.634860543475917360, 0.2696969696965675900 ) ) ;
#2 = CARTESIAN_POINT ( 'NONE',  ( -4.149999999999999467, -8.500000000000000000, -1.700000000000001732 ) ) ;
#3 = CARTESIAN_POINT ( 'NONE',  ( -3.008830362576996098, -4.685194185768312813, -1.873828261707175979 ) ) ;
#4 = ORIENTED_EDGE ( 'NONE', *, *, #777, .F. ) ;
#5 = AXIS2_PLACEMENT_3D ( 'NONE', #928, #65, #1357 ) ;
#6 = CARTESIAN_POINT ( 'NONE',  ( 4.395207307891119797, -4.468919946069807914, 0.8212121212121215041 ) ) ;
#7 = EDGE_CURVE ( 'NONE', #310, #1342, #188, .T. ) ;
#8 = CIRCLE ( 'NONE', #228, 0.4000000000000001887 ) ;
#9 = DIRECTION ( 'NONE',  ( 1.000000000000000000, 0.000000000000000000, 0.000000000000000000 ) ) ;
#10 = ORIENTED_EDGE ( 'NONE', *, *, #1050, .T. ) ;
#11 = FACE_OUTER_BOUND ( 'NONE', #225, .T. ) ;
#12 = CARTESIAN_POINT ( 'NONE',  ( -3.481260541772694950, -4.329301029368028964, -1.888979617251236753 ) ) ;
#13 = CIRCLE ( 'NONE', #809, 0.6500000000000000222 ) ;
#14 = ADVANCED_FACE ( 'NONE', ( #749 ), #1190, .T. ) ;
#15 = EDGE_LOOP ( 'NONE', ( #55, #585, #1305, #716 ) ) ;
#16 = CARTESIAN_POINT ( 'NONE',  ( 3.166709537535922436, -7.957615341307304746, 0.9000000000000000222 ) ) ;
#17 = ORIENTED_EDGE ( 'NONE', *, *, #491, .F. ) ;
#18 = CARTESIAN_POINT ( 'NONE',  ( -4.625288068431672173, -3.784199863228799199, -1.035619042149220848 ) ) ;
#19 = CARTESIAN_POINT ( 'NONE',  ( 3.226586236248958350, -6.568991071977236196, 0.5090749051707207373 ) ) ;
#20 = DIRECTION ( 'NONE',  ( 1.000000000000000000, 0.000000000000000000, 0.000000000000000000 ) ) ;
#21 = ORIENTED_EDGE ( 'NONE', *, *, #880, .T. ) ;
#22 = CARTESIAN_POINT ( 'NONE',  ( -4.399999999999997691, -6.818403728272096842, -0.9000000000000000222 ) ) ;
#23 = PRODUCT_DEFINITION_FORMATION_WITH_SPECIFIED_SOURCE ( 'ÈÎºÎ', '', #505, .NOT_KNOWN. ) ;
#24 = EDGE_CURVE ( 'NONE', #686, #1017, #679, .T. ) ;
#25 = FACE_OUTER_BOUND ( 'NONE', #1331, .T. ) ;
#26 = DIRECTION ( 'NONE',  ( -0.000000000000000000, -0.000000000000000000, -1.000000000000000000 ) ) ;
#27 = B_SPLINE_CURVE_WITH_KNOTS ( 'NONE', 3,
 ( #1069, #942, #507, #1373, #738, #403, #1393, #840, #91, #527, #3, #1105, #12, #788, #863, #1222, #1082, #1205, #549, #778, #111, #1314, #875, #1299 ),
 .UNSPECIFIED., .F., .F.,
 ( 4, 2, 2, 2, 2, 2, 2, 2, 2, 2, 2, 4 ),
 ( 1.084202172485504434E-19, 0.0002956250507101999174, 0.0005912501014203999433, 0.001182500202840799670, 0.001773750304261199288, 0.002365000405681598472, 0.002956250507101998090, 0.003547500608522397274, 0.003843125659232597951, 0.004138750709942798194, 0.004434375760652998003, 0.004730000811363198679 ),
 .UNSPECIFIED. ) ;
#28 = CARTESIAN_POINT ( 'NONE',  ( -4.333554891442106261, -7.958383052947282543, 0.2671097828842150523 ) ) ;
#29 = ORIENTED_EDGE ( 'NONE', *, *, #183, .T. ) ;
#30 = CARTESIAN_POINT ( 'NONE',  ( 3.559811046352176156, -4.829880465836500214, -0.7000000000000000666 ) ) ;
#31 = CARTESIAN_POINT ( 'NONE',  ( -3.467731032210101816, -5.672092773161186763, -1.489721382513093273 ) ) ;
#32 = CARTESIAN_POINT ( 'NONE',  ( 4.265819703139905883, -4.840123197705228364, 0.4994843184981588302 ) ) ;
#33 = EDGE_CURVE ( 'NONE', #242, #64, #27, .T. ) ;
#34 = CARTESIAN_POINT ( 'NONE',  ( 3.807130702769471853, -4.115636409372865678, 1.828149700165482061 ) ) ;
#35 = DIRECTION ( 'NONE',  ( 0.000000000000000000, 0.000000000000000000, 1.000000000000000000 ) ) ;
#36 = EDGE_LOOP ( 'NONE', ( #1054, #1232, #347, #803 ) ) ;
#37 = AXIS2_PLACEMENT_3D ( 'NONE', #783, #586, #238 ) ;
#38 = CARTESIAN_POINT ( 'NONE',  ( -3.509382806012192990, -4.872611043682209875, -0.1214873186906317293 ) ) ;
#39 = CARTESIAN_POINT ( 'NONE',  ( 4.644797234909346706, -3.798368294683303503, 0.8637047969567038797 ) ) ;
#40 = CARTESIAN_POINT ( 'NONE',  ( 3.908160857472465999, -4.566188096737215929, 0.1671598494331284768 ) ) ;
#41 = CARTESIAN_POINT ( 'NONE',  ( 4.207870817245257911, -3.906794056315347152, 1.631402836776450149 ) ) ;
#42 = CARTESIAN_POINT ( 'NONE',  ( 4.400000000000001243, -6.818546254568505383, 2.199999999999999734 ) ) ;
#43 = AXIS2_PLACEMENT_3D ( 'NONE', #972, #543, #1399 ) ;
#44 = ORIENTED_EDGE ( 'NONE', *, *, #355, .T. ) ;
#45 = CARTESIAN_POINT ( 'NONE',  ( -3.278230105045259357, -5.052430340231017780, -0.1964308560606312093 ) ) ;
#46 = ORIENTED_EDGE ( 'NONE', *, *, #1145, .T. ) ;
#47 = CARTESIAN_POINT ( 'NONE',  ( 3.108375455580502322, -5.139302737874630544, -0.7452774644202682097 ) ) ;
#48 = CARTESIAN_POINT ( 'NONE',  ( 3.807664299082046622, -5.824083754910408750, 0.2442157638149548005 ) ) ;
#49 = CARTESIAN_POINT ( 'NONE',  ( -3.315037423773002701, -6.481813468079036689, -0.4125659479136799535 ) ) ;
#50 = CARTESIAN_POINT ( 'NONE',  ( 1.798350356978510201, -5.715232939798254641, 0.8994827276705327224 ) ) ;
#51 = CARTESIAN_POINT ( 'NONE',  ( 3.166709537535923324, -7.957615341307309187, 2.066580924928156371 ) ) ;
#52 = ORIENTED_EDGE ( 'NONE', *, *, #656, .F. ) ;
#53 = EDGE_CURVE ( 'NONE', #229, #1085, #1199, .T. ) ;
#54 = STYLED_ITEM ( 'NONE', ( #1078 ), #925 ) ;
#55 = ORIENTED_EDGE ( 'NONE', *, *, #253, .F. ) ;
#56 = CARTESIAN_POINT ( 'NONE',  ( -4.131201850970400713, -5.174445434516656839, -0.3699934956486845006 ) ) ;
#57 = CARTESIAN_POINT ( 'NONE',  ( 4.343216800831098290, -4.406919804161169907, 1.170539972364470493 ) ) ;
#58 = CARTESIAN_POINT ( 'NONE',  ( -4.166712702935532420, -3.925500481055307578, -1.659794301170437025 ) ) ;
#59 = CARTESIAN_POINT ( 'NONE',  ( -2.267883625794950841, -5.555840118643861736, 0.3373325945909443346 ) ) ;
#60 = CARTESIAN_POINT ( 'NONE',  ( -2.904522001200766201, -5.437624782324533612, -0.8371622758052422730 ) ) ;
#61 = CYLINDRICAL_SURFACE ( 'NONE', #1104, 0.4000000000000001887 ) ;
#62 = ORIENTED_EDGE ( 'NONE', *, *, #7, .T. ) ;
#63 =( BOUNDED_SURFACE ( )  B_SPLINE_SURFACE ( 3, 2, ( 
 ( #697, #232, #1233 ),
 ( #1000, #1131, #681 ),
 ( #1108, #1029, #804 ),
 ( #593, #152, #1298 ),
 ( #1218, #1116, #250 ),
 ( #913, #468, #569 ),
 ( #1123, #774, #56 ),
 ( #1021, #482, #667 ),
 ( #1327, #38, #887 ),
 ( #319, #1005, #1318 ) ),
 .UNSPECIFIED., .F., .F., .T. ) 
 B_SPLINE_SURFACE_WITH_KNOTS ( ( 4, 2, 2, 2, 4 ),
 ( 3, 3 ),
 ( 1.355252715606880543E-18, 0.0005782433060505719159, 0.001156486612101142531, 0.001734729918151713037, 0.002312973224202283760 ),
 ( 0.000000000000000000, 1.000000000000000000 ),
 .UNSPECIFIED. ) 
 GEOMETRIC_REPRESENTATION_ITEM ( )  RATIONAL_B_SPLINE_SURFACE ( (
 ( 1.000000000000000000, 0.9391526358895316839, 1.000000000000000000),
 ( 1.000000000000000000, 0.9354012434615592841, 1.000000000000000000),
 ( 1.000000000000000000, 0.9263015782292778333, 1.000000000000000000),
 ( 1.000000000000000000, 0.9019548666377175117, 1.000000000000000000),
 ( 1.000000000000000000, 0.8868726000910481799, 1.000000000000000000),
 ( 1.000000000000000000, 0.8532139033982907295, 1.000000000000000000),
 ( 1.000000000000000000, 0.8349973500567375861, 1.000000000000000000),
 ( 1.000000000000000000, 0.7965798220834197085, 1.000000000000000000),
 ( 1.000000000000000000, 0.7762787964723369960, 1.000000000000000000),
 ( 1.000000000000000000, 0.7566208005566307238, 1.000000000000000000) ) ) 
 REPRESENTATION_ITEM ( '' )  SURFACE ( )  );
#64 = VERTEX_POINT ( 'NONE', #1097 ) ;
#65 = DIRECTION ( 'NONE',  ( -0.000000000000000000, -1.000000000000000000, -0.000000000000000000 ) ) ;
#66 = CARTESIAN_POINT ( 'NONE',  ( -2.997736044266144262, -4.693298322630479191, -1.874212311506054052 ) ) ;
#67 = CARTESIAN_POINT ( 'NONE',  ( 2.597879007101360660, -5.410093101927508030, -0.5944654518839178614 ) ) ;
#68 = CARTESIAN_POINT ( 'NONE',  ( -3.098549249404607409, -6.678752124532732815, -0.8723407328865196986 ) ) ;
#69 = CARTESIAN_POINT ( 'NONE',  ( 4.316566930157716087, -4.411249036660652045, 1.225291271735927889 ) ) ;
#70 = AXIS2_PLACEMENT_3D ( 'NONE', #1264, #1046, #71 ) ;
#71 = DIRECTION ( 'NONE',  ( 1.000000000000000000, 0.000000000000000000, 0.000000000000000000 ) ) ;
#72 = EDGE_LOOP ( 'NONE', ( #644, #916, #267, #909, #935, #624, #545, #132 ) ) ;
#73 = CARTESIAN_POINT ( 'NONE',  ( -4.199999999999999289, 6.245698675651499853E-16, -2.500000000000000000 ) ) ;
#74 = ADVANCED_FACE ( 'NONE', ( #763 ), #334, .T. ) ;
#75 = DIRECTION ( 'NONE',  ( 1.214306433183764966E-16, -1.000000000000000000, 0.000000000000000000 ) ) ;
#76 = CYLINDRICAL_SURFACE ( 'NONE', #612, 0.4000000000000001887 ) ;
#77 = CARTESIAN_POINT ( 'NONE',  ( 4.375877205442864515, -3.840171134964337263, 1.484611078260049677 ) ) ;
#78 = CARTESIAN_POINT ( 'NONE',  ( -4.401918743631209274, -4.448380077976015201, -0.8761732072645367353 ) ) ;
#79 = VERTEX_POINT ( 'NONE', #677 ) ;
#80 = CARTESIAN_POINT ( 'NONE',  ( 4.150000000000004796, -33.50000000000000000, 0.9000000000000000222 ) ) ;
#81 = CARTESIAN_POINT ( 'NONE',  ( -3.104792692108877539, -6.673736173660105742, -0.8212121212121211711 ) ) ;
#82 = CARTESIAN_POINT ( 'NONE',  ( 3.346887112567736189, -6.148035999872477397, -0.6999999999932047245 ) ) ;
#83 = PRODUCT_DEFINITION ( 'Î´Öª', '', #23, #965 ) ;
#84 = AXIS2_PLACEMENT_3D ( 'NONE', #890, #26, #1127 ) ;
#85 = CARTESIAN_POINT ( 'NONE',  ( 3.100000000000001865, -6.818546254568505383, 0.9000000000000001332 ) ) ;
#86 = CARTESIAN_POINT ( 'NONE',  ( 4.618143373213644765, -3.830502810916978529, 0.7000000000000000666 ) ) ;
#87 = CARTESIAN_POINT ( 'NONE',  ( -3.591197953435805168, -6.148035999872513813, -0.2696969696985722087 ) ) ;
#88 = CARTESIAN_POINT ( 'NONE',  ( -3.099880127324863288, -5.312364543596149069, -0.7711461630652652888 ) ) ;
#89 = CIRCLE ( 'NONE', #1235, 0.9999999999999997780 ) ;
#90 = CARTESIAN_POINT ( 'NONE',  ( 3.398426199341502585, -5.840468990247722481, 1.461163652588982176 ) ) ;
#91 = CARTESIAN_POINT ( 'NONE',  ( -2.559696187351192087, -5.051239790376670591, -1.754854937141489657 ) ) ;
#92 = ADVANCED_FACE ( 'NONE', ( #1111 ), #1094, .T. ) ;
#93 = FACE_OUTER_BOUND ( 'NONE', #343, .T. ) ;
#94 = CARTESIAN_POINT ( 'NONE',  ( 3.104792692108881536, -6.673736173660101301, 0.8212121212121212821 ) ) ;
#95 = CARTESIAN_POINT ( 'NONE',  ( 2.901662745273144051, -5.427407289915004540, 0.8953453846923739023 ) ) ;
#96 = CARTESIAN_POINT ( 'NONE',  ( 3.728842015284834499, -5.099608854407676972, 1.553085478925703811 ) ) ;
#97 = DIRECTION ( 'NONE',  ( 1.561251128379126138E-16, -1.000000000000000000, 0.000000000000000000 ) ) ;
#98 = EDGE_CURVE ( 'NONE', #79, #1107, #281, .T. ) ;
#99 = SURFACE_SIDE_STYLE ('',( #113 ) ) ;
#100 = CARTESIAN_POINT ( 'NONE',  ( -3.749999999999998224, -6.818403728272096842, -1.550000000000000044 ) ) ;
#101 = B_SPLINE_CURVE_WITH_KNOTS ( 'NONE', 3,
 ( #376, #1243, #67, #1259, #494, #271, #930, #1360, #503, #1252 ),
 .UNSPECIFIED., .F., .F.,
 ( 4, 2, 2, 2, 4 ),
 ( 0.002955500956989545128, 0.003434867999688558365, 0.003914235042387571167, 0.004393602085086585271, 0.004872969127785597640 ),
 .UNSPECIFIED. ) ;
#102 = MECHANICAL_DESIGN_GEOMETRIC_PRESENTATION_REPRESENTATION (  '', ( #54 ), #712 ) ;
#103 = CARTESIAN_POINT ( 'NONE',  ( 3.546086276690995742, -4.287085768472834069, 1.876355330695367751 ) ) ;
#104 = DIRECTION ( 'NONE',  ( 1.000000000000000000, 0.000000000000000000, 0.000000000000000000 ) ) ;
#105 = CARTESIAN_POINT ( 'NONE',  ( 3.100000000000001421, -6.670076706720231563, 0.9000000000000006883 ) ) ;
#106 = CIRCLE ( 'NONE', #989, 5.999999999999998224 ) ;
#107 = ORIENTED_EDGE ( 'NONE', *, *, #870, .F. ) ;
#108 =( NAMED_UNIT ( * ) PLANE_ANGLE_UNIT ( ) SI_UNIT ( $, .RADIAN. ) );
#109 = CARTESIAN_POINT ( 'NONE',  ( 3.650214099337723894, -4.533052291250481147, 1.579186137648096455 ) ) ;
#110 = CARTESIAN_POINT ( 'NONE',  ( -3.749999999988026911, -5.910266466178368816, -0.2500000000000000555 ) ) ;
#111 = CARTESIAN_POINT ( 'NONE',  ( -4.601415071259250311, -3.787833742657211289, -1.090430291955283071 ) ) ;
#112 = ORIENTED_EDGE ( 'NONE', *, *, #1026, .F. ) ;
#113 = SURFACE_STYLE_FILL_AREA ( #982 ) ;
#114 = CIRCLE ( 'NONE', #900, 0.3999999999999997446 ) ;
#115 = CARTESIAN_POINT ( 'NONE',  ( 3.110137005314818737, -6.621988364463950560, 1.025091260197971366 ) ) ;
#116 = DIRECTION ( 'NONE',  ( 0.000000000000000000, 0.9893359308902212046, -0.1456516936035399112 ) ) ;
#117 = ORIENTED_EDGE ( 'NONE', *, *, #618, .F. ) ;
#118 = VECTOR ( 'NONE', #325, 1000.000000000000000 ) ;
#119 = CARTESIAN_POINT ( 'NONE',  ( 2.932282185249536433, -5.434246433909128093, 0.7441128870879858415 ) ) ;
#120 = EDGE_CURVE ( 'NONE', #1113, #380, #1057, .T. ) ;
#121 = VERTEX_POINT ( 'NONE', #73 ) ;
#122 = FILL_AREA_STYLE_COLOUR ( '', #1401 ) ;
#123 = VERTEX_POINT ( 'NONE', #1376 ) ;
#124 = CARTESIAN_POINT ( 'NONE',  ( 4.179138812722591467, -5.060125770121707056, 0.4077372076915923294 ) ) ;
#125 = ORIENTED_EDGE ( 'NONE', *, *, #844, .F. ) ;
#126 = EDGE_CURVE ( 'NONE', #1107, #1217, #891, .T. ) ;
#127 = CARTESIAN_POINT ( 'NONE',  ( -3.099999999999998312, -6.818403728272096842, -0.9000000000000000222 ) ) ;
#128 = EDGE_LOOP ( 'NONE', ( #125, #440, #357, #398, #1146, #660, #431 ) ) ;
#129 = CARTESIAN_POINT ( 'NONE',  ( 3.340086427605355457, -4.991826114492392108, -0.7415189807033015779 ) ) ;
#130 = CARTESIAN_POINT ( 'NONE',  ( 4.418837616501864574, -4.060004297596445433, 0.01800033630525472647 ) ) ;
#131 = CARTESIAN_POINT ( 'NONE',  ( 4.398388005174649784, -4.459185649984733324, 0.8472593909583719940 ) ) ;
#132 = ORIENTED_EDGE ( 'NONE', *, *, #227, .F. ) ;
#133 = CARTESIAN_POINT ( 'NONE',  ( -4.342813149500742931, -7.380891081147987975, -0.9000000000000000222 ) ) ;
#134 = ADVANCED_FACE ( 'NONE', ( #490 ), #1158, .T. ) ;
#135 = ORIENTED_EDGE ( 'NONE', *, *, #120, .F. ) ;
#136 = CARTESIAN_POINT ( 'NONE',  ( 4.199999999999999289, 0.000000000000000000, -0.7000000000000000666 ) ) ;
#137 = CARTESIAN_POINT ( 'NONE',  ( 3.809477302623650363, -4.647579280603497232, 0.1364004432594813077 ) ) ;
#138 = CARTESIAN_POINT ( 'NONE',  ( 2.146594762212497454, -5.399099967036693037, 1.515745980752474686 ) ) ;
#139 = CARTESIAN_POINT ( 'NONE',  ( 0.000000000000000000, 0.000000000000000000, 0.7000000000000000666 ) ) ;
#140 = VERTEX_POINT ( 'NONE', #603 ) ;
#141 =( BOUNDED_SURFACE ( )  B_SPLINE_SURFACE ( 3, 3, ( 
 ( #1377, #399, #973, #1381 ),
 ( #1162, #754, #849, #964 ),
 ( #309, #544, #525, #839 ),
 ( #1183, #2, #1263, #1282 ) ),
 .UNSPECIFIED., .F., .F., .F. ) 
 B_SPLINE_SURFACE_WITH_KNOTS ( ( 4, 4 ),
 ( 4, 4 ),
 ( 0.000000000000000000, 1.000000000000000000 ),
 ( 0.000000000000000000, 1.000000000000000000 ),
 .UNSPECIFIED. ) 
 GEOMETRIC_REPRESENTATION_ITEM ( )  RATIONAL_B_SPLINE_SURFACE ( (
 ( 1.000000000000000000, 0.3333333333333334259, 0.3333333333333334259, 1.000000000000000000),
 ( 1.000000000000000000, 0.3333333333333334259, 0.3333333333333334259, 1.000000000000000000),
 ( 1.000000000000000000, 0.3333333333333334259, 0.3333333333333334259, 1.000000000000000000),
 ( 1.000000000000000000, 0.3333333333333334259, 0.3333333333333334259, 1.000000000000000000) ) ) 
 REPRESENTATION_ITEM ( '' )  SURFACE ( )  );
#142 = DIRECTION ( 'NONE',  ( 0.1211230274739047014, -0.03833414171806556747, -0.9918970237853803606 ) ) ;
#143 = CIRCLE ( 'NONE', #1316, 0.4000000000000006328 ) ;
#144 = CARTESIAN_POINT ( 'NONE',  ( 0.000000000000000000, 0.000000000000000000, 0.7000000000000000666 ) ) ;
#145 = CARTESIAN_POINT ( 'NONE',  ( -3.230766097640517476, -6.276479857467991863, -1.303612979005971617 ) ) ;
#146 = CYLINDRICAL_SURFACE ( 'NONE', #378, 5.999999999999998224 ) ;
#147 = CARTESIAN_POINT ( 'NONE',  ( 1.828659006884061577, -5.714575390691168266, 0.5258209369289550406 ) ) ;
#148 = CARTESIAN_POINT ( 'NONE',  ( -3.349999999999997868, -8.500000000000000000, -0.9000000000000000222 ) ) ;
#149 = CARTESIAN_POINT ( 'NONE',  ( -4.069913577622906509, -4.582967136801274322, -1.473949699405185720 ) ) ;
#150 = ORIENTED_EDGE ( 'NONE', *, *, #375, .T. ) ;
#151 = CARTESIAN_POINT ( 'NONE',  ( -3.150435878385128508, -5.134509419117564200, -0.2899854841413698758 ) ) ;
#152 = CARTESIAN_POINT ( 'NONE',  ( -4.177876235706736274, -4.322120259137930631, -0.3436033805583560419 ) ) ;
#153 = CARTESIAN_POINT ( 'NONE',  ( 4.043713916679815945, -4.435238942367127457, -0.4454011274011792088 ) ) ;
#154 = CARTESIAN_POINT ( 'NONE',  ( -3.339547965520934802, -4.992222982135340992, 0.7416207335522883026 ) ) ;
#155 = EDGE_CURVE ( 'NONE', #294, #686, #388, .T. ) ;
#156 = CARTESIAN_POINT ( 'NONE',  ( -4.223679315495202147, -4.457046321491742624, -1.348558258460037296 ) ) ;
#157 = FACE_OUTER_BOUND ( 'NONE', #726, .T. ) ;
#158 = CARTESIAN_POINT ( 'NONE',  ( -3.104792692108878427, -6.673736173660103077, -0.8212121212121212821 ) ) ;
#159 = CARTESIAN_POINT ( 'NONE',  ( -3.546086276691008621, -4.287085768472815417, -1.876355330695375301 ) ) ;
#160 = CARTESIAN_POINT ( 'NONE',  ( 3.104792692108881091, -6.673736173660104853, 0.8212121212121212821 ) ) ;
#161 = CYLINDRICAL_SURFACE ( 'NONE', #320, 5.999999999999998224 ) ;
#162 = CARTESIAN_POINT ( 'NONE',  ( -2.343869277363816117, -5.231963907369001632, -1.653895652661627746 ) ) ;
#163 = CARTESIAN_POINT ( 'NONE',  ( 0.000000000000000000, 0.000000000000000000, 2.500000000000000000 ) ) ;
#164 = EDGE_CURVE ( 'NONE', #349, #801, #383, .T. ) ;
#165 = ORIENTED_EDGE ( 'NONE', *, *, #1236, .T. ) ;
#166 = PLANE ( 'NONE',  #632 ) ;
#167 = CARTESIAN_POINT ( 'NONE',  ( -3.104792692108878427, -6.673736173660103077, -0.8212121212121212821 ) ) ;
#168 = CARTESIAN_POINT ( 'NONE',  ( -3.859744668547798518, -4.870490463830223327, -1.542076332546469919 ) ) ;
#169 = AXIS2_PLACEMENT_3D ( 'NONE', #1024, #581, #1014 ) ;
#170 = CARTESIAN_POINT ( 'NONE',  ( 1.810428055357783839, -5.720345291708661684, 0.7000000000000000666 ) ) ;
#171 = CARTESIAN_POINT ( 'NONE',  ( -3.153877698115848727, -6.489995129410489838, -1.163550724032279104 ) ) ;
#172 = CARTESIAN_POINT ( 'NONE',  ( 3.350000000000002309, -8.500000000000003553, 1.699999999999998401 ) ) ;
#173 = EDGE_CURVE ( 'NONE', #380, #1217, #475, .T. ) ;
#174 = CARTESIAN_POINT ( 'NONE',  ( -3.749999999999998224, -6.818403728272096842, -0.9000000000000000222 ) ) ;
#175 = DIRECTION ( 'NONE',  ( -0.000000000000000000, -0.000000000000000000, -1.000000000000000000 ) ) ;
#176 = CARTESIAN_POINT ( 'NONE',  ( 4.093086926834379469, -4.183789000423427495, 1.461787851014767714 ) ) ;
#177 = LINE ( 'NONE', #523, #192 ) ;
#178 = CARTESIAN_POINT ( 'NONE',  ( -2.239973843291059197, -5.567085527732380079, 0.3073863765481065213 ) ) ;
#179 = CARTESIAN_POINT ( 'NONE',  ( -4.395207307891118020, -4.468919946069811466, -0.8212121212121213931 ) ) ;
#180 = EDGE_LOOP ( 'NONE', ( #44, #508, #550, #540, #112, #791 ) ) ;
#181 = CARTESIAN_POINT ( 'NONE',  ( 0.000000000000000000, 0.000000000000000000, 2.500000000000000000 ) ) ;
#182 = CARTESIAN_POINT ( 'NONE',  ( 3.750000000000001776, -8.500000000000000000, 0.9000000000000000222 ) ) ;
#183 = EDGE_CURVE ( 'NONE', #1017, #457, #433, .T. ) ;
#184 = B_SPLINE_CURVE_WITH_KNOTS ( 'NONE', 3,
 ( #648, #204, #411, #187, #538, #621, #1061, #1272, #1176, #1392 ),
 .UNSPECIFIED., .F., .F.,
 ( 4, 2, 2, 2, 4 ),
 ( 0.001600383225662247713, 0.002322322919143706820, 0.002683292765884435181, 0.002863777689254798711, 0.003044262612625162241 ),
 .UNSPECIFIED. ) ;
#185 = CARTESIAN_POINT ( 'NONE',  ( -3.104792692108878427, -6.673736173660102189, -0.8212121212121212821 ) ) ;
#186 = CARTESIAN_POINT ( 'NONE',  ( 4.400000000000000355, -6.818546254568505383, 0.9000000000000000222 ) ) ;
#187 = CARTESIAN_POINT ( 'NONE',  ( -4.240713965624106407, -4.905638996886825254, -0.4698512247014879351 ) ) ;
#188 = CIRCLE ( 'NONE', #1027, 0.3999999999999997446 ) ;
#189 = DIRECTION ( 'NONE',  ( 1.000000000000000000, 0.000000000000000000, 0.000000000000000000 ) ) ;
#190 = DIRECTION ( 'NONE',  ( -0.5933018410586959890, 0.8049800776394171464, 0.000000000000000000 ) ) ;
#191 = CARTESIAN_POINT ( 'NONE',  ( -3.160120781407361967, -5.057576060256596229, -1.393643608947037649 ) ) ;
#192 = VECTOR ( 'NONE', #75, 1000.000000000000000 ) ;
#193 = CARTESIAN_POINT ( 'NONE',  ( 3.100000000000002309, -6.818546254568505383, -0.3999999999999979128 ) ) ;
#194 = DIRECTION ( 'NONE',  ( 1.000000000000000000, 0.000000000000000000, 0.000000000000000000 ) ) ;
#195 = ORIENTED_EDGE ( 'NONE', *, *, #422, .T. ) ;
#196 = DIRECTION ( 'NONE',  ( 1.000000000000000000, 0.000000000000000000, 0.000000000000000000 ) ) ;
#197 = CARTESIAN_POINT ( 'NONE',  ( 2.927874579312456316, -5.363115866843265245, 1.069559234163577122 ) ) ;
#198 = CIRCLE ( 'NONE', #1042, 0.4000000000000006328 ) ;
#199 = CARTESIAN_POINT ( 'NONE',  ( 3.750000000000001332, -6.818546254568505383, 0.9000000000000000222 ) ) ;
#200 = FACE_OUTER_BOUND ( 'NONE', #72, .T. ) ;
#201 = CARTESIAN_POINT ( 'NONE',  ( 3.350000000000001421, -8.500000000000000000, 0.9000000000000000222 ) ) ;
#202 = CARTESIAN_POINT ( 'NONE',  ( 2.958222613425776526, -5.419575745778383080, 0.7104534417587566875 ) ) ;
#203 = DIRECTION ( 'NONE',  ( -1.000000000000000000, 1.224646799147353454E-16, 0.000000000000000000 ) ) ;
#204 = CARTESIAN_POINT ( 'NONE',  ( -4.019398109655623941, -5.427941329980318308, -0.2975611561543284878 ) ) ;
#205 = DIRECTION ( 'NONE',  ( -0.000000000000000000, -1.000000000000000000, -0.000000000000000000 ) ) ;
#206 = AXIS2_PLACEMENT_3D ( 'NONE', #1241, #268, #1138 ) ;
#207 = PRODUCT_CONTEXT ( 'NONE', #1059, 'mechanical' ) ;
#208 = CARTESIAN_POINT ( 'NONE',  ( 3.813925616845369237, -5.812369178636215494, 0.2457932749916832971 ) ) ;
#209 = DIRECTION ( 'NONE',  ( 0.000000000000000000, 0.000000000000000000, 1.000000000000000000 ) ) ;
#210 = CARTESIAN_POINT ( 'NONE',  ( 1.810428055357784061, -5.720345291708658131, 0.6999999999999999556 ) ) ;
#211 = CARTESIAN_POINT ( 'NONE',  ( 3.259810401846198857, -6.200186853626190597, 1.331527928917620507 ) ) ;
#212 = CARTESIAN_POINT ( 'NONE',  ( 3.591197953435671941, -6.148035999872621282, 0.2696969696987172038 ) ) ;
#213 = B_SPLINE_CURVE_WITH_KNOTS ( 'NONE', 3,
 ( #843, #1277, #633, #94 ),
 .UNSPECIFIED., .F., .F.,
 ( 4, 4 ),
 ( 0.003325399139130442126, 0.003403440536547073028 ),
 .UNSPECIFIED. ) ;
#214 = EDGE_LOOP ( 'NONE', ( #574, #988, #821, #1074 ) ) ;
#215 = CARTESIAN_POINT ( 'NONE',  ( -4.149999999999999467, -8.500000000000000000, -0.9000000000000000222 ) ) ;
#216 = EDGE_CURVE ( 'NONE', #879, #1374, #1225, .T. ) ;
#217 = CARTESIAN_POINT ( 'NONE',  ( 2.082564952317680795, -5.454309564971165258, 1.449314245950053426 ) ) ;
#218 = VERTEX_POINT ( 'NONE', #521 ) ;
#219 =( LENGTH_UNIT ( ) NAMED_UNIT ( * ) SI_UNIT ( .MILLI., .METRE. ) );
#220 = CARTESIAN_POINT ( 'NONE',  ( 3.591197953435807833, -6.148035999872512036, 0.2696969696985725418 ) ) ;
#221 = CIRCLE ( 'NONE', #1018, 0.6499999999999991340 ) ;
#222 = CARTESIAN_POINT ( 'NONE',  ( -3.749999999999998224, -4.371320343559712107, -1.550000000000000044 ) ) ;
#223 = ORIENTED_EDGE ( 'NONE', *, *, #253, .T. ) ;
#224 = CARTESIAN_POINT ( 'NONE',  ( -4.153112887410872034, -5.634860543475918249, 0.7000000000010214718 ) ) ;
#225 = EDGE_LOOP ( 'NONE', ( #765, #329, #705, #1047 ) ) ;
#226 = CARTESIAN_POINT ( 'NONE',  ( 4.303607182045156243, -4.736671678061414426, 0.5525455891071107128 ) ) ;
#227 = EDGE_CURVE ( 'NONE', #801, #64, #1363, .T. ) ;
#228 = AXIS2_PLACEMENT_3D ( 'NONE', #772, #892, #230 ) ;
#229 = VERTEX_POINT ( 'NONE', #1302 ) ;
#230 = DIRECTION ( 'NONE',  ( 1.000000000000000000, 0.000000000000000000, 0.000000000000000000 ) ) ;
#231 = ORIENTED_EDGE ( 'NONE', *, *, #1396, .F. ) ;
#232 = CARTESIAN_POINT ( 'NONE',  ( -4.388796601229642214, -4.107008619028452046, -0.7687137566113028120 ) ) ;
#233 = CARTESIAN_POINT ( 'NONE',  ( 4.148016323086067381, -4.337250661494764792, -0.3495901693936711574 ) ) ;
#234 = CARTESIAN_POINT ( 'NONE',  ( 2.855662797615154069, -4.808483418861719372, 1.845857389894760558 ) ) ;
#235 = EDGE_CURVE ( 'NONE', #607, #499, #213, .T. ) ;
#236 = CARTESIAN_POINT ( 'NONE',  ( -3.099999999999998312, -6.818403728272097730, 0.3999999999999997446 ) ) ;
#237 = ORIENTED_EDGE ( 'NONE', *, *, #703, .T. ) ;
#238 = DIRECTION ( 'NONE',  ( 1.000000000000000000, 1.776356839400250465E-15, 0.000000000000000000 ) ) ;
#239 = CARTESIAN_POINT ( 'NONE',  ( -4.402550819385577796, -4.058170175840404070, -1.006929242155493842 ) ) ;
#240 = VECTOR ( 'NONE', #561, 1000.000000000000000 ) ;
#241 = CARTESIAN_POINT ( 'NONE',  ( 3.974221553912147709, -4.018651205522857595, 1.772999495013384053 ) ) ;
#242 = VERTEX_POINT ( 'NONE', #961 ) ;
#243 = CARTESIAN_POINT ( 'NONE',  ( -3.340086427605354569, -4.991826114492392108, 0.7415189807033017999 ) ) ;
#244 = ORIENTED_EDGE ( 'NONE', *, *, #24, .T. ) ;
#245 = CARTESIAN_POINT ( 'NONE',  ( -4.342813149500742931, -7.380891081147987975, -0.9000000000000000222 ) ) ;
#246 = CARTESIAN_POINT ( 'NONE',  ( 3.339547965520970330, -4.992222982135314346, -0.7416207335524225286 ) ) ;
#247 = CARTESIAN_POINT ( 'NONE',  ( -3.166445108557891075, -7.958383052947281655, -0.9000000000000000222 ) ) ;
#248 = AXIS2_PLACEMENT_3D ( 'NONE', #1114, #553, #9 ) ;
#249 = ORIENTED_EDGE ( 'NONE', *, *, #415, .F. ) ;
#250 = CARTESIAN_POINT ( 'NONE',  ( -4.265819703139919206, -4.840123197705314517, -0.4994843184981748174 ) ) ;
#252 = CARTESIAN_POINT ( 'NONE',  ( 4.402550819385579572, -4.058170175840292160, 1.006929242155553128 ) ) ;
#251 = CARTESIAN_POINT ( 'NONE',  ( 4.484144122819341938, -3.806756554911117529, 1.345731673564216635 ) ) ;
#253 = EDGE_CURVE ( 'NONE', #879, #310, #975, .T. ) ;
#254 = CARTESIAN_POINT ( 'NONE',  ( -4.311816803457657166, -4.074808005634755759, -1.233146158179764251 ) ) ;
#255 = LINE ( 'NONE', #148, #756 ) ;
#256 = CARTESIAN_POINT ( 'NONE',  ( 4.240053439697525128, -4.446344688375096332, 1.332041808227557800 ) ) ;
#257 = ORIENTED_EDGE ( 'NONE', *, *, #1372, .F. ) ;
#258 = CARTESIAN_POINT ( 'NONE',  ( -3.349999999999994760, -33.50000000000000000, -0.9000000000000000222 ) ) ;
#259 = CARTESIAN_POINT ( 'NONE',  ( 4.625288068431570032, -3.784199863228918215, 1.035619042149226621 ) ) ;
#260 = CARTESIAN_POINT ( 'NONE',  ( -4.086338530163546423, -3.963915399192889044, -1.707665581868115678 ) ) ;
#261 = EDGE_CURVE ( 'NONE', #773, #1092, #1265, .T. ) ;
#262 = CARTESIAN_POINT ( 'NONE',  ( 3.113173035698112212, -6.667003441152439258, 0.7525840656076784319 ) ) ;
#263 = CARTESIAN_POINT ( 'NONE',  ( 1.878896741596539410, -5.633563122307802651, 1.173865071761462930 ) ) ;
#264 = CARTESIAN_POINT ( 'NONE',  ( 4.240713965624108184, -4.905638996886822589, 0.4698512247014882681 ) ) ;
#265 = EDGE_LOOP ( 'NONE', ( #1355, #576, #1310, #1130 ) ) ;
#266 = DIRECTION ( 'NONE',  ( -0.000000000000000000, -0.000000000000000000, -1.000000000000000000 ) ) ;
#267 = ORIENTED_EDGE ( 'NONE', *, *, #1191, .T. ) ;
#268 = DIRECTION ( 'NONE',  ( 1.561251128379126138E-16, -1.000000000000000000, 0.000000000000000000 ) ) ;
#269 = CARTESIAN_POINT ( 'NONE',  ( -3.914498516235183523, -4.307350088683733702, -1.545788682289461535 ) ) ;
#270 = CARTESIAN_POINT ( 'NONE',  ( -3.591197953435668833, -6.148035999872622170, -0.2696969696987166487 ) ) ;
#271 = CARTESIAN_POINT ( 'NONE',  ( 2.053926284489806964, -5.638378393616142681, -0.05771397679373694439 ) ) ;
#272 = CARTESIAN_POINT ( 'NONE',  ( -3.174171818170035575, -6.432867101886008854, -1.204794974581392397 ) ) ;
#273 = CARTESIAN_POINT ( 'NONE',  ( 4.347250192084393561, -4.612081879456914280, 0.6400752014695584302 ) ) ;
#274 = EDGE_CURVE ( 'NONE', #467, #879, #463, .T. ) ;
#275 = EDGE_LOOP ( 'NONE', ( #1300, #630, #1408, #592 ) ) ;
#276 = DIRECTION ( 'NONE',  ( 1.000000000000000000, 1.561251128379126138E-16, 0.000000000000000000 ) ) ;
#277 = CARTESIAN_POINT ( 'NONE',  ( -5.999999999999998224, 0.000000000000000000, 2.500000000000000000 ) ) ;
#278 = CARTESIAN_POINT ( 'NONE',  ( -3.717611292009592727, -4.471010965791994529, -1.579622056834061761 ) ) ;
#279 = CIRCLE ( 'NONE', #1301, 4.199999999999999289 ) ;
#280 = CARTESIAN_POINT ( 'NONE',  ( 0.000000000000000000, 0.000000000000000000, -0.7000000000000000666 ) ) ;
#281 = B_SPLINE_CURVE_WITH_KNOTS ( 'NONE', 3,
 ( #1211, #784, #674, #31, #895, #1328, #145, #1249, #296, #707, #826, #158 ),
 .UNSPECIFIED., .F., .F.,
 ( 4, 2, 2, 2, 2, 4 ),
 ( 0.001393043477072902075, 0.001895642741941445681, 0.002398242006809989287, 0.002900841271678533326, 0.003152140904112804044, 0.003403440536547075197 ),
 .UNSPECIFIED. ) ;
#282 = CARTESIAN_POINT ( 'NONE',  ( -1.827284271423129436, -5.715010479749651040, -0.5389551842819224614 ) ) ;
#283 = CARTESIAN_POINT ( 'NONE',  ( 4.350837493836237080, -7.382684469472704514, 0.9000000000000000222 ) ) ;
#284 = LINE ( 'NONE', #404, #1049 ) ;
#285 = EDGE_CURVE ( 'NONE', #121, #801, #795, .T. ) ;
#286 = SURFACE_STYLE_USAGE ( .BOTH. , #1354 ) ;
#287 = CARTESIAN_POINT ( 'NONE',  ( 4.153112887410872034, -5.634860543475917360, -0.7000000000010215828 ) ) ;
#288 = AXIS2_PLACEMENT_3D ( 'NONE', #853, #1182, #203 ) ;
#289 = DIRECTION ( 'NONE',  ( -0.4781267303663476187, -0.8782908571248969620, 0.000000000000000000 ) ) ;
#290 = CARTESIAN_POINT ( 'NONE',  ( -3.095752521458029705, -5.309019380208311212, -0.8492486944841710628 ) ) ;
#291 = CARTESIAN_POINT ( 'NONE',  ( -3.749999999999998224, -8.500000000000000000, -0.9000000000000000222 ) ) ;
#292 = DIRECTION ( 'NONE',  ( 1.000000000000000000, 0.000000000000000000, 0.000000000000000000 ) ) ;
#293 = CIRCLE ( 'NONE', #43, 0.6500000000000000222 ) ;
#294 = VERTEX_POINT ( 'NONE', #1309 ) ;
#295 = DIRECTION ( 'NONE',  ( -0.000000000000000000, -1.000000000000000000, -0.000000000000000000 ) ) ;
#296 = CARTESIAN_POINT ( 'NONE',  ( -3.135006758943535310, -6.543822040216002556, -1.120985322858218725 ) ) ;
#297 = CARTESIAN_POINT ( 'NONE',  ( 5.999999999999998224, 7.347880794884117764E-16, 0.7000000000000000666 ) ) ;
#298 = CARTESIAN_POINT ( 'NONE',  ( -1.797273075560794187, -5.718274143988157476, -0.8682655530918472753 ) ) ;
#299 = CARTESIAN_POINT ( 'NONE',  ( 3.350000000000001865, -8.500000000000000000, 0.9000000000000001332 ) ) ;
#300 = AXIS2_PLACEMENT_3D ( 'NONE', #1148, #1030, #1348 ) ;
#301 = AXIS2_PLACEMENT_3D ( 'NONE', #181, #608, #1039 ) ;
#302 = ORIENTED_EDGE ( 'NONE', *, *, #120, .T. ) ;
#303 = CARTESIAN_POINT ( 'NONE',  ( 4.170095707737353941, -4.316001531514354284, -0.3269257349583229444 ) ) ;
#304 = EDGE_CURVE ( 'NONE', #425, #1223, #279, .T. ) ;
#305 = CARTESIAN_POINT ( 'NONE',  ( 4.598114683337352737, -3.854649865753419391, 0.5086455745740311452 ) ) ;
#306 = CARTESIAN_POINT ( 'NONE',  ( 1.810428055357783617, -5.720345291708658131, 0.7000000000000000666 ) ) ;
#307 = CARTESIAN_POINT ( 'NONE',  ( 3.054029280769379184, -5.349974973074886009, 0.7014066856443526010 ) ) ;
#308 = CARTESIAN_POINT ( 'NONE',  ( 3.157234196692960904, -6.480646493460865187, 1.169840966734440268 ) ) ;
#309 = CARTESIAN_POINT ( 'NONE',  ( -4.333554891442105372, -7.958383052947281655, -0.9000000000000000222 ) ) ;
#310 = VERTEX_POINT ( 'NONE', #1011 ) ;
#311 = CARTESIAN_POINT ( 'NONE',  ( 3.098549249404602968, -6.678752124532276291, 0.8723407328865863120 ) ) ;
#312 = CARTESIAN_POINT ( 'NONE',  ( 4.150000000000000355, -8.500000000000001776, 0.1000000000000014627 ) ) ;
#313 = ORIENTED_EDGE ( 'NONE', *, *, #304, .F. ) ;
#314 = EDGE_CURVE ( 'NONE', #519, #1340, #416, .T. ) ;
#315 = AXIS2_PLACEMENT_3D ( 'NONE', #867, #420, #744 ) ;
#316 = CARTESIAN_POINT ( 'NONE',  ( 3.149162506163766029, -7.382684469472703626, 0.9000000000000000222 ) ) ;
#317 = CARTESIAN_POINT ( 'NONE',  ( 4.388796601229642214, -4.107008619028451157, 0.7687137566113032561 ) ) ;
#318 = CARTESIAN_POINT ( 'NONE',  ( 3.519484812263877327, -4.660717714146410451, 1.562140160453741045 ) ) ;
#319 = CARTESIAN_POINT ( 'NONE',  ( -3.559811046352175268, -4.829880465836501102, 0.7000000000010216938 ) ) ;
#320 = AXIS2_PLACEMENT_3D ( 'NONE', #1032, #1065, #954 ) ;
#321 = CARTESIAN_POINT ( 'NONE',  ( 4.033544447664067611, -4.629002353094633371, 1.486872723873774449 ) ) ;
#322 = FACE_OUTER_BOUND ( 'NONE', #487, .T. ) ;
#323 = CARTESIAN_POINT ( 'NONE',  ( 3.020026088105689954, -5.376886660666595041, 0.6873666107227517363 ) ) ;
#324 = CARTESIAN_POINT ( 'NONE',  ( 3.366749163553662605, -6.427308286145437144, 0.3712792851572602193 ) ) ;
#325 = DIRECTION ( 'NONE',  ( 3.151231665438300809E-16, -1.000000000000000000, 0.000000000000000000 ) ) ;
#326 = DIRECTION ( 'NONE',  ( 0.000000000000000000, 0.000000000000000000, 1.000000000000000000 ) ) ;
#327 = DIRECTION ( 'NONE',  ( 1.000000000000000000, 0.000000000000000000, -0.000000000000000000 ) ) ;
#328 = AXIS2_PLACEMENT_3D ( 'NONE', #82, #513, #1133 ) ;
#329 = ORIENTED_EDGE ( 'NONE', *, *, #1341, .F. ) ;
#330 = EDGE_CURVE ( 'NONE', #121, #218, #1370, .T. ) ;
#331 = CARTESIAN_POINT ( 'NONE',  ( -4.411091028985166140, -4.074274797522490665, -0.8836552047566149648 ) ) ;
#332 = CARTESIAN_POINT ( 'NONE',  ( -3.157186850499253516, -7.380891081147987975, 0.2856262990014886705 ) ) ;
#333 = ORIENTED_EDGE ( 'NONE', *, *, #1396, .T. ) ;
#334 = TOROIDAL_SURFACE ( 'NONE', #911, 4.199999999999999289, 1.800000000000000044 ) ;
#335 = CARTESIAN_POINT ( 'NONE',  ( 3.689040983392829709, -4.734632941461788036, -0.6620146031336324732 ) ) ;
#336 = EDGE_CURVE ( 'NONE', #1107, #242, #776, .T. ) ;
#337 = PRESENTATION_LAYER_ASSIGNMENT (  '', '', ( #54 ) ) ;
#338 = CARTESIAN_POINT ( 'NONE',  ( 3.070210141085793598, -5.279595115754693424, 0.7738100098234624857 ) ) ;
#339 = CARTESIAN_POINT ( 'NONE',  ( 2.559696187351195640, -5.051239790376669703, 1.754854937141489879 ) ) ;
#340 = PRESENTATION_LAYER_ASSIGNMENT (  '', '', ( #969 ) ) ;
#341 = CARTESIAN_POINT ( 'NONE',  ( 3.350000000000001865, -8.500000000000000000, 0.9000000000000000222 ) ) ;
#342 = CARTESIAN_POINT ( 'NONE',  ( 3.989726177517713079, -4.682290507212683472, 1.505876351325395879 ) ) ;
#343 = EDGE_LOOP ( 'NONE', ( #333, #150 ) ) ;
#344 = CARTESIAN_POINT ( 'NONE',  ( -4.149999999999999467, -8.500000000000000000, -0.9000000000000000222 ) ) ;
#345 = CARTESIAN_POINT ( 'NONE',  ( 4.550110778742359585, -3.912320625752201408, 0.3307764393009420822 ) ) ;
#346 = CARTESIAN_POINT ( 'NONE',  ( 3.320841618199080969, -4.446171585633136303, 1.895214930083353400 ) ) ;
#347 = ORIENTED_EDGE ( 'NONE', *, *, #917, .T. ) ;
#348 = DIRECTION ( 'NONE',  ( -0.9926266275248000204, 0.000000000000000000, -0.1212121212121212016 ) ) ;
#349 = VERTEX_POINT ( 'NONE', #993 ) ;
#350 = DIRECTION ( 'NONE',  ( 0.000000000000000000, -1.000000000000000000, 0.000000000000000000 ) ) ;
#351 = CARTESIAN_POINT ( 'NONE',  ( 3.559811046352177044, -4.829880465836500214, -0.7000000000010213608 ) ) ;
#352 = CARTESIAN_POINT ( 'NONE',  ( -1.993035536706401656, -5.659686381181091797, -0.05048722101617987568 ) ) ;
#353 = CARTESIAN_POINT ( 'NONE',  ( 4.416641787619634663, -3.826182300270158709, 1.438720859882153924 ) ) ;
#354 = EDGE_LOOP ( 'NONE', ( #372, #1333, #244, #29, #1214 ) ) ;
#355 = EDGE_CURVE ( 'NONE', #123, #140, #889, .T. ) ;
#356 = CARTESIAN_POINT ( 'NONE',  ( -4.149999999999999467, -8.500000000000000000, -0.09999999999999807654 ) ) ;
#357 = ORIENTED_EDGE ( 'NONE', *, *, #618, .T. ) ;
#358 = FACE_OUTER_BOUND ( 'NONE', #841, .T. ) ;
#359 = CARTESIAN_POINT ( 'NONE',  ( -4.343216800831104507, -4.406919804161227638, -1.170539972364451842 ) ) ;
#360 = AXIS2_PLACEMENT_3D ( 'NONE', #629, #622, #1184 ) ;
#361 = CARTESIAN_POINT ( 'NONE',  ( -3.559811046352117536, -4.829880465836549064, 0.7000000000007650103 ) ) ;
#362 = DIRECTION ( 'NONE',  ( -1.000000000000000000, 0.000000000000000000, 0.000000000000000000 ) ) ;
#363 = FILL_AREA_STYLE ('',( #122 ) ) ;
#364 = ADVANCED_FACE ( 'NONE', ( #575 ), #1007, .F. ) ;
#365 = CIRCLE ( 'NONE', #1034, 1.000000000000000222 ) ;
#366 = ORIENTED_EDGE ( 'NONE', *, *, #274, .T. ) ;
#367 = CARTESIAN_POINT ( 'NONE',  ( -4.199999999999999289, 6.245698675651499853E-16, 2.500000000000000000 ) ) ;
#368 = CARTESIAN_POINT ( 'NONE',  ( -3.640466244573255405, -4.223604440931238990, -1.862010561862223135 ) ) ;
#369 = CARTESIAN_POINT ( 'NONE',  ( 3.095752521457569628, -5.309019380208427563, 0.8492486944841537433 ) ) ;
#370 = LINE ( 'NONE', #693, #823 ) ;
#371 = DIRECTION ( 'NONE',  ( 1.214306433183764966E-16, -1.000000000000000000, 0.000000000000000000 ) ) ;
#372 = ORIENTED_EDGE ( 'NONE', *, *, #1236, .F. ) ;
#373 = CARTESIAN_POINT ( 'NONE',  ( 4.557191284915844243, -3.903915024262803790, 0.3555590916817185088 ) ) ;
#374 = CARTESIAN_POINT ( 'NONE',  ( -4.238657278787156812, -4.104529376386282458, -1.334966463297122097 ) ) ;
#375 = EDGE_CURVE ( 'NONE', #1136, #1186, #8, .T. ) ;
#376 = CARTESIAN_POINT ( 'NONE',  ( 2.868760382200916670, -5.269745142747837896, -0.7000000000000000666 ) ) ;
#377 = CARTESIAN_POINT ( 'NONE',  ( -1.973694933312868605, -5.548791400213760383, -1.325956633439765220 ) ) ;
#378 = AXIS2_PLACEMENT_3D ( 'NONE', #1307, #565, #1212 ) ;
#379 = CARTESIAN_POINT ( 'NONE',  ( -4.184359139395337657, -4.484446459838116184, -1.385950487881714377 ) ) ;
#380 = VERTEX_POINT ( 'NONE', #1099 ) ;
#381 =( NAMED_UNIT ( * ) PLANE_ANGLE_UNIT ( ) SI_UNIT ( $, .RADIAN. ) );
#382 = EDGE_LOOP ( 'NONE', ( #4, #46, #313, #391 ) ) ;
#383 = LINE ( 'NONE', #277, #1090 ) ;
#384 = CARTESIAN_POINT ( 'NONE',  ( -4.375877205442899154, -3.840171134964283084, -1.484611078260069217 ) ) ;
#385 = FACE_OUTER_BOUND ( 'NONE', #1247, .T. ) ;
#386 =( BOUNDED_SURFACE ( )  B_SPLINE_SURFACE ( 3, 2, ( 
 ( #1106, #568, #472 ),
 ( #1121, #151, #584 ),
 ( #1019, #45, #154 ),
 ( #684, #669, #361 ) ),
 .UNSPECIFIED., .F., .F., .F. ) 
 B_SPLINE_SURFACE_WITH_KNOTS ( ( 4, 4 ),
 ( 3, 3 ),
 ( -3.365363543395005763E-16, 0.0009559705839659774591 ),
 ( 0.000000000000000000, 1.000000000000000000 ),
 .UNSPECIFIED. ) 
 GEOMETRIC_REPRESENTATION_ITEM ( )  RATIONAL_B_SPLINE_SURFACE ( (
 ( 1.000000000000000000, 0.6645255662730101820, 1.000000000000000000),
 ( 1.000000000000000000, 0.7004592710624544249, 1.000000000000000000),
 ( 1.000000000000000000, 0.7305209804080082803, 1.000000000000000000),
 ( 1.000000000000000000, 0.7566208005567538475, 1.000000000000000000) ) ) 
 REPRESENTATION_ITEM ( '' )  SURFACE ( )  );
#387 = CARTESIAN_POINT ( 'NONE',  ( -2.868760382200913561, -5.269745142747839672, 0.7000000000000000666 ) ) ;
#388 = CIRCLE ( 'NONE', #5, 0.6500000000000000222 ) ;
#389 = EDGE_CURVE ( 'NONE', #695, #457, #143, .T. ) ;
#390 = CARTESIAN_POINT ( 'NONE',  ( 4.150000000000001243, -8.500000000000001776, 0.9000000000000000222 ) ) ;
#391 = ORIENTED_EDGE ( 'NONE', *, *, #880, .F. ) ;
#392 = CARTESIAN_POINT ( 'NONE',  ( 3.253809116896571929, -6.543264277329964962, 0.4751041245262025425 ) ) ;
#393 = DIRECTION ( 'NONE',  ( 0.000000000000000000, 0.000000000000000000, -1.000000000000000000 ) ) ;
#394 = DIRECTION ( 'NONE',  ( -0.8575466626791042879, 0.4668339407579954470, 0.2160550695639678886 ) ) ;
#395 = DIRECTION ( 'NONE',  ( 0.000000000000000000, 0.000000000000000000, 1.000000000000000000 ) ) ;
#396 = CARTESIAN_POINT ( 'NONE',  ( -1.810428055357781174, -5.720345291708659019, -0.7000000000000000666 ) ) ;
#397 = CARTESIAN_POINT ( 'NONE',  ( 4.389882912743307664, -4.411852540881382900, 1.032895552221677615 ) ) ;
#398 = ORIENTED_EDGE ( 'NONE', *, *, #980, .T. ) ;
#399 = CARTESIAN_POINT ( 'NONE',  ( -4.399999999999997691, -6.818403728272097730, -2.199999999999998845 ) ) ;
#400 = DIRECTION ( 'NONE',  ( 0.000000000000000000, -1.000000000000000000, 0.000000000000000000 ) ) ;
#401 = DIRECTION ( 'NONE',  ( 1.000000000000000000, 0.000000000000000000, 0.000000000000000000 ) ) ;
#402 =( GEOMETRIC_REPRESENTATION_CONTEXT ( 3 ) GLOBAL_UNCERTAINTY_ASSIGNED_CONTEXT ( ( #882 ) ) GLOBAL_UNIT_ASSIGNED_CONTEXT ( ( #599, #381, #802 ) ) REPRESENTATION_CONTEXT ( 'NONE', 'WORKASPACE' ) );
#403 = CARTESIAN_POINT ( 'NONE',  ( -2.019421512631170756, -5.507686471969085673, -1.402165974657421099 ) ) ;
#404 = CARTESIAN_POINT ( 'NONE',  ( 5.999999999999998224, 7.347880794884117764E-16, 2.500000000000000000 ) ) ;
#405 = ADVANCED_FACE ( 'NONE', ( #1315 ), #386, .F. ) ;
#406 = EDGE_LOOP ( 'NONE', ( #563, #714, #302, #758 ) ) ;
#407 = CARTESIAN_POINT ( 'NONE',  ( -3.559811046352175268, -4.829880465836500214, 0.7000000000000000666 ) ) ;
#408 = CYLINDRICAL_SURFACE ( 'NONE', #1208, 0.6499999999999991340 ) ;
#409 = CARTESIAN_POINT ( 'NONE',  ( -3.247847331508432855, -6.232656977156245226, -1.314816836654813637 ) ) ;
#410 = CARTESIAN_POINT ( 'NONE',  ( 3.166709537535922436, -7.957615341307304746, 0.9000000000000001332 ) ) ;
#411 = CARTESIAN_POINT ( 'NONE',  ( -4.115570664355602482, -5.215748206399853260, -0.3502994004391453142 ) ) ;
#412 = CIRCLE ( 'NONE', #478, 4.199999999999999289 ) ;
#413 = DIRECTION ( 'NONE',  ( 0.000000000000000000, 0.000000000000000000, 1.000000000000000000 ) ) ;
#414 = CARTESIAN_POINT ( 'NONE',  ( 3.591197953435807833, -6.148035999872512036, 0.2696969696985725418 ) ) ;
#415 = EDGE_CURVE ( 'NONE', #467, #1085, #435, .T. ) ;
#416 = CIRCLE ( 'NONE', #534, 5.999999999999998224 ) ;
#417 = CARTESIAN_POINT ( 'NONE',  ( 3.221054679432070689, -6.304454169725570267, 1.280387853866235881 ) ) ;
#418 = CARTESIAN_POINT ( 'NONE',  ( 3.166709537535922436, -7.957615341307305634, -0.2665809249281576032 ) ) ;
#419 = CARTESIAN_POINT ( 'NONE',  ( 3.532448346083405966, -6.229221826800098505, 0.2844986721083202497 ) ) ;
#420 = DIRECTION ( 'NONE',  ( 0.000000000000000000, 0.000000000000000000, 1.000000000000000000 ) ) ;
#421 = CARTESIAN_POINT ( 'NONE',  ( 3.538793595126683567, -5.504737664967963795, 1.519615338788017356 ) ) ;
#422 = EDGE_CURVE ( 'NONE', #457, #1186, #255, .T. ) ;
#423 = DIRECTION ( 'NONE',  ( 1.000000000000000000, 0.000000000000000000, -0.000000000000000000 ) ) ;
#424 = FACE_OUTER_BOUND ( 'NONE', #36, .T. ) ;
#425 = VERTEX_POINT ( 'NONE', #477 ) ;
#426 = CARTESIAN_POINT ( 'NONE',  ( 3.497508508727973364, -6.277505036034654928, 0.2933016088099404950 ) ) ;
#427 = CARTESIAN_POINT ( 'NONE',  ( 3.160120781407365076, -5.057576060256483430, 1.393643608947092938 ) ) ;
#428 = DIRECTION ( 'NONE',  ( 1.000000000000000000, 0.000000000000000000, 0.000000000000000000 ) ) ;
#429 = CARTESIAN_POINT ( 'NONE',  ( 3.914498516235241254, -4.307350088683732814, 1.545788682289433780 ) ) ;
#430 =( BOUNDED_SURFACE ( )  B_SPLINE_SURFACE ( 3, 2, ( 
 ( #637, #1073, #212 ),
 ( #531, #1400, #419 ),
 ( #858, #1002, #1194 ),
 ( #984, #1320, #324 ),
 ( #1197, #557, #442 ),
 ( #663, #1096, #19 ),
 ( #449, #338, #1237 ),
 ( #906, #1251, #493 ),
 ( #147, #369, #262 ),
 ( #170, #580, #160 ) ),
 .UNSPECIFIED., .F., .F., .F. ) 
 B_SPLINE_SURFACE_WITH_KNOTS ( ( 4, 2, 2, 2, 4 ),
 ( 3, 3 ),
 ( 0.003273303373817321692, 0.003787956850373967732, 0.004302610326930613772, 0.004817263803487259813, 0.005331917280043905853 ),
 ( 0.000000000000000000, 1.000000000000000000 ),
 .UNSPECIFIED. ) 
 GEOMETRIC_REPRESENTATION_ITEM ( )  RATIONAL_B_SPLINE_SURFACE ( (
 ( 1.000000000000000000, 0.6645255662736119229, 1.000000000000000000),
 ( 1.000000000000000000, 0.6502090468369268184, 1.000000000000000000),
 ( 1.000000000000000000, 0.6379696756506019195, 1.000000000000000000),
 ( 1.000000000000000000, 0.6183218145243178920, 1.000000000000000000),
 ( 1.000000000000000000, 0.6107496226410851214, 1.000000000000000000),
 ( 1.000000000000000000, 0.6001766791849636462, 1.000000000000000000),
 ( 1.000000000000000000, 0.5969612478179577852, 1.000000000000000000),
 ( 1.000000000000000000, 0.5930018143680850784, 1.000000000000000000),
 ( 1.000000000000000000, 0.5922085807828103565, 1.000000000000000000),
 ( 1.000000000000000000, 0.5918136604986626859, 1.000000000000000000) ) ) 
 REPRESENTATION_ITEM ( '' )  SURFACE ( )  );
#431 = ORIENTED_EDGE ( 'NONE', *, *, #1079, .F. ) ;
#432 = DIRECTION ( 'NONE',  ( 1.214306433183764966E-16, -1.000000000000000000, 0.000000000000000000 ) ) ;
#433 = B_SPLINE_CURVE_WITH_KNOTS ( 'NONE', 3,
 ( #834, #1268, #1179, #1187 ),
 .UNSPECIFIED., .F., .F.,
 ( 4, 4 ),
 ( 0.000000000000000000, 1.000000000000000000 ),
 .UNSPECIFIED. ) ;
#434 = CARTESIAN_POINT ( 'NONE',  ( 2.496815154883752719, -5.103479623302099810, 1.730039344727231532 ) ) ;
#435 = CIRCLE ( 'NONE', #645, 0.6499999999999991340 ) ;
#436 = CARTESIAN_POINT ( 'NONE',  ( 4.399999999999999467, -4.371320343559556676, 0.9000000000000000222 ) ) ;
#437 = EDGE_LOOP ( 'NONE', ( #824, #672, #1143, #782 ) ) ;
#438 = FILL_AREA_STYLE_COLOUR ( '', #966 ) ;
#439 = DIRECTION ( 'NONE',  ( -0.000000000000000000, -1.000000000000000000, -0.000000000000000000 ) ) ;
#440 = ORIENTED_EDGE ( 'NONE', *, *, #1068, .T. ) ;
#441 = CARTESIAN_POINT ( 'NONE',  ( 4.388796601229642214, -4.107008619028450269, 0.7687137566113034781 ) ) ;
#442 = CARTESIAN_POINT ( 'NONE',  ( 3.315037423773004033, -6.481813468079034912, 0.4125659479136822849 ) ) ;
#443 = AXIS2_PLACEMENT_3D ( 'NONE', #688, #473, #500 ) ;
#444 =( BOUNDED_SURFACE ( )  B_SPLINE_SURFACE ( 3, 2, ( 
 ( #1124, #905, #1319 ),
 ( #1336, #331, #474 ),
 ( #1219, #239, #18 ),
 ( #359, #1006, #797 ),
 ( #1229, #254, #690 ),
 ( #929, #374, #384 ),
 ( #812, #914, #1359 ),
 ( #1139, #718, #58 ),
 ( #817, #1149, #260 ),
 ( #1242, #269, #1132 ),
 ( #708, #1250, #1349 ),
 ( #1344, #278, #368 ),
 ( #168, #1031, #159 ),
 ( #483, #921, #604 ),
 ( #806, #1234, #700 ),
 ( #1040, #595, #66 ),
 ( #492, #191, #1160 ),
 ( #735, #711, #495 ),
 ( #1140, #729, #162 ),
 ( #409, #1244, #597 ),
 ( #485, #60, #931 ),
 ( #272, #1169, #377 ),
 ( #171, #1033, #829 ),
 ( #1041, #836, #923 ),
 ( #611, #626, #1066 ),
 ( #605, #88, #298 ),
 ( #68, #1350, #813 ),
 ( #185, #1361, #1253 ) ),
 .UNSPECIFIED., .F., .F., .F. ) 
 B_SPLINE_SURFACE_WITH_KNOTS ( ( 4, 2, 2, 2, 2, 2, 2, 2, 2, 2, 2, 2, 2, 4 ),
 ( 3, 3 ),
 ( -1.301042606982605321E-18, 0.0007767438570459443995, 0.001165115785568917196, 0.001553487714091890100, 0.001941859642614863005, 0.002330231571137835692, 0.002718603499660808380, 0.003106975428183781501, 0.003883719285229727310, 0.004660463142275673119, 0.005048835070798646241, 0.005437206999321618495, 0.005825578927844591616, 0.006213950856367564737 ),
 ( 0.000000000000000000, 1.000000000000000000 ),
 .UNSPECIFIED. ) 
 GEOMETRIC_REPRESENTATION_ITEM ( )  RATIONAL_B_SPLINE_SURFACE ( (
 ( 1.000000000000000000, 0.9391526358895316839, 1.000000000000000000),
 ( 1.000000000000000000, 0.9412042221489762550, 1.000000000000000000),
 ( 1.000000000000000000, 0.9435793937332368486, 1.000000000000000000),
 ( 1.000000000000000000, 0.9466719481689760407, 1.000000000000000000),
 ( 1.000000000000000000, 0.9476323679090450369, 1.000000000000000000),
 ( 1.000000000000000000, 0.9489627871308390361, 1.000000000000000000),
 ( 1.000000000000000000, 0.9493363762040465392, 1.000000000000000000),
 ( 1.000000000000000000, 0.9489002294556849737, 1.000000000000000000),
 ( 1.000000000000000000, 0.9480802582581561166, 1.000000000000000000),
 ( 1.000000000000000000, 0.9445878297041646610, 1.000000000000000000),
 ( 1.000000000000000000, 0.9418657291161762757, 1.000000000000000000),
 ( 1.000000000000000000, 0.9341226220121805479, 1.000000000000000000),
 ( 1.000000000000000000, 0.9290195379321689595, 1.000000000000000000),
 ( 1.000000000000000000, 0.9162917746000421859, 1.000000000000000000),
 ( 1.000000000000000000, 0.9087132072300232455, 1.000000000000000000),
 ( 1.000000000000000000, 0.8819911750207360956, 1.000000000000000000),
 ( 1.000000000000000000, 0.8587006742268470383, 1.000000000000000000),
 ( 1.000000000000000000, 0.8029067926355522022, 1.000000000000000000),
 ( 1.000000000000000000, 0.7698309659285045292, 1.000000000000000000),
 ( 1.000000000000000000, 0.7174153757774291984, 1.000000000000000000),
 ( 1.000000000000000000, 0.6992122473031731067, 1.000000000000000000),
 ( 1.000000000000000000, 0.6643826375104961990, 1.000000000000000000),
 ( 1.000000000000000000, 0.6476451894269966703, 1.000000000000000000),
 ( 1.000000000000000000, 0.6184747141495886558, 1.000000000000000000),
 ( 1.000000000000000000, 0.6066698937278914849, 1.000000000000000000),
 ( 1.000000000000000000, 0.5918176400904312517, 1.000000000000000000),
 ( 1.000000000000000000, 0.5890838197515793073, 1.000000000000000000),
 ( 1.000000000000000000, 0.5918136604986631299, 1.000000000000000000) ) ) 
 REPRESENTATION_ITEM ( '' )  SURFACE ( )  );
#445 = DIRECTION ( 'NONE',  ( 0.000000000000000000, 0.000000000000000000, 1.000000000000000000 ) ) ;
#446 = EDGE_CURVE ( 'NONE', #607, #467, #370, .T. ) ;
#447 = ORIENTED_EDGE ( 'NONE', *, *, #173, .F. ) ;
#448 = CARTESIAN_POINT ( 'NONE',  ( 4.336618689449920794, -4.148677025214048797, -0.1166936487400342254 ) ) ;
#449 = CARTESIAN_POINT ( 'NONE',  ( 1.993035536706427413, -5.659686381181082027, 0.05048722101618749458 ) ) ;
#450 = DIRECTION ( 'NONE',  ( 3.151231665438300809E-16, -1.000000000000000000, 0.000000000000000000 ) ) ;
#451 = CARTESIAN_POINT ( 'NONE',  ( -3.749999999999998224, -8.500000000000000000, -0.9000000000000000222 ) ) ;
#452 = CARTESIAN_POINT ( 'NONE',  ( -4.333554891442105372, -7.958383052947281655, -0.9000000000000000222 ) ) ;
#453 = CARTESIAN_POINT ( 'NONE',  ( 3.908802046555798437, -5.634860543475917360, 0.2696969696965677565 ) ) ;
#454 = CARTESIAN_POINT ( 'NONE',  ( 2.019421512631174309, -5.507686471969083897, 1.402165974657421765 ) ) ;
#455 = MECHANICAL_DESIGN_GEOMETRIC_PRESENTATION_REPRESENTATION (  '', ( #969 ), #402 ) ;
#456 = DIRECTION ( 'NONE',  ( 1.000000000000000000, 0.000000000000000000, 0.000000000000000000 ) ) ;
#457 = VERTEX_POINT ( 'NONE', #461 ) ;
#458 = CARTESIAN_POINT ( 'NONE',  ( -3.749999999988026911, -5.910266466178368816, -0.2500000000000000555 ) ) ;
#459 = CARTESIAN_POINT ( 'NONE',  ( 3.814650422615760927, -4.633725161150290539, -0.6019608065733836888 ) ) ;
#460 = CARTESIAN_POINT ( 'NONE',  ( -3.056893176464747341, -5.266945140193403319, -0.7443771643172273356 ) ) ;
#461 = CARTESIAN_POINT ( 'NONE',  ( -3.349999999999997424, -8.500000000000000000, -0.9000000000000000222 ) ) ;
#462 = EDGE_CURVE ( 'NONE', #499, #1113, #715, .T. ) ;
#463 = B_SPLINE_CURVE_WITH_KNOTS ( 'NONE', 3,
 ( #855, #316, #16, #341 ),
 .UNSPECIFIED., .F., .F.,
 ( 4, 4 ),
 ( 0.000000000000000000, 1.000000000000000000 ),
 .UNSPECIFIED. ) ;
#464 = AXIS2_PLACEMENT_3D ( 'NONE', #1343, #350, #577 ) ;
#465 = DIRECTION ( 'NONE',  ( -0.7889185337104744900, 0.5814638541966720142, -0.1987645175348626281 ) ) ;
#466 = CARTESIAN_POINT ( 'NONE',  ( -3.349999999999997424, -8.500000000000000000, -0.9000000000000000222 ) ) ;
#467 = VERTEX_POINT ( 'NONE', #1313 ) ;
#468 = CARTESIAN_POINT ( 'NONE',  ( -3.908160857472463334, -4.566188096737302970, -0.1671598494331493490 ) ) ;
#469 = CARTESIAN_POINT ( 'NONE',  ( 4.314870119418483085, -4.185701193006295284, 0.5289717502084076983 ) ) ;
#470 = CARTESIAN_POINT ( 'NONE',  ( 4.476464399162709995, -3.808648631159180287, 1.359437480756080951 ) ) ;
#471 = CARTESIAN_POINT ( 'NONE',  ( 4.400000000000001243, -6.818546254568506271, 0.9000000000000000222 ) ) ;
#472 = CARTESIAN_POINT ( 'NONE',  ( -2.868760382200528536, -5.269745142748049282, 0.6999999999971192599 ) ) ;
#473 = DIRECTION ( 'NONE',  ( 1.214306433183764966E-16, -1.000000000000000000, 0.000000000000000000 ) ) ;
#474 = CARTESIAN_POINT ( 'NONE',  ( -4.644797234909146866, -3.798368294683542867, -0.8637047969567513972 ) ) ;
#475 = CIRCLE ( 'NONE', #1276, 0.9999999999999995559 ) ;
#476 = CARTESIAN_POINT ( 'NONE',  ( -3.474812948863528206, -6.301699785059664549, -0.3078016507727738271 ) ) ;
#477 = CARTESIAN_POINT ( 'NONE',  ( 4.199999999999999289, 0.000000000000000000, 2.500000000000000000 ) ) ;
#478 = AXIS2_PLACEMENT_3D ( 'NONE', #617, #842, #1347 ) ;
#479 = DIRECTION ( 'NONE',  ( -0.000000000000000000, -0.000000000000000000, -1.000000000000000000 ) ) ;
#480 = B_SPLINE_CURVE_WITH_KNOTS ( 'NONE', 3,
 ( #518, #1144, #1062, #1036 ),
 .UNSPECIFIED., .F., .F.,
 ( 4, 4 ),
 ( 0.000000000000000000, 1.000000000000000000 ),
 .UNSPECIFIED. ) ;
#481 = ORIENTED_EDGE ( 'NONE', *, *, #336, .F. ) ;
#482 = CARTESIAN_POINT ( 'NONE',  ( -3.610385111691400084, -4.800899939828834562, -0.1121699646991890231 ) ) ;
#483 = CARTESIAN_POINT ( 'NONE',  ( -3.775211913974407363, -5.015765114869380703, -1.550899584025630107 ) ) ;
#484 = CARTESIAN_POINT ( 'NONE',  ( -2.075429392714362997, -5.630563772832944736, 0.09234831681018514093 ) ) ;
#485 = CARTESIAN_POINT ( 'NONE',  ( -3.221054679432072909, -6.304454169725627999, -1.280387853866244319 ) ) ;
#486 = FACE_OUTER_BOUND ( 'NONE', #770, .T. ) ;
#487 = EDGE_LOOP ( 'NONE', ( #567, #1294 ) ) ;
#488 = ORIENTED_EDGE ( 'NONE', *, *, #491, .T. ) ;
#489 = CARTESIAN_POINT ( 'NONE',  ( 5.999999999999998224, 7.347880794884117764E-16, -0.7000000000000000666 ) ) ;
#490 = FACE_OUTER_BOUND ( 'NONE', #670, .T. ) ;
#491 = EDGE_CURVE ( 'NONE', #653, #140, #944, .T. ) ;
#492 = CARTESIAN_POINT ( 'NONE',  ( -3.538793595126750624, -5.504737664968076594, -1.519615338788051107 ) ) ;
#493 = CARTESIAN_POINT ( 'NONE',  ( 3.132046727501380801, -6.651878442693416993, 0.6874774181951116558 ) ) ;
#494 = CARTESIAN_POINT ( 'NONE',  ( 2.239973843291062305, -5.567085527732380967, -0.3073863765481064103 ) ) ;
#495 = CARTESIAN_POINT ( 'NONE',  ( -2.496815154883793575, -5.103479623302067836, -1.730039344727244188 ) ) ;
#496 = CARTESIAN_POINT ( 'NONE',  ( 4.105680446610767476, -4.551722563829582846, 1.446966660989150499 ) ) ;
#497 = CARTESIAN_POINT ( 'NONE',  ( 3.114698149490056078, -6.665778169755758320, 0.7400946499886021934 ) ) ;
#498 = PRESENTATION_STYLE_ASSIGNMENT (( #286 ) ) ;
#499 = VERTEX_POINT ( 'NONE', #898 ) ;
#500 = DIRECTION ( 'NONE',  ( 1.000000000000000000, 0.000000000000000000, 0.000000000000000000 ) ) ;
#501 = CARTESIAN_POINT ( 'NONE',  ( -3.253809116896567932, -6.543264277329965850, -0.4751041245262020429 ) ) ;
#502 = CARTESIAN_POINT ( 'NONE',  ( -3.132046727501384353, -6.651878442693343274, -0.6874774181950970009 ) ) ;
#503 = CARTESIAN_POINT ( 'NONE',  ( 1.827284271423132544, -5.715010479749648376, 0.5389551842819231275 ) ) ;
#504 = CARTESIAN_POINT ( 'NONE',  ( -3.749999999999998224, -8.500000000000000000, -0.9000000000000000222 ) ) ;
#505 = PRODUCT ( 'S10K275', 'S10K275', '', ( #207 ) ) ;
#506 = CARTESIAN_POINT ( 'NONE',  ( 4.350837493836237080, -7.382684469472704514, 2.101674987672471406 ) ) ;
#507 = CARTESIAN_POINT ( 'NONE',  ( -1.798350356978507536, -5.715232939798254641, -0.8994827276705318342 ) ) ;
#508 = ORIENTED_EDGE ( 'NONE', *, *, #528, .F. ) ;
#509 = FACE_OUTER_BOUND ( 'NONE', #275, .T. ) ;
#510 = AXIS2_PLACEMENT_3D ( 'NONE', #224, #465, #1324 ) ;
#511 = CARTESIAN_POINT ( 'NONE',  ( -5.387833935415918596, -4.468919946069809690, -0.6999999999999988454 ) ) ;
#512 = FACE_OUTER_BOUND ( 'NONE', #354, .T. ) ;
#513 = DIRECTION ( 'NONE',  ( 0.8575466626791042879, 0.4668339407579962796, -0.2160550695639667507 ) ) ;
#514 = CARTESIAN_POINT ( 'NONE',  ( -3.104792692108878427, -6.673736173660103077, -0.8212121212121212821 ) ) ;
#515 = CARTESIAN_POINT ( 'NONE',  ( 0.000000000000000000, 0.000000000000000000, -0.7000000000000000666 ) ) ;
#516 = EDGE_CURVE ( 'NONE', #123, #229, #1330, .T. ) ;
#517 = ORIENTED_EDGE ( 'NONE', *, *, #183, .F. ) ;
#518 = CARTESIAN_POINT ( 'NONE',  ( 4.400000000000000355, -6.818546254568505383, 0.9000000000000000222 ) ) ;
#519 = VERTEX_POINT ( 'NONE', #1110 ) ;
#520 = CARTESIAN_POINT ( 'NONE',  ( -3.559811046352175268, -4.829880465836500214, 0.7000000000000000666 ) ) ;
#521 = CARTESIAN_POINT ( 'NONE',  ( 4.199999999999999289, 0.000000000000000000, -2.500000000000000000 ) ) ;
#522 = CARTESIAN_POINT ( 'NONE',  ( -3.647099960716183364, -6.070785259144098056, -0.2556127074685062839 ) ) ;
#523 = CARTESIAN_POINT ( 'NONE',  ( 4.150000000000002132, -8.500000000000000000, 0.9000000000000000222 ) ) ;
#524 = CARTESIAN_POINT ( 'NONE',  ( -2.732478182750029738, -5.343934873748812819, 0.6599416899458767638 ) ) ;
#525 = CARTESIAN_POINT ( 'NONE',  ( -3.166445108557890631, -7.958383052947282543, -2.067109782884215097 ) ) ;
#526 = CIRCLE ( 'NONE', #1352, 0.3999999999999993006 ) ;
#527 = CARTESIAN_POINT ( 'NONE',  ( -2.855662797615150961, -4.808483418861722036, -1.845857389894761447 ) ) ;
#528 = EDGE_CURVE ( 'NONE', #1113, #140, #949, .T. ) ;
#529 = CARTESIAN_POINT ( 'NONE',  ( 3.247847331508450619, -6.232656977156245226, 1.314816836654829180 ) ) ;
#530 = CARTESIAN_POINT ( 'NONE',  ( 3.498671720646337580, -5.590530288676958115, 1.510589725623211921 ) ) ;
#531 = CARTESIAN_POINT ( 'NONE',  ( 2.740962343187953731, -5.339316239890526283, -0.6624355068947240799 ) ) ;
#532 = ORIENTED_EDGE ( 'NONE', *, *, #1026, .T. ) ;
#533 = EDGE_LOOP ( 'NONE', ( #872, #1115, #231, #1084 ) ) ;
#534 = AXIS2_PLACEMENT_3D ( 'NONE', #1332, #326, #766 ) ;
#535 = CARTESIAN_POINT ( 'NONE',  ( 3.268504193325388218, -4.486485963484816430, 1.890989001552446869 ) ) ;
#536 = CARTESIAN_POINT ( 'NONE',  ( 4.312460479470788144, -3.863274468026916875, 1.547392886036039306 ) ) ;
#537 = CARTESIAN_POINT ( 'NONE',  ( -3.805829503224938293, -5.820345998449720781, -0.2499999999989716837 ) ) ;
#538 = CARTESIAN_POINT ( 'NONE',  ( -4.279439038974519605, -4.802954391717469740, -0.5166526378469380454 ) ) ;
#539 = UNCERTAINTY_MEASURE_WITH_UNIT (LENGTH_MEASURE( 1.000000000000000082E-05 ), #219, 'distance_accuracy_value', 'NONE');
#540 = ORIENTED_EDGE ( 'NONE', *, *, #235, .F. ) ;
#541 = EDGE_CURVE ( 'NONE', #1374, #1342, #177, .T. ) ;
#542 = CARTESIAN_POINT ( 'NONE',  ( 3.848869812282791347, -4.358916997925870618, 1.563012890884396988 ) ) ;
#543 = DIRECTION ( 'NONE',  ( -0.000000000000000000, -1.000000000000000000, -0.000000000000000000 ) ) ;
#544 = CARTESIAN_POINT ( 'NONE',  ( -4.333554891442106261, -7.958383052947282543, -2.067109782884215097 ) ) ;
#545 = ORIENTED_EDGE ( 'NONE', *, *, #33, .T. ) ;
#546 = SURFACE_STYLE_USAGE ( .BOTH. , #99 ) ;
#547 = DIRECTION ( 'NONE',  ( 1.445817285637162992E-16, -1.000000000000000000, -0.000000000000000000 ) ) ;
#548 = CARTESIAN_POINT ( 'NONE',  ( 1.973694933312851285, -5.548791400213764824, 1.325956633439769883 ) ) ;
#549 = CARTESIAN_POINT ( 'NONE',  ( -4.476464399162709107, -3.808648631159181619, -1.359437480756081618 ) ) ;
#550 = ORIENTED_EDGE ( 'NONE', *, *, #462, .F. ) ;
#551 = DIRECTION ( 'NONE',  ( 1.000000000000000000, 0.000000000000000000, 0.000000000000000000 ) ) ;
#552 = CARTESIAN_POINT ( 'NONE',  ( -3.108375455580499658, -5.139302737874632321, 0.7452774644202685428 ) ) ;
#553 = DIRECTION ( 'NONE',  ( -0.000000000000000000, -0.000000000000000000, -1.000000000000000000 ) ) ;
#554 = DIRECTION ( 'NONE',  ( 1.000000000000000000, 0.000000000000000000, 0.000000000000000000 ) ) ;
#555 = CARTESIAN_POINT ( 'NONE',  ( 4.407449575478921133, -4.431453371594963997, 0.9214661277208450185 ) ) ;
#556 = CARTESIAN_POINT ( 'NONE',  ( 3.455948999140947997, -4.726494682468688424, 1.545499437160991807 ) ) ;
#557 = CARTESIAN_POINT ( 'NONE',  ( 3.034192939209966688, -5.241158004021282402, 0.6697126986186522357 ) ) ;
#558 = ADVANCED_FACE ( 'NONE', ( #1368 ), #161, .T. ) ;
#559 = CARTESIAN_POINT ( 'NONE',  ( 0.000000000000000000, 0.000000000000000000, 2.500000000000000000 ) ) ;
#560 = EDGE_LOOP ( 'NONE', ( #1093, #488, #1317, #1100 ) ) ;
#561 = DIRECTION ( 'NONE',  ( 0.000000000000000000, -1.000000000000000000, 0.000000000000000000 ) ) ;
#562 = CARTESIAN_POINT ( 'NONE',  ( -3.166445108557890631, -7.958383052947282543, 0.2671097828842142197 ) ) ;
#563 = ORIENTED_EDGE ( 'NONE', *, *, #579, .T. ) ;
#564 = CARTESIAN_POINT ( 'NONE',  ( 2.868760382200916670, -5.269745142747837896, -0.7000000000000000666 ) ) ;
#565 = DIRECTION ( 'NONE',  ( -0.000000000000000000, -0.000000000000000000, -1.000000000000000000 ) ) ;
#566 = CARTESIAN_POINT ( 'NONE',  ( 4.399999999999829825, -4.450538452523310262, 0.8735238864381430490 ) ) ;
#567 = ORIENTED_EDGE ( 'NONE', *, *, #1404, .T. ) ;
#568 = CARTESIAN_POINT ( 'NONE',  ( -3.082146458646852771, -5.153581361454872223, -0.3979502308967379776 ) ) ;
#569 = CARTESIAN_POINT ( 'NONE',  ( -4.179138812722572816, -5.060125770121623567, -0.4077372076915751764 ) ) ;
#570 = EDGE_CURVE ( 'NONE', #1063, #1113, #101, .T. ) ;
#571 = CARTESIAN_POINT ( 'NONE',  ( 3.150435878385380750, -5.134509419118653106, 0.2899854841415153150 ) ) ;
#572 = CARTESIAN_POINT ( 'NONE',  ( 4.283413611977949564, -3.874854757819572892, 1.573485569902529857 ) ) ;
#573 = TOROIDAL_SURFACE ( 'NONE', #1118, 4.199999999999999289, 1.800000000000000044 ) ;
#574 = ORIENTED_EDGE ( 'NONE', *, *, #1292, .T. ) ;
#575 = FACE_OUTER_BOUND ( 'NONE', #877, .T. ) ;
#576 = ORIENTED_EDGE ( 'NONE', *, *, #741, .T. ) ;
#577 = DIRECTION ( 'NONE',  ( 0.000000000000000000, 0.000000000000000000, -1.000000000000000000 ) ) ;
#578 = CARTESIAN_POINT ( 'NONE',  ( 3.559811046352118424, -4.829880465836548176, -0.7000000000007648993 ) ) ;
#579 = EDGE_CURVE ( 'NONE', #242, #1063, #106, .T. ) ;
#580 = CARTESIAN_POINT ( 'NONE',  ( 3.098463880663864245, -5.312695739885277213, 0.8730398319896193193 ) ) ;
#581 = DIRECTION ( 'NONE',  ( -0.1211230274739047569, -0.03833414171806572707, 0.9918970237853802496 ) ) ;
#582 = CARTESIAN_POINT ( 'NONE',  ( 3.149162506163765141, -7.382684469472705402, 0.9000000000000001332 ) ) ;
#583 = ORIENTED_EDGE ( 'NONE', *, *, #1322, .F. ) ;
#584 = CARTESIAN_POINT ( 'NONE',  ( -3.107100161793004744, -5.139996986304887550, 0.7450364629521344373 ) ) ;
#585 = ORIENTED_EDGE ( 'NONE', *, *, #216, .T. ) ;
#586 = DIRECTION ( 'NONE',  ( -0.000000000000000000, -0.000000000000000000, -1.000000000000000000 ) ) ;
#587 = LINE ( 'NONE', #1109, #240 ) ;
#588 = DIRECTION ( 'NONE',  ( 1.214306433183764966E-16, -1.000000000000000000, 0.000000000000000000 ) ) ;
#589 = CARTESIAN_POINT ( 'NONE',  ( -3.864134215643234338, -4.860069091932233576, -1.543554109083076220 ) ) ;
#590 = ADVANCED_FACE ( 'NONE', ( #512 ), #141, .F. ) ;
#591 = ORIENTED_EDGE ( 'NONE', *, *, #1322, .T. ) ;
#592 = ORIENTED_EDGE ( 'NONE', *, *, #1306, .T. ) ;
#593 = CARTESIAN_POINT ( 'NONE',  ( -4.418837616501867238, -4.060004297596441880, -0.01800033630527711481 ) ) ;
#594 = CARTESIAN_POINT ( 'NONE',  ( 4.319802241825469125, -4.411563291788839436, 1.216913012256205073 ) ) ;
#595 = CARTESIAN_POINT ( 'NONE',  ( -3.271735488831901684, -4.925327091238284716, -1.473498345571413237 ) ) ;
#596 = CARTESIAN_POINT ( 'NONE',  ( -2.868760382200688852, -5.269745142747961353, 0.6999999999955657248 ) ) ;
#597 = CARTESIAN_POINT ( 'NONE',  ( -2.144860670928521618, -5.400980601429337113, -1.505497803801291834 ) ) ;
#598 = CARTESIAN_POINT ( 'NONE',  ( -4.386017360200348492, -4.411103272503111405, -1.045884193620439273 ) ) ;
#599 =( LENGTH_UNIT ( ) NAMED_UNIT ( * ) SI_UNIT ( .MILLI., .METRE. ) );
#600 = CIRCLE ( 'NONE', #510, 0.9999999999999997780 ) ;
#601 = ORIENTED_EDGE ( 'NONE', *, *, #805, .F. ) ;
#602 = CARTESIAN_POINT ( 'NONE',  ( 4.356618901744788275, -4.127643295717762228, -0.08624170628646014858 ) ) ;
#603 = CARTESIAN_POINT ( 'NONE',  ( 4.618143373213644765, -3.830502810916978529, 0.7000000000000000666 ) ) ;
#604 = CARTESIAN_POINT ( 'NONE',  ( -3.360014422557890512, -4.418653711949111162, -1.890753719973937486 ) ) ;
#605 = CARTESIAN_POINT ( 'NONE',  ( -3.098478088207396564, -6.669104608114617250, -0.9243243458189170925 ) ) ;
#606 = CARTESIAN_POINT ( 'NONE',  ( -3.995728143059294801, -4.671465846932468580, -1.505645267633487050 ) ) ;
#607 = VERTEX_POINT ( 'NONE', #105 ) ;
#608 = DIRECTION ( 'NONE',  ( -0.000000000000000000, -0.000000000000000000, -1.000000000000000000 ) ) ;
#609 = CARTESIAN_POINT ( 'NONE',  ( -3.346887112567732192, -6.148035999872479174, 0.6999999999932050576 ) ) ;
#610 = CARTESIAN_POINT ( 'NONE',  ( -3.031910100437456013, -5.197177472002587173, -0.5178883795767005305 ) ) ;
#611 = CARTESIAN_POINT ( 'NONE',  ( -3.110137005314812964, -6.621988364463836874, -1.025091260197951160 ) ) ;
#612 = AXIS2_PLACEMENT_3D ( 'NONE', #504, #939, #1058 ) ;
#613 = CARTESIAN_POINT ( 'NONE',  ( 4.036103856212436725, -4.220234513505187302, 1.495235100893283153 ) ) ;
#614 = CARTESIAN_POINT ( 'NONE',  ( 4.263313092778513891, -4.434552789640762605, 1.302017562935736894 ) ) ;
#615 = CARTESIAN_POINT ( 'NONE',  ( 3.908802046555798437, -5.634860543475917360, 0.2696969696965675900 ) ) ;
#616 = ORIENTED_EDGE ( 'NONE', *, *, #33, .F. ) ;
#617 = CARTESIAN_POINT ( 'NONE',  ( 0.000000000000000000, 0.000000000000000000, -2.500000000000000000 ) ) ;
#618 = EDGE_CURVE ( 'NONE', #1045, #639, #184, .T. ) ;
#619 = CYLINDRICAL_SURFACE ( 'NONE', #1221, 0.4000000000000001887 ) ;
#620 = DIRECTION ( 'NONE',  ( 0.000000000000000000, 0.000000000000000000, 1.000000000000000000 ) ) ;
#621 = CARTESIAN_POINT ( 'NONE',  ( -4.330949734485746383, -4.659025377543471791, -0.6064227018042218642 ) ) ;
#622 = DIRECTION ( 'NONE',  ( 3.151231665438300809E-16, -1.000000000000000000, 0.000000000000000000 ) ) ;
#623 = CARTESIAN_POINT ( 'NONE',  ( 3.210294826635019305, -6.583670916205763390, 0.5299005958294717988 ) ) ;
#624 = ORIENTED_EDGE ( 'NONE', *, *, #579, .F. ) ;
#625 = CARTESIAN_POINT ( 'NONE',  ( 4.618143373213644765, -3.830502810916978529, 0.7000000000000000666 ) ) ;
#626 = CARTESIAN_POINT ( 'NONE',  ( -3.054029280769346766, -5.349974973074719031, -0.7014066856443519349 ) ) ;
#627 = ADVANCED_FACE ( 'NONE', ( #200 ), #573, .T. ) ;
#628 = CARTESIAN_POINT ( 'NONE',  ( 3.668901894909620598, -5.221227644052892636, 1.547529556553694841 ) ) ;
#629 = CARTESIAN_POINT ( 'NONE',  ( 3.750000000000000444, -4.371320343559556676, 0.9000000000000000222 ) ) ;
#630 = ORIENTED_EDGE ( 'NONE', *, *, #164, .T. ) ;
#631 = CARTESIAN_POINT ( 'NONE',  ( 3.829198871358172163, -4.621876222550755031, -0.5945571656753546597 ) ) ;
#632 = AXIS2_PLACEMENT_3D ( 'NONE', #1064, #1248, #276 ) ;
#633 = CARTESIAN_POINT ( 'NONE',  ( 3.101586695641202596, -6.676311858096032559, 0.8474665702699883951 ) ) ;
#634 = CARTESIAN_POINT ( 'NONE',  ( 3.824218574714351782, -4.108096695721466851, 1.817281735879785254 ) ) ;
#635 = CARTESIAN_POINT ( 'NONE',  ( 4.194970845264744952, -4.125661445135511585, 1.381046978950166038 ) ) ;
#636 = CARTESIAN_POINT ( 'NONE',  ( 3.149162506163766029, -7.382684469472703626, 0.9000000000000001332 ) ) ;
#637 = CARTESIAN_POINT ( 'NONE',  ( 2.868760382200691961, -5.269745142747960465, -0.6999999999955651697 ) ) ;
#638 = ADVANCED_FACE ( 'NONE', ( #424 ), #430, .F. ) ;
#639 = VERTEX_POINT ( 'NONE', #1337 ) ;
#640 = CARTESIAN_POINT ( 'NONE',  ( 3.859744668547799851, -4.870490463830166483, 1.542076332546469697 ) ) ;
#641 = CARTESIAN_POINT ( 'NONE',  ( 0.000000000000000000, 0.000000000000000000, -0.7000000000000000666 ) ) ;
#642 = APPLICATION_CONTEXT ( 'automotive_design' ) ;
#643 = ADVANCED_FACE ( 'NONE', ( #385 ), #868, .F. ) ;
#644 = ORIENTED_EDGE ( 'NONE', *, *, #285, .F. ) ;
#645 = AXIS2_PLACEMENT_3D ( 'NONE', #1213, #1119, #20 ) ;
#646 = CARTESIAN_POINT ( 'NONE',  ( -5.999999999999998224, 0.000000000000000000, -0.7000000000000000666 ) ) ;
#647 = CARTESIAN_POINT ( 'NONE',  ( 4.400000000000001243, -6.818546254568505383, -0.3999999999999998002 ) ) ;
#648 = CARTESIAN_POINT ( 'NONE',  ( -3.908802046555795773, -5.634860543475918249, -0.2696969696965672569 ) ) ;
#649 = ORIENTED_EDGE ( 'NONE', *, *, #1125, .T. ) ;
#650 = APPLICATION_PROTOCOL_DEFINITION ( 'draft international standard', 'automotive_design', 1998, #642 ) ;
#651 = CIRCLE ( 'NONE', #37, 5.999999999999998224 ) ;
#652 = CARTESIAN_POINT ( 'NONE',  ( 3.108551795419851604, -5.304371424536737045, 0.8251294047311757973 ) ) ;
#653 = VERTEX_POINT ( 'NONE', #297 ) ;
#654 = ORIENTED_EDGE ( 'NONE', *, *, #1145, .F. ) ;
#655 = DIRECTION ( 'NONE',  ( 0.000000000000000000, -1.000000000000000000, 0.000000000000000000 ) ) ;
#656 = EDGE_CURVE ( 'NONE', #639, #64, #365, .T. ) ;
#657 = ORIENTED_EDGE ( 'NONE', *, *, #235, .T. ) ;
#658 = APPLICATION_PROTOCOL_DEFINITION ( 'draft international standard', 'automotive_design', 1998, #1059 ) ;
#659 = CARTESIAN_POINT ( 'NONE',  ( -2.112166064584077851, -6.673736173660103077, -0.7000000000000000666 ) ) ;
#660 = ORIENTED_EDGE ( 'NONE', *, *, #155, .F. ) ;
#661 = DIRECTION ( 'NONE',  ( 0.000000000000000000, 0.000000000000000000, -1.000000000000000000 ) ) ;
#662 = CARTESIAN_POINT ( 'NONE',  ( 4.131201850970402489, -5.174445434516739439, 0.3699934956486850002 ) ) ;
#663 = CARTESIAN_POINT ( 'NONE',  ( 2.075429392714366994, -5.630563772832943847, -0.09234831681018143557 ) ) ;
#664 = EDGE_CURVE ( 'NONE', #1217, #1274, #1195, .T. ) ;
#665 = ORIENTED_EDGE ( 'NONE', *, *, #516, .T. ) ;
#666 = ORIENTED_EDGE ( 'NONE', *, *, #725, .T. ) ;
#667 = CARTESIAN_POINT ( 'NONE',  ( -4.025925193857362139, -5.406012686253666821, -0.3083184697552756037 ) ) ;
#668 = CARTESIAN_POINT ( 'NONE',  ( 3.591197953435598667, -6.148035999872723423, 0.2696969696987357445 ) ) ;
#669 = CARTESIAN_POINT ( 'NONE',  ( -3.421541526668613997, -4.931790516618734799, -0.1469338477633747864 ) ) ;
#670 = EDGE_LOOP ( 'NONE', ( #10, #62 ) ) ;
#671 = ADVANCED_FACE ( 'NONE', ( #1168 ), #408, .T. ) ;
#672 = ORIENTED_EDGE ( 'NONE', *, *, #285, .T. ) ;
#673 = FACE_OUTER_BOUND ( 'NONE', #1010, .T. ) ;
#674 = CARTESIAN_POINT ( 'NONE',  ( -3.600413300578838793, -5.366246939133203497, -1.536451803773555280 ) ) ;
#675 = CARTESIAN_POINT ( 'NONE',  ( 3.908802046555793552, -5.634860543475972428, 0.2696969696964151009 ) ) ;
#676 = CARTESIAN_POINT ( 'NONE',  ( 1.810428055357783617, -5.720345291708658131, 0.7000000000000000666 ) ) ;
#677 = CARTESIAN_POINT ( 'NONE',  ( -3.749999999999997780, -5.064582275752494311, -1.550000000000000044 ) ) ;
#678 = ORIENTED_EDGE ( 'NONE', *, *, #759, .T. ) ;
#679 = CIRCLE ( 'NONE', #1166, 0.6500000000000000222 ) ;
#680 = EDGE_CURVE ( 'NONE', #695, #1136, #958, .T. ) ;
#681 = CARTESIAN_POINT ( 'NONE',  ( -4.386011009491699753, -4.497064605299565088, -0.7459020732182293223 ) ) ;
#682 = CARTESIAN_POINT ( 'NONE',  ( 4.166712702935549295, -3.925500481055265389, 1.659794301170464781 ) ) ;
#683 = CARTESIAN_POINT ( 'NONE',  ( 4.363939807688300476, -4.564374065845339778, 0.6757604134044215005 ) ) ;
#684 = CARTESIAN_POINT ( 'NONE',  ( -3.908802046555791776, -5.634860543475973316, -0.2696969696964146568 ) ) ;
#685 = CARTESIAN_POINT ( 'NONE',  ( -4.292831792688875936, -4.420398014587781255, -1.261815215278305535 ) ) ;
#686 = VERTEX_POINT ( 'NONE', #100 ) ;
#687 = CARTESIAN_POINT ( 'NONE',  ( -4.149999999999999467, -8.500000000000000000, -0.9000000000000000222 ) ) ;
#688 = CARTESIAN_POINT ( 'NONE',  ( 3.750000000000001776, -8.500000000000000000, 0.9000000000000000222 ) ) ;
#689 = DIRECTION ( 'NONE',  ( 0.000000000000000000, -1.000000000000000000, 0.000000000000000000 ) ) ;
#690 = CARTESIAN_POINT ( 'NONE',  ( -4.484144122819307299, -3.806756554911171708, -1.345731673564195541 ) ) ;
#691 = EDGE_CURVE ( 'NONE', #1402, #380, #1389, .T. ) ;
#692 = CARTESIAN_POINT ( 'NONE',  ( -2.380399279880289320, -5.509121385976414764, 0.4421371953967713209 ) ) ;
#693 = CARTESIAN_POINT ( 'NONE',  ( 3.100000000000000977, -4.371320343559556676, 0.9000000000000001332 ) ) ;
#694 = CARTESIAN_POINT ( 'NONE',  ( 4.194577073270479239, -4.476146829383349512, 1.377527312577104146 ) ) ;
#695 = VERTEX_POINT ( 'NONE', #215 ) ;
#696 = EDGE_LOOP ( 'NONE', ( #532, #1038, #1384, #994 ) ) ;
#697 = CARTESIAN_POINT ( 'NONE',  ( -4.618143373213643876, -3.830502810916980749, -0.7000000000000000666 ) ) ;
#698 = CARTESIAN_POINT ( 'NONE',  ( 4.528213359662117909, -3.796766234270299911, 1.270056987685927785 ) ) ;
#699 = CARTESIAN_POINT ( 'NONE',  ( -3.395059630710558274, -6.399185804202030425, -0.3401027557426257730 ) ) ;
#700 = CARTESIAN_POINT ( 'NONE',  ( -3.268504193325406426, -4.486485963484786232, -1.890989001552461524 ) ) ;
#701 = CARTESIAN_POINT ( 'NONE',  ( -3.532448346083457036, -6.229221826800208639, -0.2844986721083060388 ) ) ;
#702 = CARTESIAN_POINT ( 'NONE',  ( -1.864246619141096462, -5.703344217016114825, -0.3820450615549482731 ) ) ;
#703 = EDGE_CURVE ( 'NONE', #1402, #1045, #600, .T. ) ;
#704 = CARTESIAN_POINT ( 'NONE',  ( 4.330949734485749048, -4.659025377543468238, 0.6064227018042220863 ) ) ;
#705 = ORIENTED_EDGE ( 'NONE', *, *, #355, .F. ) ;
#706 = DIRECTION ( 'NONE',  ( 1.000000000000000000, 0.000000000000000000, 0.000000000000000000 ) ) ;
#707 = CARTESIAN_POINT ( 'NONE',  ( -3.102732414029300223, -6.646520796704408873, -0.9899770616076638552 ) ) ;
#708 = CARTESIAN_POINT ( 'NONE',  ( -3.989726177517699313, -4.682290507212571562, -1.505876351325400098 ) ) ;
#709 = CARTESIAN_POINT ( 'NONE',  ( -3.366749163553648394, -6.427308286145512639, -0.3712792851572667141 ) ) ;
#710 = CARTESIAN_POINT ( 'NONE',  ( 4.633918835454228002, -3.798928696471835842, 0.8954710181658024348 ) ) ;
#711 = CARTESIAN_POINT ( 'NONE',  ( -2.987644258481546800, -5.276350721620968187, -1.195500176892618782 ) ) ;
#712 =( GEOMETRIC_REPRESENTATION_CONTEXT ( 3 ) GLOBAL_UNCERTAINTY_ASSIGNED_CONTEXT ( ( #539 ) ) GLOBAL_UNIT_ASSIGNED_CONTEXT ( ( #219, #108, #750 ) ) REPRESENTATION_CONTEXT ( 'NONE', 'WORKASPACE' ) );
#713 = CARTESIAN_POINT ( 'NONE',  ( 4.333290462464080228, -7.957615341307306522, 0.9000000000000000222 ) ) ;
#714 = ORIENTED_EDGE ( 'NONE', *, *, #570, .T. ) ;
#715 = CIRCLE ( 'NONE', #169, 1.000000000000000222 ) ;
#716 = ORIENTED_EDGE ( 'NONE', *, *, #7, .F. ) ;
#717 = CARTESIAN_POINT ( 'NONE',  ( 3.697868643776093478, -4.728126610059157464, -0.6594198357212400774 ) ) ;
#718 = CARTESIAN_POINT ( 'NONE',  ( -4.093086926834321737, -4.183789000423600690, -1.461787851014682893 ) ) ;
#719 = B_SPLINE_CURVE_WITH_KNOTS ( 'NONE', 3,
 ( #936, #739, #1165, #919, #1147, #816, #727, #1267, #810, #520 ),
 .UNSPECIFIED., .F., .F.,
 ( 4, 2, 2, 2, 4 ),
 ( 0.000000000000000000, 0.0005320597310332688410, 0.001064119462066538116, 0.001596179193099807282, 0.002128238924133076665 ),
 .UNSPECIFIED. ) ;
#720 = CARTESIAN_POINT ( 'NONE',  ( -3.034192939209964024, -5.241158004021357897, -0.6697126986186802133 ) ) ;
#721 = MANIFOLD_SOLID_BREP ( 'Ô²½Ç2', #1204 ) ;
#722 = CARTESIAN_POINT ( 'NONE',  ( 3.350000000000001865, -8.500000000000000000, 0.9000000000000000222 ) ) ;
#723 = CARTESIAN_POINT ( 'NONE',  ( 4.279439038974522269, -4.802954391717467963, 0.5166526378469384895 ) ) ;
#724 = CARTESIAN_POINT ( 'NONE',  ( 3.395059630710561827, -6.399185804202027761, 0.3401027557426262726 ) ) ;
#725 = EDGE_CURVE ( 'NONE', #1085, #1374, #480, .T. ) ;
#726 = EDGE_LOOP ( 'NONE', ( #968, #1209, #52, #117 ) ) ;
#727 = CARTESIAN_POINT ( 'NONE',  ( -4.064990384904044518, -4.415920853415334690, 0.4279036143621212651 ) ) ;
#728 = CARTESIAN_POINT ( 'NONE',  ( -3.098463880663859360, -5.312695739885278989, -0.8730398319896189863 ) ) ;
#729 = CARTESIAN_POINT ( 'NONE',  ( -2.927874579312453207, -5.363115866843162216, -1.069559234163759420 ) ) ;
#730 = AXIS2_PLACEMENT_3D ( 'NONE', #1060, #620, #423 ) ;
#731 = CARTESIAN_POINT ( 'NONE',  ( -3.858896458608749747, -5.728231181793479010, -0.2571234786620102963 ) ) ;
#732 = DIRECTION ( 'NONE',  ( 3.151231665438300809E-16, -1.000000000000000000, 0.000000000000000000 ) ) ;
#733 = ORIENTED_EDGE ( 'NONE', *, *, #940, .F. ) ;
#734 = DIRECTION ( 'NONE',  ( 0.000000000000000000, 0.000000000000000000, -1.000000000000000000 ) ) ;
#735 = CARTESIAN_POINT ( 'NONE',  ( -3.398760292423290696, -5.841120212945067891, -1.452414682410182678 ) ) ;
#736 = CARTESIAN_POINT ( 'NONE',  ( 4.116898997151957396, -4.541371758814848114, 1.438704161592458064 ) ) ;
#737 = CARTESIAN_POINT ( 'NONE',  ( 3.110534689259010666, -6.620581447433298017, 1.027703682843684518 ) ) ;
#738 = CARTESIAN_POINT ( 'NONE',  ( -1.878896741596536524, -5.633563122307802651, -1.173865071761462708 ) ) ;
#739 = CARTESIAN_POINT ( 'NONE',  ( -4.599529730956510853, -3.852943851397659714, -0.5221646794558597593 ) ) ;
#740 = CARTESIAN_POINT ( 'NONE',  ( 4.367196971896738056, -4.130093221901200096, 0.6430543575316709504 ) ) ;
#741 = EDGE_CURVE ( 'NONE', #653, #1340, #284, .T. ) ;
#742 = CARTESIAN_POINT ( 'NONE',  ( 4.350837493836237080, -7.382684469472704514, -0.3016749876724713064 ) ) ;
#743 = ORIENTED_EDGE ( 'NONE', *, *, #725, .F. ) ;
#744 = DIRECTION ( 'NONE',  ( 1.000000000000000000, 0.000000000000000000, 0.000000000000000000 ) ) ;
#745 = CARTESIAN_POINT ( 'NONE',  ( 3.098478088207397452, -6.669104608114503563, 0.9243243458188963313 ) ) ;
#746 = PLANE ( 'NONE',  #730 ) ;
#747 = CIRCLE ( 'NONE', #956, 5.999999999999998224 ) ;
#748 = ADVANCED_FACE ( 'NONE', ( #943 ), #837, .T. ) ;
#749 = FACE_OUTER_BOUND ( 'NONE', #696, .T. ) ;
#750 =( NAMED_UNIT ( * ) SI_UNIT ( $, .STERADIAN. ) SOLID_ANGLE_UNIT ( ) );
#751 = FACE_OUTER_BOUND ( 'NONE', #180, .T. ) ;
#752 = CARTESIAN_POINT ( 'NONE',  ( 3.271735488831904348, -4.925327091238170141, 1.473498345571412571 ) ) ;
#753 = CARTESIAN_POINT ( 'NONE',  ( 3.149162506163766473, -7.382684469472703626, -0.3016749876724710844 ) ) ;
#754 = CARTESIAN_POINT ( 'NONE',  ( -4.342813149500742043, -7.380891081147987975, -2.085626299001488881 ) ) ;
#755 = CARTESIAN_POINT ( 'NONE',  ( 3.750000000000004441, -33.50000000000000000, 0.9000000000000000222 ) ) ;
#756 = VECTOR ( 'NONE', #588, 1000.000000000000000 ) ;
#757 = CARTESIAN_POINT ( 'NONE',  ( 1.851555010434640769, -5.659232620980105821, 1.110543796683564066 ) ) ;
#758 = ORIENTED_EDGE ( 'NONE', *, *, #870, .T. ) ;
#759 = EDGE_CURVE ( 'NONE', #499, #773, #997, .T. ) ;
#760 = CARTESIAN_POINT ( 'NONE',  ( 0.000000000000000000, 0.000000000000000000, -2.500000000000000000 ) ) ;
#761 = CARTESIAN_POINT ( 'NONE',  ( 4.618143373213645653, -3.830502810916979861, 0.7000000000000005107 ) ) ;
#762 = CARTESIAN_POINT ( 'NONE',  ( 3.614572651042312845, -5.332519898246506962, 1.540763097894111366 ) ) ;
#763 = FACE_OUTER_BOUND ( 'NONE', #382, .T. ) ;
#764 = CIRCLE ( 'NONE', #328, 0.9999999999999997780 ) ;
#765 = ORIENTED_EDGE ( 'NONE', *, *, #1292, .F. ) ;
#766 = DIRECTION ( 'NONE',  ( 1.000000000000000000, 0.000000000000000000, 0.000000000000000000 ) ) ;
#767 = ORIENTED_EDGE ( 'NONE', *, *, #53, .T. ) ;
#768 = ADVANCED_FACE ( 'NONE', ( #322 ), #871, .F. ) ;
#769 = CARTESIAN_POINT ( 'NONE',  ( 4.092702650312908474, -4.403024425340640313, 0.2717655829940193724 ) ) ;
#770 = EDGE_LOOP ( 'NONE', ( #743, #649, #366, #991 ) ) ;
#771 = CARTESIAN_POINT ( 'NONE',  ( -2.868760382200913561, -5.269745142747839672, 0.7000000000000000666 ) ) ;
#772 = CARTESIAN_POINT ( 'NONE',  ( -3.749999999999995115, -33.50000000000000000, -0.9000000000000000222 ) ) ;
#773 = VERTEX_POINT ( 'NONE', #220 ) ;
#774 = CARTESIAN_POINT ( 'NONE',  ( -3.809477302623688999, -4.647579280603499008, -0.1364004432594495275 ) ) ;
#775 = FACE_OUTER_BOUND ( 'NONE', #560, .T. ) ;
#776 = CIRCLE ( 'NONE', #1077, 0.9999999999999997780 ) ;
#777 = EDGE_CURVE ( 'NONE', #349, #653, #747, .T. ) ;
#778 = CARTESIAN_POINT ( 'NONE',  ( -4.568383675043323322, -3.789613658356923320, -1.186257184957276278 ) ) ;
#779 = ORIENTED_EDGE ( 'NONE', *, *, #98, .T. ) ;
#780 = B_SPLINE_CURVE_WITH_KNOTS ( 'NONE', 3,
 ( #1371, #1339, #397, #830, #69, #256, #694, #496, #1128, #1262, #1290, #96, #628, #530, #90, #211, #1285, #308, #862, #737, #1189, #1281 ),
 .UNSPECIFIED., .F., .F.,
 ( 4, 2, 2, 2, 2, 2, 2, 2, 2, 2, 4 ),
 ( 8.252424993241306108E-05, 0.0002852039305072891001, 0.0004878836110821650578, 0.0006905632916570411239, 0.0008932429722319170816, 0.001298602333381671057, 0.001703961694531424924, 0.002514680416830932224, 0.002920039777980686091, 0.003122719458555564109, 0.003325399139130442126 ),
 .UNSPECIFIED. ) ;
#781 = CARTESIAN_POINT ( 'NONE',  ( 5.387833935415919484, -4.468919946069807914, 0.7000000000000022871 ) ) ;
#782 = ORIENTED_EDGE ( 'NONE', *, *, #1191, .F. ) ;
#783 = CARTESIAN_POINT ( 'NONE',  ( 0.000000000000000000, 0.000000000000000000, 0.7000000000000000666 ) ) ;
#784 = CARTESIAN_POINT ( 'NONE',  ( -3.671052165446653248, -5.212970161450867224, -1.550000000000000266 ) ) ;
#785 = CARTESIAN_POINT ( 'NONE',  ( 3.278230105045790488, -5.052430340230906758, 0.1964308560607295751 ) ) ;
#786 = TOROIDAL_SURFACE ( 'NONE', #831, 4.199999999999999289, 1.800000000000000044 ) ;
#787 = CARTESIAN_POINT ( 'NONE',  ( 2.414736164566110954, -5.172480958001171913, 1.691241425133984233 ) ) ;
#788 = CARTESIAN_POINT ( 'NONE',  ( -3.807130702769468300, -4.115636409372867455, -1.828149700165482283 ) ) ;
#789 = ADVANCED_FACE ( 'NONE', ( #751 ), #1155, .F. ) ;
#790 = AXIS2_PLACEMENT_3D ( 'NONE', #1369, #1378, #1134 ) ;
#791 = ORIENTED_EDGE ( 'NONE', *, *, #516, .F. ) ;
#792 = CARTESIAN_POINT ( 'NONE',  ( 3.082146458646854548, -5.153581361454869558, 0.3979502308967388657 ) ) ;
#793 = CARTESIAN_POINT ( 'NONE',  ( 4.400000000000000355, -4.442963343709064539, 0.8999999999958246955 ) ) ;
#794 = AXIS2_PLACEMENT_3D ( 'NONE', #866, #413, #551 ) ;
#795 = CIRCLE ( 'NONE', #1008, 1.799999999999999600 ) ;
#796 = DIRECTION ( 'NONE',  ( 1.000000000000000000, 0.000000000000000000, 0.000000000000000000 ) ) ;
#797 = CARTESIAN_POINT ( 'NONE',  ( -4.528213359662066395, -3.796766234270362084, -1.270056987685928007 ) ) ;
#798 = CARTESIAN_POINT ( 'NONE',  ( -3.082146458647359921, -5.153581361456587295, -0.3979502308965466861 ) ) ;
#799 = UNCERTAINTY_MEASURE_WITH_UNIT (LENGTH_MEASURE( 1.000000000000000082E-05 ), #1056, 'distance_accuracy_value', 'NONE');
#800 = CARTESIAN_POINT ( 'NONE',  ( 4.019398109655626605, -5.427941329980317420, 0.2975611561543290429 ) ) ;
#801 = VERTEX_POINT ( 'NONE', #646 ) ;
#802 =( NAMED_UNIT ( * ) SI_UNIT ( $, .STERADIAN. ) SOLID_ANGLE_UNIT ( ) );
#803 = ORIENTED_EDGE ( 'NONE', *, *, #759, .F. ) ;
#804 = CARTESIAN_POINT ( 'NONE',  ( -4.363939807688288930, -4.564374065845342443, -0.6757604134044034039 ) ) ;
#805 = EDGE_CURVE ( 'NONE', #79, #686, #1080, .T. ) ;
#806 = CARTESIAN_POINT ( 'NONE',  ( -3.734299905296800670, -5.092630546806354630, -1.551043766304119220 ) ) ;
#807 = CARTESIAN_POINT ( 'NONE',  ( -3.025076209938978522, -5.227976943331108295, -0.6236506980461050675 ) ) ;
#808 = CARTESIAN_POINT ( 'NONE',  ( 1.794344970987192589, -5.725435415761730873, 0.7987803301311692250 ) ) ;
#809 = AXIS2_PLACEMENT_3D ( 'NONE', #174, #295, #734 ) ;
#810 = CARTESIAN_POINT ( 'NONE',  ( -3.697868643776091258, -4.728126610059157464, 0.6594198357212398554 ) ) ;
#811 = CARTESIAN_POINT ( 'NONE',  ( -3.139571137259564271, -6.645829086095551119, -0.6641359572598539707 ) ) ;
#812 = CARTESIAN_POINT ( 'NONE',  ( -4.230638252235676688, -4.452619256813749260, -1.340489915985304092 ) ) ;
#813 = CARTESIAN_POINT ( 'NONE',  ( -1.796844634690966336, -5.724644298955402277, -0.7834277489742191847 ) ) ;
#814 = CARTESIAN_POINT ( 'NONE',  ( -4.401745210711646372, -4.432541359607953702, -0.9320696233052179203 ) ) ;
#815 = CARTESIAN_POINT ( 'NONE',  ( 3.104792692108881536, -6.673736173660101301, 0.8212121212121212821 ) ) ;
#816 = CARTESIAN_POINT ( 'NONE',  ( -4.170095707737353052, -4.316001531514356948, 0.3269257349583220562 ) ) ;
#817 = CARTESIAN_POINT ( 'NONE',  ( -4.116898997151968054, -4.541371758814849002, -1.438704161592450514 ) ) ;
#818 = CARTESIAN_POINT ( 'NONE',  ( -1.977151124142592309, -5.665194096149916092, -0.08399587917075333754 ) ) ;
#819 = CARTESIAN_POINT ( 'NONE',  ( 4.388365292824195407, -4.489859442835151704, 0.7651816988959264654 ) ) ;
#820 = ADVANCED_FACE ( 'NONE', ( #11 ), #1296, .F. ) ;
#821 = ORIENTED_EDGE ( 'NONE', *, *, #917, .F. ) ;
#822 = B_SPLINE_CURVE_WITH_KNOTS ( 'NONE', 3,
 ( #387, #524, #955, #1260, #178, #948, #818, #702, #282, #396 ),
 .UNSPECIFIED., .F., .F.,
 ( 4, 2, 2, 2, 4 ),
 ( 0.002955500956989544695, 0.003434867999688557497, 0.003914235042387570300, 0.004393602085086583536, 0.004872969127785595905 ),
 .UNSPECIFIED. ) ;
#823 = VECTOR ( 'NONE', #450, 1000.000000000000000 ) ;
#824 = ORIENTED_EDGE ( 'NONE', *, *, #330, .F. ) ;
#825 = CARTESIAN_POINT ( 'NONE',  ( -3.749999999999998224, -6.818403728272096842, -0.2500000000000000000 ) ) ;
#826 = CARTESIAN_POINT ( 'NONE',  ( -3.094469123328958293, -6.682030086550373227, -0.9057535776238144765 ) ) ;
#827 = CARTESIAN_POINT ( 'NONE',  ( -3.070210141085751410, -5.279595115754694312, -0.7738100098235346502 ) ) ;
#828 = DIRECTION ( 'NONE',  ( 1.000000000000000000, 0.000000000000000000, 0.000000000000000000 ) ) ;
#829 = CARTESIAN_POINT ( 'NONE',  ( -1.926643061660452183, -5.590339134213998307, -1.258651456668204993 ) ) ;
#830 = CARTESIAN_POINT ( 'NONE',  ( 4.348597697308976606, -4.405112078351283600, 1.162282608263593309 ) ) ;
#831 = AXIS2_PLACEMENT_3D ( 'NONE', #144, #1013, #796 ) ;
#832 = ADVANCED_FACE ( 'NONE', ( #775 ), #146, .T. ) ;
#833 = ORIENTED_EDGE ( 'NONE', *, *, #126, .F. ) ;
#834 = CARTESIAN_POINT ( 'NONE',  ( -3.099999999999998312, -6.818403728272096842, -0.9000000000000000222 ) ) ;
#835 = DIRECTION ( 'NONE',  ( 0.000000000000000000, -0.9893359308902215377, -0.1456516936035377463 ) ) ;
#836 = CARTESIAN_POINT ( 'NONE',  ( -3.020026088105685957, -5.376886660666362339, -0.6873666107226718003 ) ) ;
#837 = TOROIDAL_SURFACE ( 'NONE', #70, 4.199999999999999289, 1.800000000000000044 ) ;
#838 = FACE_OUTER_BOUND ( 'NONE', #926, .T. ) ;
#839 = CARTESIAN_POINT ( 'NONE',  ( -3.166445108557890631, -7.958383052947281655, -0.9000000000000001332 ) ) ;
#840 = CARTESIAN_POINT ( 'NONE',  ( -2.414736164566106513, -5.172480958001173690, -1.691241425133983789 ) ) ;
#841 = EDGE_LOOP ( 'NONE', ( #1201, #223, #865, #1020 ) ) ;
#842 = DIRECTION ( 'NONE',  ( -0.000000000000000000, -0.000000000000000000, -1.000000000000000000 ) ) ;
#843 = CARTESIAN_POINT ( 'NONE',  ( 3.100000000000001421, -6.670076706720231563, 0.9000000000000006883 ) ) ;
#844 = EDGE_CURVE ( 'NONE', #1274, #1364, #587, .T. ) ;
#845 = CARTESIAN_POINT ( 'NONE',  ( -1.828659006884018279, -5.714575390691182477, -0.5258209369289486013 ) ) ;
#846 = DIRECTION ( 'NONE',  ( 0.000000000000000000, 0.000000000000000000, -1.000000000000000000 ) ) ;
#847 = CARTESIAN_POINT ( 'NONE',  ( 4.230638252235662478, -4.452619256813804327, 1.340489915985319636 ) ) ;
#848 = CARTESIAN_POINT ( 'NONE',  ( 4.333290462464080228, -7.957615341307306522, 0.8999999999999999112 ) ) ;
#849 = CARTESIAN_POINT ( 'NONE',  ( -3.157186850499253516, -7.380891081147987975, -2.085626299001488881 ) ) ;
#850 = CARTESIAN_POINT ( 'NONE',  ( 0.000000000000000000, 0.000000000000000000, 0.7000000000000000666 ) ) ;
#851 = ADVANCED_FACE ( 'NONE', ( #1102 ), #1142, .F. ) ;
#852 = CARTESIAN_POINT ( 'NONE',  ( 2.987644258481550352, -5.276350721621082762, 1.195500176892561495 ) ) ;
#853 = CARTESIAN_POINT ( 'NONE',  ( -4.199999999999999289, 5.143516556418881942E-16, 0.7000000000000000666 ) ) ;
#854 = B_SPLINE_CURVE_WITH_KNOTS ( 'NONE', 3,
 ( #22, #245, #452, #344 ),
 .UNSPECIFIED., .F., .F.,
 ( 4, 4 ),
 ( 0.000000000000000000, 1.000000000000000000 ),
 .UNSPECIFIED. ) ;
#855 = CARTESIAN_POINT ( 'NONE',  ( 3.100000000000001421, -6.818546254568505383, 0.9000000000000001332 ) ) ;
#856 = CARTESIAN_POINT ( 'NONE',  ( 2.144860670928519841, -5.400980601429326455, 1.505497803801313150 ) ) ;
#857 = CARTESIAN_POINT ( 'NONE',  ( 3.350000000000001865, -8.500000000000000000, 0.1000000000000007966 ) ) ;
#858 = CARTESIAN_POINT ( 'NONE',  ( 2.615527074609841129, -5.401456960770877558, -0.6032727364731629294 ) ) ;
#859 = ORIENTED_EDGE ( 'NONE', *, *, #304, .T. ) ;
#860 = CARTESIAN_POINT ( 'NONE',  ( 3.908802046555798437, -5.634860543475917360, 0.2696969696965675900 ) ) ;
#861 = CARTESIAN_POINT ( 'NONE',  ( 3.717611292009593615, -4.471010965791823999, 1.579622056834103949 ) ) ;
#862 = CARTESIAN_POINT ( 'NONE',  ( 3.139104966669474361, -6.532530116312439183, 1.128103863415343522 ) ) ;
#863 = CARTESIAN_POINT ( 'NONE',  ( -3.974221553912145488, -4.018651205522860259, -1.772999495013384275 ) ) ;
#864 = ADVANCED_FACE ( 'NONE', ( #25 ), #444, .F. ) ;
#865 = ORIENTED_EDGE ( 'NONE', *, *, #1050, .F. ) ;
#866 = CARTESIAN_POINT ( 'NONE',  ( 0.000000000000000000, 0.000000000000000000, 0.000000000000000000 ) ) ;
#867 = CARTESIAN_POINT ( 'NONE',  ( 0.000000000000000000, 0.000000000000000000, -0.7000000000000000666 ) ) ;
#868 =( BOUNDED_SURFACE ( )  B_SPLINE_SURFACE ( 3, 2, ( 
 ( #596, #798, #270 ),
 ( #1126, #1230, #701 ),
 ( #1150, #610, #476 ),
 ( #692, #807, #709 ),
 ( #59, #720, #49 ),
 ( #484, #460, #897 ),
 ( #352, #827, #1159 ),
 ( #1258, #1269, #502 ),
 ( #845, #290, #938 ),
 ( #1367, #728, #81 ) ),
 .UNSPECIFIED., .F., .F., .F. ) 
 B_SPLINE_SURFACE_WITH_KNOTS ( ( 4, 2, 2, 2, 4 ),
 ( 3, 3 ),
 ( 0.003273303373817321258, 0.003787956850373967732, 0.004302610326930613772, 0.004817263803487259813, 0.005331917280043906721 ),
 ( 0.000000000000000000, 1.000000000000000000 ),
 .UNSPECIFIED. ) 
 GEOMETRIC_REPRESENTATION_ITEM ( )  RATIONAL_B_SPLINE_SURFACE ( (
 ( 1.000000000000000000, 0.6645255662736119229, 1.000000000000000000),
 ( 1.000000000000000000, 0.6502090468369127185, 1.000000000000000000),
 ( 1.000000000000000000, 0.6379696756506205713, 1.000000000000000000),
 ( 1.000000000000000000, 0.6183218145242985742, 1.000000000000000000),
 ( 1.000000000000000000, 0.6107496226410851214, 1.000000000000000000),
 ( 1.000000000000000000, 0.6001766791849636462, 1.000000000000000000),
 ( 1.000000000000000000, 0.5969612478179293635, 1.000000000000000000),
 ( 1.000000000000000000, 0.5930018143681141662, 1.000000000000000000),
 ( 1.000000000000000000, 0.5922085807827878190, 1.000000000000000000),
 ( 1.000000000000000000, 0.5918136604986632410, 1.000000000000000000) ) ) 
 REPRESENTATION_ITEM ( '' )  SURFACE ( )  );
#869 = CARTESIAN_POINT ( 'NONE',  ( 1.825006588681712394, -5.685219151822876071, 1.032703869913712769 ) ) ;
#870 = EDGE_CURVE ( 'NONE', #380, #242, #822, .T. ) ;
#871 = PLANE ( 'NONE',  #1386 ) ;
#872 = ORIENTED_EDGE ( 'NONE', *, *, #1372, .T. ) ;
#873 = CARTESIAN_POINT ( 'NONE',  ( 4.411091028985030249, -4.074274797522021707, 0.8836552047564467660 ) ) ;
#874 = CARTESIAN_POINT ( 'NONE',  ( 3.360014422557904723, -4.418653711949092511, 1.890753719973944591 ) ) ;
#875 = CARTESIAN_POINT ( 'NONE',  ( -4.633885371847679124, -3.811523890847896556, -0.7966854234028050152 ) ) ;
#876 =( BOUNDED_SURFACE ( )  B_SPLINE_SURFACE ( 3, 3, ( 
 ( #471, #42, #1239, #924 ),
 ( #283, #506, #1231, #582 ),
 ( #713, #1141, #51, #1053 ),
 ( #390, #941, #172, #1016 ) ),
 .UNSPECIFIED., .F., .F., .F. ) 
 B_SPLINE_SURFACE_WITH_KNOTS ( ( 4, 4 ),
 ( 4, 4 ),
 ( 0.000000000000000000, 1.000000000000000000 ),
 ( 0.000000000000000000, 1.000000000000000000 ),
 .UNSPECIFIED. ) 
 GEOMETRIC_REPRESENTATION_ITEM ( )  RATIONAL_B_SPLINE_SURFACE ( (
 ( 1.000000000000000000, 0.3333333333333334259, 0.3333333333333334259, 1.000000000000000000),
 ( 1.000000000000000000, 0.3333333333333334259, 0.3333333333333334259, 1.000000000000000000),
 ( 1.000000000000000000, 0.3333333333333334259, 0.3333333333333334259, 1.000000000000000000),
 ( 1.000000000000000000, 0.3333333333333334259, 0.3333333333333334259, 1.000000000000000000) ) ) 
 REPRESENTATION_ITEM ( '' )  SURFACE ( )  );
#877 = EDGE_LOOP ( 'NONE', ( #883, #165, #257, #517, #591 ) ) ;
#878 = CARTESIAN_POINT ( 'NONE',  ( -4.399999999999997691, -6.818403728272097730, 0.3999999999999989120 ) ) ;
#879 = VERTEX_POINT ( 'NONE', #722 ) ;
#880 = EDGE_CURVE ( 'NONE', #653, #425, #1308, .T. ) ;
#881 = CARTESIAN_POINT ( 'NONE',  ( 3.421541526668383071, -4.931790516618455911, 0.1469338477634340168 ) ) ;
#882 = UNCERTAINTY_MEASURE_WITH_UNIT (LENGTH_MEASURE( 1.000000000000000082E-05 ), #599, 'distance_accuracy_value', 'NONE');
#883 = ORIENTED_EDGE ( 'NONE', *, *, #1079, .T. ) ;
#884 = DIRECTION ( 'NONE',  ( 0.000000000000000000, 0.000000000000000000, -1.000000000000000000 ) ) ;
#885 = AXIS2_PLACEMENT_3D ( 'NONE', #1048, #1356, #706 ) ;
#886 = ORIENTED_EDGE ( 'NONE', *, *, #940, .T. ) ;
#887 = CARTESIAN_POINT ( 'NONE',  ( -3.968173155141279551, -5.523780429609218778, -0.2846552565782314304 ) ) ;
#888 = ADVANCED_FACE ( 'NONE', ( #1270 ), #619, .T. ) ;
#889 = CIRCLE ( 'NONE', #1254, 0.9999999999999996669 ) ;
#890 = CARTESIAN_POINT ( 'NONE',  ( 0.000000000000000000, 0.000000000000000000, 0.7000000000000000666 ) ) ;
#891 = B_SPLINE_CURVE_WITH_KNOTS ( 'NONE', 3,
 ( #167, #920, #811, #1257, #501, #699, #1366, #946 ),
 .UNSPECIFIED., .F., .F.,
 ( 4, 2, 2, 4 ),
 ( 0.000000000000000000, 0.0002461499237568177609, 0.0004922998475136355218, 0.0009845996950272727782 ),
 .UNSPECIFIED. ) ;
#892 = DIRECTION ( 'NONE',  ( 1.561251128379126138E-16, -1.000000000000000000, 0.000000000000000000 ) ) ;
#893 = ORIENTED_EDGE ( 'NONE', *, *, #656, .T. ) ;
#894 = CYLINDRICAL_SURFACE ( 'NONE', #464, 0.6500000000000000222 ) ;
#895 = CARTESIAN_POINT ( 'NONE',  ( -3.405418353360606165, -5.825807642744434744, -1.456261288323340342 ) ) ;
#896 = CARTESIAN_POINT ( 'NONE',  ( 4.025925193857363915, -5.406012686253582444, 0.3083184697552759923 ) ) ;
#897 = CARTESIAN_POINT ( 'NONE',  ( -3.226586236248952577, -6.568991071977237972, -0.5090749051707236239 ) ) ;
#898 = CARTESIAN_POINT ( 'NONE',  ( 3.104792692108881536, -6.673736173660101301, 0.8212121212121212821 ) ) ;
#899 = ORIENTED_EDGE ( 'NONE', *, *, #375, .F. ) ;
#900 = AXIS2_PLACEMENT_3D ( 'NONE', #963, #1175, #292 ) ;
#901 = CARTESIAN_POINT ( 'NONE',  ( -3.349999999999997868, -8.500000000000000000, -0.09999999999999895084 ) ) ;
#902 = ORIENTED_EDGE ( 'NONE', *, *, #985, .T. ) ;
#903 = DIRECTION ( 'NONE',  ( 0.000000000000000000, 0.000000000000000000, -1.000000000000000000 ) ) ;
#904 = CARTESIAN_POINT ( 'NONE',  ( 4.395596047567418729, -4.409068080505175402, 1.026877661967478428 ) ) ;
#905 = CARTESIAN_POINT ( 'NONE',  ( -4.388796601229642214, -4.107008619028452046, -0.7687137566113030340 ) ) ;
#906 = CARTESIAN_POINT ( 'NONE',  ( 1.869728042412459157, -5.701610091133710867, 0.3605195994079478106 ) ) ;
#907 = CARTESIAN_POINT ( 'NONE',  ( 4.568383675043321546, -3.789613658356921544, 1.186257184957275168 ) ) ;
#908 = CARTESIAN_POINT ( 'NONE',  ( 4.395207307891119797, -4.468919946069808802, 0.8212121212121225033 ) ) ;
#909 = ORIENTED_EDGE ( 'NONE', *, *, #314, .F. ) ;
#910 = ADVANCED_FACE ( 'NONE', ( #1052 ), #76, .T. ) ;
#911 = AXIS2_PLACEMENT_3D ( 'NONE', #139, #35, #1009 ) ;
#912 = ORIENTED_EDGE ( 'NONE', *, *, #664, .T. ) ;
#913 = CARTESIAN_POINT ( 'NONE',  ( -4.148016323086107349, -4.337250661494723936, 0.3495901693936929733 ) ) ;
#914 = CARTESIAN_POINT ( 'NONE',  ( -4.194970845264800019, -4.125661445135343719, -1.381046978950251303 ) ) ;
#915 = CARTESIAN_POINT ( 'NONE',  ( -4.323805199020762657, -4.410310678987434230, -1.210951410932201266 ) ) ;
#916 = ORIENTED_EDGE ( 'NONE', *, *, #1404, .F. ) ;
#917 = EDGE_CURVE ( 'NONE', #1063, #773, #764, .T. ) ;
#918 = ORIENTED_EDGE ( 'NONE', *, *, #664, .F. ) ;
#919 = CARTESIAN_POINT ( 'NONE',  ( -4.434765944238731272, -4.042449250615040235, -0.04937411749322486582 ) ) ;
#920 = CARTESIAN_POINT ( 'NONE',  ( -3.114698149490052526, -6.665778169755759208, -0.7400946499886023044 ) ) ;
#921 = CARTESIAN_POINT ( 'NONE',  ( -3.519484812263820483, -4.660717714146410451, -1.562140160453671323 ) ) ;
#922 = CARTESIAN_POINT ( 'NONE',  ( 4.633885371847680013, -3.811523890847893004, 0.7966854234028056814 ) ) ;
#923 = CARTESIAN_POINT ( 'NONE',  ( -1.851555010434658310, -5.659232620980096051, -1.110543796683580720 ) ) ;
#924 = CARTESIAN_POINT ( 'NONE',  ( 3.100000000000000977, -6.818546254568507159, 0.9000000000000001332 ) ) ;
#925 = ADVANCED_BREP_SHAPE_REPRESENTATION ( 'S10K275', ( #721, #794 ), #1397 ) ;
#926 = EDGE_LOOP ( 'NONE', ( #859, #886 ) ) ;
#927 = DIRECTION ( 'NONE',  ( 0.7889185337104748230, 0.5814638541966719032, 0.1987645175348605187 ) ) ;
#928 = CARTESIAN_POINT ( 'NONE',  ( -3.749999999999998224, -6.818403728272096842, -0.9000000000000000222 ) ) ;
#929 = CARTESIAN_POINT ( 'NONE',  ( -4.263313092778505897, -4.434552789640706649, -1.302017562935746886 ) ) ;
#930 = CARTESIAN_POINT ( 'NONE',  ( 1.977151124142594973, -5.665194096149915204, 0.08399587917075300447 ) ) ;
#931 = CARTESIAN_POINT ( 'NONE',  ( -2.082564952317659923, -5.454309564971171476, -1.449314245950059643 ) ) ;
#932 = CARTESIAN_POINT ( 'NONE',  ( -4.370216655234780312, -4.405834503987564155, -1.103161233884232262 ) ) ;
#933 =( BOUNDED_SURFACE ( )  B_SPLINE_SURFACE ( 3, 3, ( 
 ( #85, #193, #647, #981 ),
 ( #636, #753, #742, #1391 ),
 ( #410, #418, #1406, #848 ),
 ( #299, #857, #312, #1380 ) ),
 .UNSPECIFIED., .F., .F., .F. ) 
 B_SPLINE_SURFACE_WITH_KNOTS ( ( 4, 4 ),
 ( 4, 4 ),
 ( 0.000000000000000000, 1.000000000000000000 ),
 ( 0.000000000000000000, 1.000000000000000000 ),
 .UNSPECIFIED. ) 
 GEOMETRIC_REPRESENTATION_ITEM ( )  RATIONAL_B_SPLINE_SURFACE ( (
 ( 1.000000000000000000, 0.3333333333333334259, 0.3333333333333334259, 1.000000000000000000),
 ( 1.000000000000000000, 0.3333333333333334259, 0.3333333333333334259, 1.000000000000000000),
 ( 1.000000000000000000, 0.3333333333333334259, 0.3333333333333334259, 1.000000000000000000),
 ( 1.000000000000000000, 0.3333333333333334259, 0.3333333333333334259, 1.000000000000000000) ) ) 
 REPRESENTATION_ITEM ( '' )  SURFACE ( )  );
#934 = CARTESIAN_POINT ( 'NONE',  ( 3.139571137259568712, -6.645829086095552007, 0.6641359572598531935 ) ) ;
#935 = ORIENTED_EDGE ( 'NONE', *, *, #1203, .T. ) ;
#936 = CARTESIAN_POINT ( 'NONE',  ( -4.618143373213643876, -3.830502810916980749, -0.7000000000000000666 ) ) ;
#937 = AXIS2_PLACEMENT_3D ( 'NONE', #182, #547, #196 ) ;
#938 = CARTESIAN_POINT ( 'NONE',  ( -3.113173035698109548, -6.667003441152704823, -0.7525840656076706603 ) ) ;
#939 = DIRECTION ( 'NONE',  ( 1.214306433183764966E-16, -1.000000000000000000, 0.000000000000000000 ) ) ;
#940 = EDGE_CURVE ( 'NONE', #1223, #425, #1157, .T. ) ;
#941 = CARTESIAN_POINT ( 'NONE',  ( 4.150000000000000355, -8.500000000000001776, 1.699999999999998401 ) ) ;
#942 = CARTESIAN_POINT ( 'NONE',  ( -1.794344970987189924, -5.725435415761731761, -0.7987803301311690030 ) ) ;
#943 = FACE_OUTER_BOUND ( 'NONE', #437, .T. ) ;
#944 = CIRCLE ( 'NONE', #84, 5.999999999999998224 ) ;
#945 = ORIENTED_EDGE ( 'NONE', *, *, #680, .F. ) ;
#946 = CARTESIAN_POINT ( 'NONE',  ( -3.591197953435805168, -6.148035999872513813, -0.2696969696985722087 ) ) ;
#947 = DIRECTION ( 'NONE',  ( 0.1199382000135067738, -0.1446002864190424342, 0.9821942706741122464 ) ) ;
#948 = CARTESIAN_POINT ( 'NONE',  ( -2.053926284489803855, -5.638378393616143569, 0.05771397679373718032 ) ) ;
#949 = B_SPLINE_CURVE_WITH_KNOTS ( 'NONE', 3,
 ( #676, #808, #50, #996, #263, #454, #138, #787, #339, #234, #1321, #346, #1220, #34, #241, #41, #572, #353, #470, #907, #1338, #710, #922, #625 ),
 .UNSPECIFIED., .F., .F.,
 ( 4, 2, 2, 2, 2, 2, 2, 2, 2, 2, 2, 4 ),
 ( 1.084202172485504314E-19, 0.0002956250507102006764, 0.0005912501014204008106, 0.001182500202840800537, 0.001773750304261200589, 0.002365000405681600641, 0.002956250507102000692, 0.003547500608522400744, 0.003843125659232600987, 0.004138750709942800796, 0.004434375760653000605, 0.004730000811363200414 ),
 .UNSPECIFIED. ) ;
#950 = DIRECTION ( 'NONE',  ( 1.445817285637162992E-16, -1.000000000000000000, -0.000000000000000000 ) ) ;
#951 = CARTESIAN_POINT ( 'NONE',  ( -3.749999999999998224, -6.818403728272096842, -0.9000000000000000222 ) ) ;
#952 = DIRECTION ( 'NONE',  ( -0.000000000000000000, -1.000000000000000000, -0.000000000000000000 ) ) ;
#953 = CARTESIAN_POINT ( 'NONE',  ( -3.699691009370407624, -5.991295450944643441, -0.2500000000009265366 ) ) ;
#954 = DIRECTION ( 'NONE',  ( -1.000000000000000000, 0.000000000000000000, 0.000000000000000000 ) ) ;
#955 = CARTESIAN_POINT ( 'NONE',  ( -2.597879007101357107, -5.410093101927508918, 0.5944654518839179724 ) ) ;
#956 = AXIS2_PLACEMENT_3D ( 'NONE', #850, #1088, #554 ) ;
#957 = CARTESIAN_POINT ( 'NONE',  ( -3.908802046555795773, -5.634860543475918249, -0.2696969696965672569 ) ) ;
#958 = LINE ( 'NONE', #1394, #1171 ) ;
#959 = ADVANCED_FACE ( 'NONE', ( #1245 ), #1153, .T. ) ;
#960 = ORIENTED_EDGE ( 'NONE', *, *, #691, .F. ) ;
#961 = CARTESIAN_POINT ( 'NONE',  ( -1.810428055357781174, -5.720345291708659019, -0.7000000000000000666 ) ) ;
#962 = CARTESIAN_POINT ( 'NONE',  ( 3.398760292423362639, -5.841120212945180690, 1.452414682410215097 ) ) ;
#963 = CARTESIAN_POINT ( 'NONE',  ( 3.750000000000004441, -33.50000000000000000, 0.9000000000000000222 ) ) ;
#964 = CARTESIAN_POINT ( 'NONE',  ( -3.157186850499253516, -7.380891081147987975, -0.9000000000000001332 ) ) ;
#965 = PRODUCT_DEFINITION_CONTEXT ( 'detailed design', #642, 'design' ) ;
#966 = COLOUR_RGB ( '',0.7921568627450980005, 0.8196078431372548767, 0.9333333333333333481 ) ;
#967 = ORIENTED_EDGE ( 'NONE', *, *, #98, .F. ) ;
#968 = ORIENTED_EDGE ( 'NONE', *, *, #703, .F. ) ;
#969 = STYLED_ITEM ( 'NONE', ( #498 ), #721 ) ;
#970 = CARTESIAN_POINT ( 'NONE',  ( 3.591197953435807833, -6.148035999872512036, 0.2696969696985725418 ) ) ;
#971 = CARTESIAN_POINT ( 'NONE',  ( 2.997736044266183342, -4.693298322630421460, 1.874212311506083806 ) ) ;
#972 = CARTESIAN_POINT ( 'NONE',  ( -3.749999999999998224, -6.818403728272096842, -0.9000000000000000222 ) ) ;
#973 = CARTESIAN_POINT ( 'NONE',  ( -3.099999999999998757, -6.818403728272097730, -2.199999999999998845 ) ) ;
#974 = ORIENTED_EDGE ( 'NONE', *, *, #24, .F. ) ;
#975 = LINE ( 'NONE', #201, #1112 ) ;
#976 = PRODUCT_DEFINITION_SHAPE ( 'NONE', 'NONE',  #83 ) ;
#977 = B_SPLINE_CURVE_WITH_KNOTS ( 'NONE', 3,
 ( #86, #1275, #373, #1256, #602, #303, #1156, #631, #717, #1070 ),
 .UNSPECIFIED., .F., .F.,
 ( 4, 2, 2, 2, 4 ),
 ( 6.505213034913026604E-19, 0.0005320597310332701420, 0.001064119462066540067, 0.001596179193099809884, 0.002128238924133080134 ),
 .UNSPECIFIED. ) ;
#978 = CARTESIAN_POINT ( 'NONE',  ( 4.395207307891119797, -4.468919946069810578, 0.8212121212121216152 ) ) ;
#979 = CARTESIAN_POINT ( 'NONE',  ( 1.926643061660474610, -5.590339134213984984, 1.258651456668220092 ) ) ;
#980 = EDGE_CURVE ( 'NONE', #639, #79, #1044, .T. ) ;
#981 = CARTESIAN_POINT ( 'NONE',  ( 4.400000000000001243, -6.818546254568506271, 0.8999999999999999112 ) ) ;
#982 = FILL_AREA_STYLE ('',( #438 ) ) ;
#983 = CARTESIAN_POINT ( 'NONE',  ( 2.822373465429654615, -4.835297021966210806, 1.839701953601752704 ) ) ;
#984 = CARTESIAN_POINT ( 'NONE',  ( 2.380399279880289320, -5.509121385976413876, -0.4421371953967338508 ) ) ;
#985 = EDGE_CURVE ( 'NONE', #1092, #123, #1178, .T. ) ;
#986 = CARTESIAN_POINT ( 'NONE',  ( 3.915618499664788033, -4.054872917820303790, 1.786270324634481543 ) ) ;
#987 = DIRECTION ( 'NONE',  ( 1.224646799147353207E-16, 1.000000000000000000, -0.000000000000000000 ) ) ;
#988 = ORIENTED_EDGE ( 'NONE', *, *, #261, .F. ) ;
#989 = AXIS2_PLACEMENT_3D ( 'NONE', #280, #395, #828 ) ;
#990 = CARTESIAN_POINT ( 'NONE',  ( 3.104792692108881980, -6.673736173660101301, 0.8212121212121212821 ) ) ;
#991 = ORIENTED_EDGE ( 'NONE', *, *, #1135, .F. ) ;
#992 = ADVANCED_FACE ( 'NONE', ( #1255 ), #61, .T. ) ;
#993 = CARTESIAN_POINT ( 'NONE',  ( -5.999999999999998224, 0.000000000000000000, 0.7000000000000000666 ) ) ;
#994 = ORIENTED_EDGE ( 'NONE', *, *, #53, .F. ) ;
#995 = CARTESIAN_POINT ( 'NONE',  ( 3.968173155141235142, -5.523780429609257858, 0.2846552565782204947 ) ) ;
#996 = CARTESIAN_POINT ( 'NONE',  ( 1.840772463151706617, -5.669219173466328421, 1.086771472545396522 ) ) ;
#997 = B_SPLINE_CURVE_WITH_KNOTS ( 'NONE', 3,
 ( #815, #497, #934, #623, #392, #724, #426, #970 ),
 .UNSPECIFIED., .F., .F.,
 ( 4, 2, 2, 4 ),
 ( 0.000000000000000000, 0.0002461499237568177609, 0.0004922998475136355218, 0.0009845996950272725614 ),
 .UNSPECIFIED. ) ;
#998 = DIRECTION ( 'NONE',  ( -0.1199382000135047199, -0.1446002864190445436, -0.9821942706741121354 ) ) ;
#999 = ORIENTED_EDGE ( 'NONE', *, *, #415, .T. ) ;
#1000 = CARTESIAN_POINT ( 'NONE',  ( -4.598114683337354514, -3.854649865753416726, -0.5086455745740419143 ) ) ;
#1001 = CARTESIAN_POINT ( 'NONE',  ( 3.700933675443718762, -5.996392664203388456, 0.2420495423529039070 ) ) ;
#1002 = CARTESIAN_POINT ( 'NONE',  ( 3.031910100437385847, -5.197177472002731058, 0.5178883795767348364 ) ) ;
#1003 = AXIS2_PLACEMENT_3D ( 'NONE', #1228, #689, #661 ) ;
#1004 = CARTESIAN_POINT ( 'NONE',  ( -4.399999999999997691, -6.818403728272096842, -0.9000000000000000222 ) ) ;
#1005 = CARTESIAN_POINT ( 'NONE',  ( -3.421541526668380406, -4.931790516618457687, -0.1469338477634338225 ) ) ;
#1006 = CARTESIAN_POINT ( 'NONE',  ( -4.340784693917603576, -4.066507834008971756, -1.177645834149339876 ) ) ;
#1007 =( BOUNDED_SURFACE ( )  B_SPLINE_SURFACE ( 3, 3, ( 
 ( #127, #236, #878, #1004 ),
 ( #1207, #332, #1215, #133 ),
 ( #247, #562, #28, #1200 ),
 ( #466, #901, #356, #687 ) ),
 .UNSPECIFIED., .F., .F., .F. ) 
 B_SPLINE_SURFACE_WITH_KNOTS ( ( 4, 4 ),
 ( 4, 4 ),
 ( 0.000000000000000000, 1.000000000000000000 ),
 ( 0.000000000000000000, 1.000000000000000000 ),
 .UNSPECIFIED. ) 
 GEOMETRIC_REPRESENTATION_ITEM ( )  RATIONAL_B_SPLINE_SURFACE ( (
 ( 1.000000000000000000, 0.3333333333333334259, 0.3333333333333334259, 1.000000000000000000),
 ( 1.000000000000000000, 0.3333333333333334259, 0.3333333333333334259, 1.000000000000000000),
 ( 1.000000000000000000, 0.3333333333333334259, 0.3333333333333334259, 1.000000000000000000),
 ( 1.000000000000000000, 0.3333333333333334259, 0.3333333333333334259, 1.000000000000000000) ) ) 
 REPRESENTATION_ITEM ( '' )  SURFACE ( )  );
#1008 = AXIS2_PLACEMENT_3D ( 'NONE', #1295, #987, #1325 ) ;
#1009 = DIRECTION ( 'NONE',  ( 1.000000000000000000, 0.000000000000000000, 0.000000000000000000 ) ) ;
#1010 = EDGE_LOOP ( 'NONE', ( #654, #1353, #1326, #135, #1293, #17, #21, #733 ) ) ;
#1011 = CARTESIAN_POINT ( 'NONE',  ( 3.350000000000004530, -33.50000000000000000, 0.9000000000000000222 ) ) ;
#1012 = EDGE_LOOP ( 'NONE', ( #912, #1164, #583, #974, #601, #779, #1206 ) ) ;
#1013 = DIRECTION ( 'NONE',  ( 0.000000000000000000, 0.000000000000000000, 1.000000000000000000 ) ) ;
#1014 = DIRECTION ( 'NONE',  ( 0.9926266275248000204, 0.000000000000000000, 0.1212121212121211461 ) ) ;
#1015 = ADVANCED_FACE ( 'NONE', ( #486 ), #876, .F. ) ;
#1016 = CARTESIAN_POINT ( 'NONE',  ( 3.350000000000002309, -8.500000000000003553, 0.9000000000000001332 ) ) ;
#1017 = VERTEX_POINT ( 'NONE', #1043 ) ;
#1018 = AXIS2_PLACEMENT_3D ( 'NONE', #199, #1067, #428 ) ;
#1019 = CARTESIAN_POINT ( 'NONE',  ( -3.807664299082058612, -5.824083754910501121, -0.2442157638149578258 ) ) ;
#1020 = ORIENTED_EDGE ( 'NONE', *, *, #541, .F. ) ;
#1021 = CARTESIAN_POINT ( 'NONE',  ( -3.814650422615719183, -4.633725161150326954, 0.6019608065734254332 ) ) ;
#1022 = CARTESIAN_POINT ( 'NONE',  ( 4.340784693917605352, -4.066507834009027711, 1.177645834149313897 ) ) ;
#1023 = CARTESIAN_POINT ( 'NONE',  ( 2.868760382200531200, -5.269745142748048394, -0.6999999999971189268 ) ) ;
#1024 = CARTESIAN_POINT ( 'NONE',  ( 2.112166064584081404, -6.673736173660101301, 0.7000000000000000666 ) ) ;
#1025 = CARTESIAN_POINT ( 'NONE',  ( 4.375765269909449806, -4.528100370746991565, 0.7192058634493603275 ) ) ;
#1026 = EDGE_CURVE ( 'NONE', #229, #607, #780, .T. ) ;
#1027 = AXIS2_PLACEMENT_3D ( 'NONE', #755, #97, #189 ) ;
#1028 = ORIENTED_EDGE ( 'NONE', *, *, #1068, .F. ) ;
#1029 = CARTESIAN_POINT ( 'NONE',  ( -4.314870119418477756, -4.185701193006464038, -0.5289717502084828604 ) ) ;
#1030 = DIRECTION ( 'NONE',  ( -0.000000000000000000, -0.000000000000000000, -1.000000000000000000 ) ) ;
#1031 = CARTESIAN_POINT ( 'NONE',  ( -3.650214099337779405, -4.533052291250481147, -1.579186137648167509 ) ) ;
#1032 = CARTESIAN_POINT ( 'NONE',  ( 0.000000000000000000, 0.000000000000000000, 2.500000000000000000 ) ) ;
#1033 = CARTESIAN_POINT ( 'NONE',  ( -2.958222613425773861, -5.419575745778607789, -0.7104534417588335149 ) ) ;
#1034 = AXIS2_PLACEMENT_3D ( 'NONE', #511, #947, #835 ) ;
#1035 = CARTESIAN_POINT ( 'NONE',  ( 4.115570664355602482, -5.215748206399851483, 0.3502994004391455363 ) ) ;
#1036 = CARTESIAN_POINT ( 'NONE',  ( 4.150000000000001243, -8.500000000000000000, 0.9000000000000000222 ) ) ;
#1037 = ADVANCED_FACE ( 'NONE', ( #838 ), #746, .T. ) ;
#1038 = ORIENTED_EDGE ( 'NONE', *, *, #446, .T. ) ;
#1039 = DIRECTION ( 'NONE',  ( -1.000000000000000000, 0.000000000000000000, 0.000000000000000000 ) ) ;
#1040 = CARTESIAN_POINT ( 'NONE',  ( -3.614572651042307960, -5.332519898246618872, -1.540763097894112033 ) ) ;
#1041 = CARTESIAN_POINT ( 'NONE',  ( -3.121538384641547648, -6.585504813163633564, -1.072791148392047367 ) ) ;
#1042 = AXIS2_PLACEMENT_3D ( 'NONE', #1365, #952, #393 ) ;
#1043 = CARTESIAN_POINT ( 'NONE',  ( -3.099999999999998312, -6.818403728272096842, -0.9000000000000000222 ) ) ;
#1044 = B_SPLINE_CURVE_WITH_KNOTS ( 'NONE', 3,
 ( #179, #78, #814, #598, #932, #915, #685, #156, #379, #149, #606, #589, #1345, #1351 ),
 .UNSPECIFIED., .F., .F.,
 ( 4, 2, 2, 2, 2, 2, 4 ),
 ( 0.000000000000000000, 0.0001741304346341126781, 0.0003482608692682253562, 0.0005223913039023380615, 0.0006965217385364507125, 0.001044782607804676340, 0.001393043477072902075 ),
 .UNSPECIFIED. ) ;
#1045 = VERTEX_POINT ( 'NONE', #1161 ) ;
#1046 = DIRECTION ( 'NONE',  ( 0.000000000000000000, 0.000000000000000000, 1.000000000000000000 ) ) ;
#1047 = ORIENTED_EDGE ( 'NONE', *, *, #985, .F. ) ;
#1048 = CARTESIAN_POINT ( 'NONE',  ( -3.749999999999995115, -33.50000000000000000, -0.9000000000000000222 ) ) ;
#1049 = VECTOR ( 'NONE', #266, 1000.000000000000000 ) ;
#1050 = EDGE_CURVE ( 'NONE', #1342, #310, #114, .T. ) ;
#1051 = CARTESIAN_POINT ( 'NONE',  ( 3.750000000000000444, -4.371320343559556676, 0.9000000000000000222 ) ) ;
#1052 = FACE_OUTER_BOUND ( 'NONE', #1172, .T. ) ;
#1053 = CARTESIAN_POINT ( 'NONE',  ( 3.166709537535922880, -7.957615341307308299, 0.9000000000000001332 ) ) ;
#1054 = ORIENTED_EDGE ( 'NONE', *, *, #462, .T. ) ;
#1055 = ORIENTED_EDGE ( 'NONE', *, *, #446, .F. ) ;
#1056 =( LENGTH_UNIT ( ) NAMED_UNIT ( * ) SI_UNIT ( .MILLI., .METRE. ) );
#1057 = CIRCLE ( 'NONE', #300, 5.999999999999998224 ) ;
#1058 = DIRECTION ( 'NONE',  ( 1.000000000000000000, 0.000000000000000000, 0.000000000000000000 ) ) ;
#1059 = APPLICATION_CONTEXT ( 'automotive_design' ) ;
#1060 = CARTESIAN_POINT ( 'NONE',  ( 0.000000000000000000, 0.000000000000000000, 2.500000000000000000 ) ) ;
#1061 = CARTESIAN_POINT ( 'NONE',  ( -4.347250192084392673, -4.612081879456920497, -0.6400752014695582082 ) ) ;
#1062 = CARTESIAN_POINT ( 'NONE',  ( 4.333290462464080228, -7.957615341307306522, 0.9000000000000000222 ) ) ;
#1063 = VERTEX_POINT ( 'NONE', #1271 ) ;
#1064 = CARTESIAN_POINT ( 'NONE',  ( -3.749999999999995115, -33.50000000000000000, -0.9000000000000000222 ) ) ;
#1065 = DIRECTION ( 'NONE',  ( -0.000000000000000000, -0.000000000000000000, -1.000000000000000000 ) ) ;
#1066 = CARTESIAN_POINT ( 'NONE',  ( -1.825006588681703956, -5.685219151822878736, -1.032703869913702110 ) ) ;
#1067 = DIRECTION ( 'NONE',  ( 1.445817285637162992E-16, -1.000000000000000000, -0.000000000000000000 ) ) ;
#1068 = EDGE_CURVE ( 'NONE', #1274, #1045, #1103, .T. ) ;
#1069 = CARTESIAN_POINT ( 'NONE',  ( -1.810428055357781174, -5.720345291708659019, -0.7000000000000000666 ) ) ;
#1070 = CARTESIAN_POINT ( 'NONE',  ( 3.559811046352176156, -4.829880465836500214, -0.7000000000000000666 ) ) ;
#1071 = CARTESIAN_POINT ( 'NONE',  ( 2.904522001200741332, -5.437624782324474104, 0.8371622758052611468 ) ) ;
#1072 = CARTESIAN_POINT ( 'NONE',  ( -4.149999999999995914, -33.50000000000000000, -0.9000000000000000222 ) ) ;
#1073 = CARTESIAN_POINT ( 'NONE',  ( 3.082146458647362586, -5.153581361456586407, 0.3979502308965471857 ) ) ;
#1074 = ORIENTED_EDGE ( 'NONE', *, *, #1203, .F. ) ;
#1075 = CARTESIAN_POINT ( 'NONE',  ( 1.796844634691037834, -5.724644298955380073, 0.7834277489742380585 ) ) ;
#1076 = DIRECTION ( 'NONE',  ( 0.000000000000000000, 0.000000000000000000, 1.000000000000000000 ) ) ;
#1077 = AXIS2_PLACEMENT_3D ( 'NONE', #659, #142, #348 ) ;
#1078 = PRESENTATION_STYLE_ASSIGNMENT (( #546 ) ) ;
#1079 = EDGE_CURVE ( 'NONE', #1364, #294, #293, .T. ) ;
#1080 = LINE ( 'NONE', #222, #1198 ) ;
#1081 = CARTESIAN_POINT ( 'NONE',  ( 3.750000000000001776, -8.500000000000000000, 0.9000000000000000222 ) ) ;
#1082 = CARTESIAN_POINT ( 'NONE',  ( -4.283413611977948676, -3.874854757819575113, -1.573485569902530079 ) ) ;
#1083 = CIRCLE ( 'NONE', #1216, 5.999999999999998224 ) ;
#1084 = ORIENTED_EDGE ( 'NONE', *, *, #422, .F. ) ;
#1085 = VERTEX_POINT ( 'NONE', #186 ) ;
#1086 = CARTESIAN_POINT ( 'NONE',  ( -3.559811046352175268, -4.829880465836500214, 0.7000000000000000666 ) ) ;
#1087 = CARTESIAN_POINT ( 'NONE',  ( 4.618143373213645653, -3.830502810916977641, 0.7000000000000006217 ) ) ;
#1088 = DIRECTION ( 'NONE',  ( -0.000000000000000000, -0.000000000000000000, -1.000000000000000000 ) ) ;
#1089 = CARTESIAN_POINT ( 'NONE',  ( 2.343869277363827219, -5.231963907369023836, 1.653895652661584226 ) ) ;
#1090 = VECTOR ( 'NONE', #175, 1000.000000000000000 ) ;
#1091 = ADVANCED_FACE ( 'NONE', ( #1170 ), #933, .F. ) ;
#1092 = VERTEX_POINT ( 'NONE', #1 ) ;
#1093 = ORIENTED_EDGE ( 'NONE', *, *, #741, .F. ) ;
#1094 = CYLINDRICAL_SURFACE ( 'NONE', #1003, 0.6500000000000000222 ) ;
#1095 = CARTESIAN_POINT ( 'NONE',  ( 3.509382806012292022, -4.872611043682327114, 0.1214873186908236175 ) ) ;
#1096 = CARTESIAN_POINT ( 'NONE',  ( 3.056893176464749562, -5.266945140193477926, 0.7443771643172553132 ) ) ;
#1097 = CARTESIAN_POINT ( 'NONE',  ( -4.618143373213643876, -3.830502810916980749, -0.7000000000000000666 ) ) ;
#1098 = ORIENTED_EDGE ( 'NONE', *, *, #336, .T. ) ;
#1099 = CARTESIAN_POINT ( 'NONE',  ( -2.868760382200913561, -5.269745142747839672, 0.7000000000000000666 ) ) ;
#1100 = ORIENTED_EDGE ( 'NONE', *, *, #314, .T. ) ;
#1101 = DIRECTION ( 'NONE',  ( 0.000000000000000000, -1.000000000000000000, 0.000000000000000000 ) ) ;
#1102 = FACE_OUTER_BOUND ( 'NONE', #214, .T. ) ;
#1103 = B_SPLINE_CURVE_WITH_KNOTS ( 'NONE', 3,
 ( #110, #537, #731, #957 ),
 .UNSPECIFIED., .F., .F.,
 ( 4, 4 ),
 ( 0.0002860901041288568163, 0.0006035734843045806406 ),
 .UNSPECIFIED. ) ;
#1104 = AXIS2_PLACEMENT_3D ( 'NONE', #1362, #371, #1120 ) ;
#1105 = CARTESIAN_POINT ( 'NONE',  ( -3.320841618199079637, -4.446171585633137191, -1.895214930083353622 ) ) ;
#1106 = CARTESIAN_POINT ( 'NONE',  ( -3.591197953435595114, -6.148035999872725199, -0.2696969696987350784 ) ) ;
#1107 = VERTEX_POINT ( 'NONE', #514 ) ;
#1108 = CARTESIAN_POINT ( 'NONE',  ( -4.550110778742351592, -3.912320625752208070, -0.3307764393009163251 ) ) ;
#1109 = CARTESIAN_POINT ( 'NONE',  ( -3.749999999999998224, -4.371320343559712107, -0.2500000000000000000 ) ) ;
#1110 = CARTESIAN_POINT ( 'NONE',  ( 3.559811046352176156, -4.829880465836500214, -0.7000000000000000666 ) ) ;
#1111 = FACE_OUTER_BOUND ( 'NONE', #1012, .T. ) ;
#1112 = VECTOR ( 'NONE', #1395, 1000.000000000000000 ) ;
#1113 = VERTEX_POINT ( 'NONE', #306 ) ;
#1114 = CARTESIAN_POINT ( 'NONE',  ( 0.000000000000000000, 0.000000000000000000, -2.500000000000000000 ) ) ;
#1115 = ORIENTED_EDGE ( 'NONE', *, *, #680, .T. ) ;
#1116 = CARTESIAN_POINT ( 'NONE',  ( -4.092702650312906698, -4.403024425340557713, -0.2717655829939978895 ) ) ;
#1117 = CARTESIAN_POINT ( 'NONE',  ( 3.421541526668615774, -4.931790516618733022, 0.1469338477633750084 ) ) ;
#1118 = AXIS2_PLACEMENT_3D ( 'NONE', #515, #1407, #194 ) ;
#1119 = DIRECTION ( 'NONE',  ( 1.445817285637162992E-16, -1.000000000000000000, -0.000000000000000000 ) ) ;
#1120 = DIRECTION ( 'NONE',  ( 1.000000000000000000, 0.000000000000000000, 0.000000000000000000 ) ) ;
#1121 = CARTESIAN_POINT ( 'NONE',  ( -3.700933675443522475, -5.996392664203180622, -0.2420495423529519241 ) ) ;
#1122 = ORIENTED_EDGE ( 'NONE', *, *, #274, .F. ) ;
#1123 = CARTESIAN_POINT ( 'NONE',  ( -4.043713916679855913, -4.435238942367092818, 0.4454011274011375199 ) ) ;
#1124 = CARTESIAN_POINT ( 'NONE',  ( -4.395207307891118020, -4.468919946069811466, -0.8212121212121215041 ) ) ;
#1125 = EDGE_CURVE ( 'NONE', #1085, #467, #221, .T. ) ;
#1126 = CARTESIAN_POINT ( 'NONE',  ( -2.740962343187971051, -5.339316239890515625, 0.6624355068946651270 ) ) ;
#1127 = DIRECTION ( 'NONE',  ( 1.000000000000000000, 0.000000000000000000, 0.000000000000000000 ) ) ;
#1128 = CARTESIAN_POINT ( 'NONE',  ( 4.061968586972913187, -4.597015600750252062, 1.472115057008216210 ) ) ;
#1129 = EDGE_LOOP ( 'NONE', ( #1055, #657, #678, #1323, #902, #665, #767, #249 ) ) ;
#1130 = ORIENTED_EDGE ( 'NONE', *, *, #164, .F. ) ;
#1131 = CARTESIAN_POINT ( 'NONE',  ( -4.367196971896662561, -4.130093221901013578, -0.6430543575316071125 ) ) ;
#1132 = CARTESIAN_POINT ( 'NONE',  ( -3.915618499664792029, -4.054872917820308231, -1.786270324634471773 ) ) ;
#1133 = DIRECTION ( 'NONE',  ( -0.4781267303663479518, 0.8782908571248967400, 0.000000000000000000 ) ) ;
#1134 = DIRECTION ( 'NONE',  ( 1.000000000000000000, 0.000000000000000000, 0.000000000000000000 ) ) ;
#1135 = EDGE_CURVE ( 'NONE', #1374, #879, #526, .T. ) ;
#1136 = VERTEX_POINT ( 'NONE', #1072 ) ;
#1137 =( NAMED_UNIT ( * ) PLANE_ANGLE_UNIT ( ) SI_UNIT ( $, .RADIAN. ) );
#1138 = DIRECTION ( 'NONE',  ( 1.000000000000000000, 1.561251128379126138E-16, 0.000000000000000000 ) ) ;
#1139 = CARTESIAN_POINT ( 'NONE',  ( -4.156924833669047636, -4.506305044265293880, -1.409368899070530201 ) ) ;
#1140 = CARTESIAN_POINT ( 'NONE',  ( -3.333305995342257688, -6.008067460104617119, -1.405754237020630404 ) ) ;
#1141 = CARTESIAN_POINT ( 'NONE',  ( 4.333290462464080228, -7.957615341307306522, 2.066580924928156371 ) ) ;
#1142 =( BOUNDED_SURFACE ( )  B_SPLINE_SURFACE ( 3, 2, ( 
 ( #668, #792, #1023 ),
 ( #1001, #571, #1329 ),
 ( #48, #785, #246 ),
 ( #675, #1117, #578 ) ),
 .UNSPECIFIED., .F., .F., .F. ) 
 B_SPLINE_SURFACE_WITH_KNOTS ( ( 4, 4 ),
 ( 3, 3 ),
 ( -3.364279341222520259E-16, 0.0009559705839659740981 ),
 ( 0.000000000000000000, 1.000000000000000000 ),
 .UNSPECIFIED. ) 
 GEOMETRIC_REPRESENTATION_ITEM ( )  RATIONAL_B_SPLINE_SURFACE ( (
 ( 1.000000000000000000, 0.6645255662730098489, 1.000000000000000000),
 ( 1.000000000000000000, 0.7004592710624553131, 1.000000000000000000),
 ( 1.000000000000000000, 0.7305209804080072811, 1.000000000000000000),
 ( 1.000000000000000000, 0.7566208005567538475, 1.000000000000000000) ) ) 
 REPRESENTATION_ITEM ( '' )  SURFACE ( )  );
#1143 = ORIENTED_EDGE ( 'NONE', *, *, #1167, .F. ) ;
#1144 = CARTESIAN_POINT ( 'NONE',  ( 4.350837493836237080, -7.382684469472704514, 0.9000000000000000222 ) ) ;
#1145 = EDGE_CURVE ( 'NONE', #349, #1223, #1304, .T. ) ;
#1146 = ORIENTED_EDGE ( 'NONE', *, *, #805, .T. ) ;
#1147 = CARTESIAN_POINT ( 'NONE',  ( -4.356618901744787387, -4.127643295717764893, 0.08624170628645921877 ) ) ;
#1148 = CARTESIAN_POINT ( 'NONE',  ( 0.000000000000000000, 0.000000000000000000, 0.7000000000000000666 ) ) ;
#1149 = CARTESIAN_POINT ( 'NONE',  ( -4.036103856212492680, -4.220234513505188190, -1.495235100893254510 ) ) ;
#1150 = CARTESIAN_POINT ( 'NONE',  ( -2.615527074609835800, -5.401456960770880222, 0.6032727364731261810 ) ) ;
#1151 = DIRECTION ( 'NONE',  ( 1.000000000000000000, 0.000000000000000000, 0.000000000000000000 ) ) ;
#1152 = AXIS2_PLACEMENT_3D ( 'NONE', #136, #1101, #903 ) ;
#1153 = CYLINDRICAL_SURFACE ( 'NONE', #1180, 5.999999999999998224 ) ;
#1154 = SURFACE_STYLE_FILL_AREA ( #363 ) ;
#1155 =( BOUNDED_SURFACE ( )  B_SPLINE_SURFACE ( 3, 2, ( 
 ( #978, #317, #761 ),
 ( #555, #873, #39 ),
 ( #904, #252, #259 ),
 ( #57, #1022, #698 ),
 ( #594, #1335, #251 ),
 ( #614, #1261, #77 ),
 ( #847, #635, #536 ),
 ( #1358, #176, #682 ),
 ( #736, #613, #1390 ),
 ( #321, #429, #986 ),
 ( #342, #542, #634 ),
 ( #1173, #861, #1303 ),
 ( #640, #109, #103 ),
 ( #1297, #318, #874 ),
 ( #1196, #556, #535 ),
 ( #762, #752, #971 ),
 ( #421, #427, #983 ),
 ( #962, #852, #434 ),
 ( #1398, #197, #1089 ),
 ( #529, #95, #856 ),
 ( #417, #1071, #217 ),
 ( #1289, #119, #548 ),
 ( #1405, #202, #979 ),
 ( #1283, #323, #757 ),
 ( #115, #307, #869 ),
 ( #745, #1193, #1181 ),
 ( #311, #652, #1075 ),
 ( #990, #1188, #210 ) ),
 .UNSPECIFIED., .F., .F., .F. ) 
 B_SPLINE_SURFACE_WITH_KNOTS ( ( 4, 2, 2, 2, 2, 2, 2, 2, 2, 2, 2, 2, 2, 4 ),
 ( 3, 3 ),
 ( 1.843143693225357538E-18, 0.0007767438570459468932, 0.001165115785568919364, 0.001553487714091891835, 0.001941859642614864306, 0.002330231571137836993, 0.002718603499660809247, 0.003106975428183781935, 0.003883719285229726877, 0.004660463142275672252, 0.005048835070798644506, 0.005437206999321616760, 0.005825578927844589014, 0.006213950856367562135 ),
 ( 0.000000000000000000, 1.000000000000000000 ),
 .UNSPECIFIED. ) 
 GEOMETRIC_REPRESENTATION_ITEM ( )  RATIONAL_B_SPLINE_SURFACE ( (
 ( 1.000000000000000000, 0.9391526358895316839, 1.000000000000000000),
 ( 1.000000000000000000, 0.9412042221489661520, 1.000000000000000000),
 ( 1.000000000000000000, 0.9435793937332511705, 1.000000000000000000),
 ( 1.000000000000000000, 0.9466719481689689353, 1.000000000000000000),
 ( 1.000000000000000000, 0.9476323679090450369, 1.000000000000000000),
 ( 1.000000000000000000, 0.9489627871308390361, 1.000000000000000000),
 ( 1.000000000000000000, 0.9493363762040393228, 1.000000000000000000),
 ( 1.000000000000000000, 0.9489002294556924122, 1.000000000000000000),
 ( 1.000000000000000000, 0.9480802582581561166, 1.000000000000000000),
 ( 1.000000000000000000, 0.9445878297041646610, 1.000000000000000000),
 ( 1.000000000000000000, 0.9418657291161762757, 1.000000000000000000),
 ( 1.000000000000000000, 0.9341226220121805479, 1.000000000000000000),
 ( 1.000000000000000000, 0.9290195379321831703, 1.000000000000000000),
 ( 1.000000000000000000, 0.9162917746000275310, 1.000000000000000000),
 ( 1.000000000000000000, 0.9087132072300229124, 1.000000000000000000),
 ( 1.000000000000000000, 0.8819911750207358736, 1.000000000000000000),
 ( 1.000000000000000000, 0.8587006742268322723, 1.000000000000000000),
 ( 1.000000000000000000, 0.8029067926355661911, 1.000000000000000000),
 ( 1.000000000000000000, 0.7698309659284611195, 1.000000000000000000),
 ( 1.000000000000000000, 0.7174153757774506257, 1.000000000000000000),
 ( 1.000000000000000000, 0.6992122473031946450, 1.000000000000000000),
 ( 1.000000000000000000, 0.6643826375104745496, 1.000000000000000000),
 ( 1.000000000000000000, 0.6476451894269669163, 1.000000000000000000),
 ( 1.000000000000000000, 0.6184747141496172995, 1.000000000000000000),
 ( 1.000000000000000000, 0.6066698937278985904, 1.000000000000000000),
 ( 1.000000000000000000, 0.5918176400904239243, 1.000000000000000000),
 ( 1.000000000000000000, 0.5890838197515840813, 1.000000000000000000),
 ( 1.000000000000000000, 0.5918136604986633520, 1.000000000000000000) ) ) 
 REPRESENTATION_ITEM ( '' )  SURFACE ( )  );
#1156 = CARTESIAN_POINT ( 'NONE',  ( 4.064990384904046294, -4.415920853415334690, -0.4279036143621214316 ) ) ;
#1157 = CIRCLE ( 'NONE', #790, 4.199999999999999289 ) ;
#1158 = PLANE ( 'NONE',  #206 ) ;
#1159 = CARTESIAN_POINT ( 'NONE',  ( -3.188718351790624794, -6.602967441673920135, -0.5653434504568347618 ) ) ;
#1160 = CARTESIAN_POINT ( 'NONE',  ( -2.822373465429611095, -4.835297021966244557, -1.839701953601741824 ) ) ;
#1161 = CARTESIAN_POINT ( 'NONE',  ( -3.908802046555795773, -5.634860543475918249, -0.2696969696965672569 ) ) ;
#1162 = CARTESIAN_POINT ( 'NONE',  ( -4.342813149500742931, -7.380891081147987975, -0.9000000000000000222 ) ) ;
#1163 = DIRECTION ( 'NONE',  ( 1.000000000000000000, 0.000000000000000000, 0.000000000000000000 ) ) ;
#1164 = ORIENTED_EDGE ( 'NONE', *, *, #844, .T. ) ;
#1165 = CARTESIAN_POINT ( 'NONE',  ( -4.557191284915844243, -3.903915024262803790, -0.3555590916817181757 ) ) ;
#1166 = AXIS2_PLACEMENT_3D ( 'NONE', #951, #205, #1382 ) ;
#1167 = EDGE_CURVE ( 'NONE', #1340, #801, #1083, .T. ) ;
#1168 = FACE_OUTER_BOUND ( 'NONE', #1129, .T. ) ;
#1169 = CARTESIAN_POINT ( 'NONE',  ( -2.932282185249504902, -5.434246433909071250, -0.7441128870880094892 ) ) ;
#1170 = FACE_OUTER_BOUND ( 'NONE', #1346, .T. ) ;
#1171 = VECTOR ( 'NONE', #432, 1000.000000000000000 ) ;
#1172 = EDGE_LOOP ( 'NONE', ( #945, #1273, #195, #899 ) ) ;
#1173 = CARTESIAN_POINT ( 'NONE',  ( 3.903309234675947703, -4.802415469022737859, 1.533285932139427654 ) ) ;
#1174 = ADVANCED_FACE ( 'NONE', ( #157 ), #63, .F. ) ;
#1175 = DIRECTION ( 'NONE',  ( 1.561251128379126138E-16, -1.000000000000000000, 0.000000000000000000 ) ) ;
#1176 = CARTESIAN_POINT ( 'NONE',  ( -4.388365292824193631, -4.489859442835155257, -0.7651816988959257992 ) ) ;
#1177 = ORIENTED_EDGE ( 'NONE', *, *, #980, .F. ) ;
#1178 = B_SPLINE_CURVE_WITH_KNOTS ( 'NONE', 3,
 ( #615, #800, #1035, #264, #723, #704, #273, #1025, #819, #908 ),
 .UNSPECIFIED., .F., .F.,
 ( 4, 2, 2, 2, 4 ),
 ( 0.001600383225662246195, 0.002322322919143705085, 0.002683292765884434314, 0.002863777689254799579, 0.003044262612625164410 ),
 .UNSPECIFIED. ) ;
#1179 = CARTESIAN_POINT ( 'NONE',  ( -3.166445108557891075, -7.958383052947281655, -0.9000000000000000222 ) ) ;
#1180 = AXIS2_PLACEMENT_3D ( 'NONE', #163, #479, #362 ) ;
#1181 = CARTESIAN_POINT ( 'NONE',  ( 1.797273075560791744, -5.718274143988159253, 0.8682655530918358400 ) ) ;
#1182 = DIRECTION ( 'NONE',  ( 1.224646799147353207E-16, 1.000000000000000000, -0.000000000000000000 ) ) ;
#1183 = CARTESIAN_POINT ( 'NONE',  ( -4.149999999999999467, -8.500000000000000000, -0.9000000000000000222 ) ) ;
#1184 = DIRECTION ( 'NONE',  ( 1.000000000000000000, 0.000000000000000000, 0.000000000000000000 ) ) ;
#1185 = ADVANCED_FACE ( 'NONE', ( #1210 ), #894, .T. ) ;
#1186 = VERTEX_POINT ( 'NONE', #258 ) ;
#1187 = CARTESIAN_POINT ( 'NONE',  ( -3.349999999999997424, -8.500000000000000000, -0.9000000000000000222 ) ) ;
#1188 = CARTESIAN_POINT ( 'NONE',  ( 3.098463880663862469, -5.312695739885274548, 0.8730398319896188752 ) ) ;
#1189 = CARTESIAN_POINT ( 'NONE',  ( 3.099999999999988542, -6.657323159486594477, 0.9669197719957385306 ) ) ;
#1190 = CYLINDRICAL_SURFACE ( 'NONE', #360, 0.6499999999999991340 ) ;
#1191 = EDGE_CURVE ( 'NONE', #218, #1340, #1379, .T. ) ;
#1192 = ORIENTED_EDGE ( 'NONE', *, *, #216, .F. ) ;
#1193 = CARTESIAN_POINT ( 'NONE',  ( 3.099880127324837531, -5.312364543595976762, 0.7711461630652659549 ) ) ;
#1194 = CARTESIAN_POINT ( 'NONE',  ( 3.474812948863519768, -6.301699785059736492, 0.3078016507727807660 ) ) ;
#1195 = B_SPLINE_CURVE_WITH_KNOTS ( 'NONE', 3,
 ( #87, #522, #953, #1387 ),
 .UNSPECIFIED., .F., .F.,
 ( 4, 4 ),
 ( 0.000000000000000000, 0.0002860901041288568163 ),
 .UNSPECIFIED. ) ;
#1196 = CARTESIAN_POINT ( 'NONE',  ( 3.734299905296802002, -5.092630546806411473, 1.551043766304118332 ) ) ;
#1197 = CARTESIAN_POINT ( 'NONE',  ( 2.267883625794954394, -5.555840118643859071, -0.3373325945909498857 ) ) ;
#1198 = VECTOR ( 'NONE', #655, 1000.000000000000000 ) ;
#1199 = LINE ( 'NONE', #436, #118 ) ;
#1200 = CARTESIAN_POINT ( 'NONE',  ( -4.333554891442105372, -7.958383052947281655, -0.9000000000000000222 ) ) ;
#1201 = ORIENTED_EDGE ( 'NONE', *, *, #1135, .T. ) ;
#1202 = CARTESIAN_POINT ( 'NONE',  ( 3.610385111691444049, -4.800899939828832785, 0.1121699646991578120 ) ) ;
#1203 = EDGE_CURVE ( 'NONE', #519, #1063, #1291, .T. ) ;
#1204 = CLOSED_SHELL ( 'NONE', ( #364, #1091, #748, #74, #888, #1284, #92, #14, #558, #1383, #832, #959, #1037, #768, #671, #1185, #1015, #134, #992, #590, #1311, #910, #1278, #627, #820, #789, #851, #638, #1174, #864, #405, #643 ) ) ;
#1205 = CARTESIAN_POINT ( 'NONE',  ( -4.416641787619635551, -3.826182300270162262, -1.438720859882153702 ) ) ;
#1206 = ORIENTED_EDGE ( 'NONE', *, *, #126, .T. ) ;
#1207 = CARTESIAN_POINT ( 'NONE',  ( -3.157186850499253516, -7.380891081147987975, -0.9000000000000000222 ) ) ;
#1208 = AXIS2_PLACEMENT_3D ( 'NONE', #1051, #732, #1163 ) ;
#1209 = ORIENTED_EDGE ( 'NONE', *, *, #1306, .F. ) ;
#1210 = FACE_OUTER_BOUND ( 'NONE', #128, .T. ) ;
#1211 = CARTESIAN_POINT ( 'NONE',  ( -3.749999999999997780, -5.064582275752494311, -1.550000000000000044 ) ) ;
#1212 = DIRECTION ( 'NONE',  ( -1.000000000000000000, 0.000000000000000000, 0.000000000000000000 ) ) ;
#1213 = CARTESIAN_POINT ( 'NONE',  ( 3.750000000000001332, -6.818546254568505383, 0.9000000000000000222 ) ) ;
#1214 = ORIENTED_EDGE ( 'NONE', *, *, #389, .F. ) ;
#1215 = CARTESIAN_POINT ( 'NONE',  ( -4.342813149500742043, -7.380891081147987975, 0.2856262990014886705 ) ) ;
#1216 = AXIS2_PLACEMENT_3D ( 'NONE', #641, #1076, #104 ) ;
#1217 = VERTEX_POINT ( 'NONE', #1334 ) ;
#1218 = CARTESIAN_POINT ( 'NONE',  ( -4.336618689449876385, -4.148677025214092318, 0.1166936487400145883 ) ) ;
#1219 = CARTESIAN_POINT ( 'NONE',  ( -4.395596047567404518, -4.409068080505065268, -1.026877661967513511 ) ) ;
#1220 = CARTESIAN_POINT ( 'NONE',  ( 3.481260541772697614, -4.329301029368027187, 1.888979617251236531 ) ) ;
#1221 = AXIS2_PLACEMENT_3D ( 'NONE', #291, #1280, #1151 ) ;
#1222 = CARTESIAN_POINT ( 'NONE',  ( -4.207870817245257911, -3.906794056315350705, -1.631402836776450815 ) ) ;
#1223 = VERTEX_POINT ( 'NONE', #367 ) ;
#1224 = CARTESIAN_POINT ( 'NONE',  ( 4.177876235706738051, -4.322120259138094944, 0.3436033805584380874 ) ) ;
#1225 = CIRCLE ( 'NONE', #937, 0.3999999999999993006 ) ;
#1226 = PRODUCT_RELATED_PRODUCT_CATEGORY ( 'part', '', ( #505 ) ) ;
#1227 = CYLINDRICAL_SURFACE ( 'NONE', #443, 0.4000000000000001887 ) ;
#1228 = CARTESIAN_POINT ( 'NONE',  ( -3.749999999999998224, -4.371320343559712107, -0.9000000000000000222 ) ) ;
#1229 = CARTESIAN_POINT ( 'NONE',  ( -4.319802241825474454, -4.411563291788895391, -1.216913012256195081 ) ) ;
#1230 = CARTESIAN_POINT ( 'NONE',  ( -3.047221171333411416, -5.179473352058830748, -0.4584814449555963400 ) ) ;
#1231 = CARTESIAN_POINT ( 'NONE',  ( 3.149162506163765141, -7.382684469472704514, 2.101674987672472739 ) ) ;
#1232 = ORIENTED_EDGE ( 'NONE', *, *, #570, .F. ) ;
#1233 = CARTESIAN_POINT ( 'NONE',  ( -4.395207307891118020, -4.468919946069811466, -0.8212121212121212821 ) ) ;
#1234 = CARTESIAN_POINT ( 'NONE',  ( -3.455948999140946665, -4.726494682468631581, -1.545499437160992695 ) ) ;
#1235 = AXIS2_PLACEMENT_3D ( 'NONE', #287, #927, #190 ) ;
#1236 = EDGE_CURVE ( 'NONE', #294, #695, #854, .T. ) ;
#1237 = CARTESIAN_POINT ( 'NONE',  ( 3.188718351790634120, -6.602967441673842863, 0.5653434504568208840 ) ) ;
#1238 = CARTESIAN_POINT ( 'NONE',  ( 4.395207307891119797, -4.468919946069808802, 0.8212121212121225033 ) ) ;
#1239 = CARTESIAN_POINT ( 'NONE',  ( 3.100000000000001421, -6.818546254568506271, 2.199999999999999734 ) ) ;
#1240 = CARTESIAN_POINT ( 'NONE',  ( 4.150000000000001243, -8.500000000000000000, 0.9000000000000000222 ) ) ;
#1241 = CARTESIAN_POINT ( 'NONE',  ( 3.750000000000004441, -33.50000000000000000, 0.9000000000000000222 ) ) ;
#1242 = CARTESIAN_POINT ( 'NONE',  ( -4.033544447664053401, -4.629002353094634259, -1.486872723873781110 ) ) ;
#1243 = CARTESIAN_POINT ( 'NONE',  ( 2.732478182750032847, -5.343934873748812819, -0.6599416899458769858 ) ) ;
#1244 = CARTESIAN_POINT ( 'NONE',  ( -2.901662745273140942, -5.427407289915062272, -0.8953453846922722059 ) ) ;
#1245 = FACE_OUTER_BOUND ( 'NONE', #406, .T. ) ;
#1246 = EDGE_LOOP ( 'NONE', ( #237, #1028, #918, #447, #960 ) ) ;
#1247 = EDGE_LOOP ( 'NONE', ( #1098, #107, #1286, #833 ) ) ;
#1248 = DIRECTION ( 'NONE',  ( 1.561251128379126138E-16, -1.000000000000000000, 0.000000000000000000 ) ) ;
#1249 = CARTESIAN_POINT ( 'NONE',  ( -3.157767532311049230, -6.478859985489357598, -1.172511513078696277 ) ) ;
#1250 = CARTESIAN_POINT ( 'NONE',  ( -3.848869812282790459, -4.358916997925704528, -1.563012890884438955 ) ) ;
#1251 = CARTESIAN_POINT ( 'NONE',  ( 3.089524129514583883, -5.300839470804733722, 0.8263644196787763851 ) ) ;
#1252 = CARTESIAN_POINT ( 'NONE',  ( 1.810428055357783617, -5.720345291708658131, 0.7000000000000000666 ) ) ;
#1253 = CARTESIAN_POINT ( 'NONE',  ( -1.810428055357781174, -5.720345291708659019, -0.7000000000000000666 ) ) ;
#1254 = AXIS2_PLACEMENT_3D ( 'NONE', #781, #998, #116 ) ;
#1255 = FACE_OUTER_BOUND ( 'NONE', #15, .T. ) ;
#1256 = CARTESIAN_POINT ( 'NONE',  ( 4.434765944238732160, -4.042449250615040235, 0.04937411749322486582 ) ) ;
#1257 = CARTESIAN_POINT ( 'NONE',  ( -3.210294826635015752, -6.583670916205763390, -0.5299005958294722429 ) ) ;
#1258 = CARTESIAN_POINT ( 'NONE',  ( -1.869728042412479363, -5.701610091133704650, -0.3605195994079544719 ) ) ;
#1259 = CARTESIAN_POINT ( 'NONE',  ( 2.352890313854662629, -5.521049707984023058, -0.4193345963192112724 ) ) ;
#1260 = CARTESIAN_POINT ( 'NONE',  ( -2.352890313854659965, -5.521049707984024835, 0.4193345963192112169 ) ) ;
#1261 = CARTESIAN_POINT ( 'NONE',  ( 4.238657278787213656, -4.104529376386395256, 1.334966463297108108 ) ) ;
#1262 = CARTESIAN_POINT ( 'NONE',  ( 3.935715157987826007, -4.748218045923480624, 1.529738065347108211 ) ) ;
#1263 = CARTESIAN_POINT ( 'NONE',  ( -3.349999999999996980, -8.500000000000000000, -1.700000000000001732 ) ) ;
#1264 = CARTESIAN_POINT ( 'NONE',  ( 0.000000000000000000, 0.000000000000000000, -0.7000000000000000666 ) ) ;
#1265 = B_SPLINE_CURVE_WITH_KNOTS ( 'NONE', 3,
 ( #414, #1287, #208, #860 ),
 .UNSPECIFIED., .F., .F.,
 ( 4, 4 ),
 ( 0.000000000000000000, 0.0006035734843045803153 ),
 .UNSPECIFIED. ) ;
#1266 = EDGE_CURVE ( 'NONE', #1402, #349, #651, .T. ) ;
#1267 = CARTESIAN_POINT ( 'NONE',  ( -3.829198871358170386, -4.621876222550757696, 0.5945571656753548817 ) ) ;
#1268 = CARTESIAN_POINT ( 'NONE',  ( -3.157186850499253516, -7.380891081147987975, -0.9000000000000000222 ) ) ;
#1269 = CARTESIAN_POINT ( 'NONE',  ( -3.089524129514617634, -5.300839470804736386, -0.8263644196786991136 ) ) ;
#1270 = FACE_OUTER_BOUND ( 'NONE', #533, .T. ) ;
#1271 = CARTESIAN_POINT ( 'NONE',  ( 2.868760382200916670, -5.269745142747837896, -0.7000000000000000666 ) ) ;
#1272 = CARTESIAN_POINT ( 'NONE',  ( -4.375765269909448030, -4.528100370746996006, -0.7192058634493599945 ) ) ;
#1273 = ORIENTED_EDGE ( 'NONE', *, *, #389, .T. ) ;
#1274 = VERTEX_POINT ( 'NONE', #458 ) ;
#1275 = CARTESIAN_POINT ( 'NONE',  ( 4.599529730956512630, -3.852943851397657937, 0.5221646794558597593 ) ) ;
#1276 = AXIS2_PLACEMENT_3D ( 'NONE', #609, #394, #289 ) ;
#1277 = CARTESIAN_POINT ( 'NONE',  ( 3.099999999999986322, -6.674987434057662483, 0.8742326783497276210 ) ) ;
#1278 = ADVANCED_FACE ( 'NONE', ( #673 ), #786, .T. ) ;
#1279 = CIRCLE ( 'NONE', #885, 0.4000000000000001887 ) ;
#1280 = DIRECTION ( 'NONE',  ( 1.214306433183764966E-16, -1.000000000000000000, 0.000000000000000000 ) ) ;
#1281 = CARTESIAN_POINT ( 'NONE',  ( 3.100000000000001421, -6.670076706720231563, 0.9000000000000006883 ) ) ;
#1282 = CARTESIAN_POINT ( 'NONE',  ( -3.349999999999996980, -8.500000000000000000, -0.9000000000000001332 ) ) ;
#1283 = CARTESIAN_POINT ( 'NONE',  ( 3.121538384641555197, -6.585504813163746363, 1.072791148392059579 ) ) ;
#1284 = ADVANCED_FACE ( 'NONE', ( #358 ), #1227, .T. ) ;
#1285 = CARTESIAN_POINT ( 'NONE',  ( 3.215226548254677130, -6.319059787034825959, 1.278495884920913594 ) ) ;
#1286 = ORIENTED_EDGE ( 'NONE', *, *, #173, .T. ) ;
#1287 = CARTESIAN_POINT ( 'NONE',  ( 3.709136214238567320, -5.985057630213286295, 0.2399829491666655990 ) ) ;
#1288 = AXIS2_PLACEMENT_3D ( 'NONE', #1388, #400, #846 ) ;
#1289 = CARTESIAN_POINT ( 'NONE',  ( 3.174171818170043124, -6.432867101886064809, 1.204794974581399947 ) ) ;
#1290 = CARTESIAN_POINT ( 'NONE',  ( 3.862204469151005792, -4.863286321638065068, 1.543722347136842199 ) ) ;
#1291 = B_SPLINE_CURVE_WITH_KNOTS ( 'NONE', 3,
 ( #30, #129, #47, #564 ),
 .UNSPECIFIED., .F., .F.,
 ( 4, 4 ),
 ( 1.360348426932491585E-16, 0.0008281378795578704958 ),
 .UNSPECIFIED. ) ;
#1292 = EDGE_CURVE ( 'NONE', #519, #1092, #89, .T. ) ;
#1293 = ORIENTED_EDGE ( 'NONE', *, *, #528, .T. ) ;
#1294 = ORIENTED_EDGE ( 'NONE', *, *, #330, .T. ) ;
#1295 = CARTESIAN_POINT ( 'NONE',  ( -4.199999999999999289, 5.143516556418881942E-16, -0.7000000000000000666 ) ) ;
#1296 =( BOUNDED_SURFACE ( )  B_SPLINE_SURFACE ( 3, 2, ( 
 ( #1087, #441, #6 ),
 ( #305, #740, #1312 ),
 ( #345, #469, #683 ),
 ( #130, #1224, #226 ),
 ( #448, #769, #32 ),
 ( #233, #40, #124 ),
 ( #153, #137, #662 ),
 ( #459, #1202, #896 ),
 ( #335, #1095, #995 ),
 ( #351, #881, #453 ) ),
 .UNSPECIFIED., .F., .F., .F. ) 
 B_SPLINE_SURFACE_WITH_KNOTS ( ( 4, 2, 2, 2, 4 ),
 ( 3, 3 ),
 ( -1.626303258728256651E-18, 0.0005782433060505705064, 0.001156486612101142531, 0.001734729918151714772, 0.002312973224202286796 ),
 ( 0.000000000000000000, 1.000000000000000000 ),
 .UNSPECIFIED. ) 
 GEOMETRIC_REPRESENTATION_ITEM ( )  RATIONAL_B_SPLINE_SURFACE ( (
 ( 1.000000000000000000, 0.9391526358895317950, 1.000000000000000000),
 ( 1.000000000000000000, 0.9354012434615678329, 1.000000000000000000),
 ( 1.000000000000000000, 0.9263015782292672862, 1.000000000000000000),
 ( 1.000000000000000000, 0.9019548666377283919, 1.000000000000000000),
 ( 1.000000000000000000, 0.8868726000910484020, 1.000000000000000000),
 ( 1.000000000000000000, 0.8532139033982907295, 1.000000000000000000),
 ( 1.000000000000000000, 0.8349973500567265949, 1.000000000000000000),
 ( 1.000000000000000000, 0.7965798220834300336, 1.000000000000000000),
 ( 1.000000000000000000, 0.7762787964723284473, 1.000000000000000000),
 ( 1.000000000000000000, 0.7566208005566309458, 1.000000000000000000) ) ) 
 REPRESENTATION_ITEM ( '' )  SURFACE ( )  );
#1297 = CARTESIAN_POINT ( 'NONE',  ( 3.775211913974409139, -5.015765114869436658, 1.550899584025629885 ) ) ;
#1298 = CARTESIAN_POINT ( 'NONE',  ( -4.303607182045162460, -4.736671678061417090, -0.5525455891071272552 ) ) ;
#1299 = CARTESIAN_POINT ( 'NONE',  ( -4.618143373213643876, -3.830502810916980749, -0.7000000000000000666 ) ) ;
#1300 = ORIENTED_EDGE ( 'NONE', *, *, #1266, .T. ) ;
#1301 = AXIS2_PLACEMENT_3D ( 'NONE', #559, #445, #456 ) ;
#1302 = CARTESIAN_POINT ( 'NONE',  ( 4.400000000000000355, -4.442963343709064539, 0.8999999999958246955 ) ) ;
#1303 = CARTESIAN_POINT ( 'NONE',  ( 3.640466244573290044, -4.223604440931162607, 1.862010561862263769 ) ) ;
#1304 = CIRCLE ( 'NONE', #288, 1.799999999999999600 ) ;
#1305 = ORIENTED_EDGE ( 'NONE', *, *, #541, .T. ) ;
#1306 = EDGE_CURVE ( 'NONE', #64, #1402, #719, .T. ) ;
#1307 = CARTESIAN_POINT ( 'NONE',  ( 0.000000000000000000, 0.000000000000000000, 2.500000000000000000 ) ) ;
#1308 = CIRCLE ( 'NONE', #1288, 1.800000000000000044 ) ;
#1309 = CARTESIAN_POINT ( 'NONE',  ( -4.399999999999997691, -6.818403728272096842, -0.9000000000000000222 ) ) ;
#1310 = ORIENTED_EDGE ( 'NONE', *, *, #1167, .T. ) ;
#1311 = ADVANCED_FACE ( 'NONE', ( #93 ), #166, .T. ) ;
#1312 = CARTESIAN_POINT ( 'NONE',  ( 4.386011009491703305, -4.497064605299627260, 0.7459020732182426450 ) ) ;
#1313 = CARTESIAN_POINT ( 'NONE',  ( 3.100000000000001421, -6.818546254568505383, 0.9000000000000001332 ) ) ;
#1314 = CARTESIAN_POINT ( 'NONE',  ( -4.633918835454228002, -3.798928696471838062, -0.8954710181658023238 ) ) ;
#1315 = FACE_OUTER_BOUND ( 'NONE', #1246, .T. ) ;
#1316 = AXIS2_PLACEMENT_3D ( 'NONE', #451, #439, #884 ) ;
#1317 = ORIENTED_EDGE ( 'NONE', *, *, #1341, .T. ) ;
#1318 = CARTESIAN_POINT ( 'NONE',  ( -3.908802046555796661, -5.634860543475918249, -0.2696969696965670904 ) ) ;
#1319 = CARTESIAN_POINT ( 'NONE',  ( -4.618143373213643876, -3.830502810916980749, -0.7000000000000003997 ) ) ;
#1320 = CARTESIAN_POINT ( 'NONE',  ( 3.025076209939056682, -5.227976943330955528, 0.6236506980460649885 ) ) ;
#1321 = CARTESIAN_POINT ( 'NONE',  ( 3.008830362576998319, -4.685194185768311925, 1.873828261707175535 ) ) ;
#1322 = EDGE_CURVE ( 'NONE', #1017, #1364, #13, .T. ) ;
#1323 = ORIENTED_EDGE ( 'NONE', *, *, #261, .T. ) ;
#1324 = DIRECTION ( 'NONE',  ( -0.5933018410586959890, -0.8049800776394171464, 0.000000000000000000 ) ) ;
#1325 = DIRECTION ( 'NONE',  ( -1.000000000000000000, 1.224646799147353454E-16, 0.000000000000000000 ) ) ;
#1326 = ORIENTED_EDGE ( 'NONE', *, *, #691, .T. ) ;
#1327 = CARTESIAN_POINT ( 'NONE',  ( -3.689040983392853246, -4.734632941461769384, 0.6620146031335473191 ) ) ;
#1328 = CARTESIAN_POINT ( 'NONE',  ( -3.287434877660620813, -6.126791486224286487, -1.362813828318703457 ) ) ;
#1329 = CARTESIAN_POINT ( 'NONE',  ( 3.107100161792972770, -5.139996986304905313, -0.7450364629520788151 ) ) ;
#1330 = B_SPLINE_CURVE_WITH_KNOTS ( 'NONE', 3,
 ( #1238, #131, #566, #793 ),
 .UNSPECIFIED., .F., .F.,
 ( 4, 4 ),
 ( 0.000000000000000000, 8.252424993241306108E-05 ),
 .UNSPECIFIED. ) ;
#1331 = EDGE_LOOP ( 'NONE', ( #893, #616, #481, #967, #1177 ) ) ;
#1332 = CARTESIAN_POINT ( 'NONE',  ( 0.000000000000000000, 0.000000000000000000, -0.7000000000000000666 ) ) ;
#1333 = ORIENTED_EDGE ( 'NONE', *, *, #155, .T. ) ;
#1334 = CARTESIAN_POINT ( 'NONE',  ( -3.591197953435805168, -6.148035999872513813, -0.2696969696985722087 ) ) ;
#1335 = CARTESIAN_POINT ( 'NONE',  ( 4.311816803457602099, -4.074808005634642072, 1.233146158179778906 ) ) ;
#1336 = CARTESIAN_POINT ( 'NONE',  ( -4.407449575478929127, -4.431453371595328150, -0.9214661277209194035 ) ) ;
#1337 = CARTESIAN_POINT ( 'NONE',  ( -4.395207307891118020, -4.468919946069811466, -0.8212121212121213931 ) ) ;
#1338 = CARTESIAN_POINT ( 'NONE',  ( 4.601415071259252976, -3.787833742657209068, 1.090430291955283071 ) ) ;
#1339 = CARTESIAN_POINT ( 'NONE',  ( 4.400000000000416911, -4.424358865194579771, 0.9650253742722336714 ) ) ;
#1340 = VERTEX_POINT ( 'NONE', #489 ) ;
#1341 = EDGE_CURVE ( 'NONE', #140, #519, #977, .T. ) ;
#1342 = VERTEX_POINT ( 'NONE', #80 ) ;
#1343 = CARTESIAN_POINT ( 'NONE',  ( -3.749999999999998224, -4.371320343559712107, -0.9000000000000000222 ) ) ;
#1344 = CARTESIAN_POINT ( 'NONE',  ( -3.903309234675957917, -4.802415469022851546, -1.533285932139424101 ) ) ;
#1345 = CARTESIAN_POINT ( 'NONE',  ( -3.804704500006745427, -4.961761404982408585, -1.550000000000000488 ) ) ;
#1346 = EDGE_LOOP ( 'NONE', ( #999, #666, #1192, #1122 ) ) ;
#1347 = DIRECTION ( 'NONE',  ( 1.000000000000000000, 0.000000000000000000, 0.000000000000000000 ) ) ;
#1348 = DIRECTION ( 'NONE',  ( 1.000000000000000000, 0.000000000000000000, 0.000000000000000000 ) ) ;
#1349 = CARTESIAN_POINT ( 'NONE',  ( -3.824218574714385088, -4.108096695721393132, -1.817281735879826554 ) ) ;
#1350 = CARTESIAN_POINT ( 'NONE',  ( -3.108551795419554509, -5.304371424537329460, -0.8251294047310051560 ) ) ;
#1351 = CARTESIAN_POINT ( 'NONE',  ( -3.749999999999997780, -5.064582275752494311, -1.550000000000000044 ) ) ;
#1352 = AXIS2_PLACEMENT_3D ( 'NONE', #1081, #950, #401 ) ;
#1353 = ORIENTED_EDGE ( 'NONE', *, *, #1266, .F. ) ;
#1354 = SURFACE_SIDE_STYLE ('',( #1154 ) ) ;
#1355 = ORIENTED_EDGE ( 'NONE', *, *, #777, .T. ) ;
#1356 = DIRECTION ( 'NONE',  ( 1.561251128379126138E-16, -1.000000000000000000, 0.000000000000000000 ) ) ;
#1357 = DIRECTION ( 'NONE',  ( 0.000000000000000000, 0.000000000000000000, -1.000000000000000000 ) ) ;
#1358 = CARTESIAN_POINT ( 'NONE',  ( 4.156924833669066288, -4.506305044265236148, 1.409368899070515324 ) ) ;
#1359 = CARTESIAN_POINT ( 'NONE',  ( -4.312460479470804131, -3.863274468026876463, -1.547392886036066173 ) ) ;
#1360 = CARTESIAN_POINT ( 'NONE',  ( 1.864246619141099348, -5.703344217016114825, 0.3820450615549480511 ) ) ;
#1361 = CARTESIAN_POINT ( 'NONE',  ( -3.098463880663860248, -5.312695739885276325, -0.8730398319896189863 ) ) ;
#1362 = CARTESIAN_POINT ( 'NONE',  ( 3.750000000000001776, -8.500000000000000000, 0.9000000000000000222 ) ) ;
#1363 = CIRCLE ( 'NONE', #315, 5.999999999999998224 ) ;
#1364 = VERTEX_POINT ( 'NONE', #825 ) ;
#1365 = CARTESIAN_POINT ( 'NONE',  ( -3.749999999999998224, -8.500000000000000000, -0.9000000000000000222 ) ) ;
#1366 = CARTESIAN_POINT ( 'NONE',  ( -3.497508508727972032, -6.277505036034657593, -0.2933016088099402729 ) ) ;
#1367 = CARTESIAN_POINT ( 'NONE',  ( -1.810428055357780952, -5.720345291708662572, -0.7000000000000000666 ) ) ;
#1368 = FACE_OUTER_BOUND ( 'NONE', #265, .T. ) ;
#1369 = CARTESIAN_POINT ( 'NONE',  ( 0.000000000000000000, 0.000000000000000000, 2.500000000000000000 ) ) ;
#1370 = CIRCLE ( 'NONE', #248, 4.199999999999999289 ) ;
#1371 = CARTESIAN_POINT ( 'NONE',  ( 4.400000000000000355, -4.442963343709064539, 0.8999999999958246955 ) ) ;
#1372 = EDGE_CURVE ( 'NONE', #457, #695, #198, .T. ) ;
#1373 = CARTESIAN_POINT ( 'NONE',  ( -1.840772463151703953, -5.669219173466327533, -1.086771472545396078 ) ) ;
#1374 = VERTEX_POINT ( 'NONE', #1240 ) ;
#1375 =( NAMED_UNIT ( * ) SI_UNIT ( $, .STERADIAN. ) SOLID_ANGLE_UNIT ( ) );
#1376 = CARTESIAN_POINT ( 'NONE',  ( 4.395207307891119797, -4.468919946069808802, 0.8212121212121225033 ) ) ;
#1377 = CARTESIAN_POINT ( 'NONE',  ( -4.399999999999997691, -6.818403728272096842, -0.9000000000000000222 ) ) ;
#1378 = DIRECTION ( 'NONE',  ( 0.000000000000000000, 0.000000000000000000, 1.000000000000000000 ) ) ;
#1379 = CIRCLE ( 'NONE', #1152, 1.800000000000000044 ) ;
#1380 = CARTESIAN_POINT ( 'NONE',  ( 4.150000000000001243, -8.500000000000001776, 0.8999999999999999112 ) ) ;
#1381 = CARTESIAN_POINT ( 'NONE',  ( -3.099999999999998757, -6.818403728272096842, -0.9000000000000001332 ) ) ;
#1382 = DIRECTION ( 'NONE',  ( 0.000000000000000000, 0.000000000000000000, -1.000000000000000000 ) ) ;
#1383 = ADVANCED_FACE ( 'NONE', ( #509 ), #1385, .T. ) ;
#1384 = ORIENTED_EDGE ( 'NONE', *, *, #1125, .F. ) ;
#1385 = CYLINDRICAL_SURFACE ( 'NONE', #301, 5.999999999999998224 ) ;
#1386 = AXIS2_PLACEMENT_3D ( 'NONE', #760, #209, #327 ) ;
#1387 = CARTESIAN_POINT ( 'NONE',  ( -3.749999999988026911, -5.910266466178368816, -0.2500000000000000555 ) ) ;
#1388 = CARTESIAN_POINT ( 'NONE',  ( 4.199999999999999289, 0.000000000000000000, 0.7000000000000000666 ) ) ;
#1389 = B_SPLINE_CURVE_WITH_KNOTS ( 'NONE', 3,
 ( #1086, #243, #552, #771 ),
 .UNSPECIFIED., .F., .F.,
 ( 4, 4 ),
 ( 1.363834974259110425E-16, 0.0008281378795578734232 ),
 .UNSPECIFIED. ) ;
#1390 = CARTESIAN_POINT ( 'NONE',  ( 4.086338530163551752, -3.963915399192892597, 1.707665581868106797 ) ) ;
#1391 = CARTESIAN_POINT ( 'NONE',  ( 4.350837493836237080, -7.382684469472704514, 0.8999999999999999112 ) ) ;
#1392 = CARTESIAN_POINT ( 'NONE',  ( -4.395207307891118020, -4.468919946069811466, -0.8212121212121213931 ) ) ;
#1393 = CARTESIAN_POINT ( 'NONE',  ( -2.146594762212493457, -5.399099967036693926, -1.515745980752474908 ) ) ;
#1394 = CARTESIAN_POINT ( 'NONE',  ( -4.149999999999998579, -8.500000000000000000, -0.9000000000000000222 ) ) ;
#1395 = DIRECTION ( 'NONE',  ( 1.214306433183764966E-16, -1.000000000000000000, 0.000000000000000000 ) ) ;
#1396 = EDGE_CURVE ( 'NONE', #1186, #1136, #1279, .T. ) ;
#1397 =( GEOMETRIC_REPRESENTATION_CONTEXT ( 3 ) GLOBAL_UNCERTAINTY_ASSIGNED_CONTEXT ( ( #799 ) ) GLOBAL_UNIT_ASSIGNED_CONTEXT ( ( #1056, #1137, #1375 ) ) REPRESENTATION_CONTEXT ( 'NONE', 'WORKASPACE' ) );
#1398 = CARTESIAN_POINT ( 'NONE',  ( 3.333305995342231487, -6.008067460104617119, 1.405754237020598429 ) ) ;
#1399 = DIRECTION ( 'NONE',  ( 0.000000000000000000, 0.000000000000000000, -1.000000000000000000 ) ) ;
#1400 = CARTESIAN_POINT ( 'NONE',  ( 3.047221171333424294, -5.179473352058850288, 0.4584814449554819871 ) ) ;
#1401 = COLOUR_RGB ( '',0.7921568627450980005, 0.8196078431372548767, 0.9333333333333333481 ) ;
#1402 = VERTEX_POINT ( 'NONE', #407 ) ;
#1403 = SHAPE_DEFINITION_REPRESENTATION ( #976, #925 ) ;
#1404 = EDGE_CURVE ( 'NONE', #218, #121, #412, .T. ) ;
#1405 = CARTESIAN_POINT ( 'NONE',  ( 3.153877698115846950, -6.489995129410376151, 1.163550724032266226 ) ) ;
#1406 = CARTESIAN_POINT ( 'NONE',  ( 4.333290462464080228, -7.957615341307306522, -0.2665809249281569371 ) ) ;
#1407 = DIRECTION ( 'NONE',  ( 0.000000000000000000, 0.000000000000000000, 1.000000000000000000 ) ) ;
#1408 = ORIENTED_EDGE ( 'NONE', *, *, #227, .T. ) ;
ENDSEC;
END-ISO-10303-21;
