ISO-10303-21;
HEADER;
FILE_DESCRIPTION (( 'STEP AP214' ),
    '1' );
FILE_NAME ('S14K275E2K1.STEP',
    '2022-01-22T03:20:24',
    ( '' ),
    ( '' ),
    'SwSTEP 2.0',
    'SolidWorks 2019',
    '' );
FILE_SCHEMA (( 'AUTOMOTIVE_DESIGN' ));
ENDSEC;

DATA;
#1 = CARTESIAN_POINT ( 'NONE',  ( 3.350000000000002309, -12.00000000000000000, 2.399999999999999911 ) ) ;
#2 = CARTESIAN_POINT ( 'NONE',  ( 3.956467961178496306, -9.477849869404771255, 0.9756437828884736430 ) ) ;
#3 = ADVANCED_FACE ( 'NONE', ( #879 ), #674, .T. ) ;
#4 = CARTESIAN_POINT ( 'NONE',  ( 4.332274170710452843, -8.441162642379564929, 1.311111111111111116 ) ) ;
#5 = CARTESIAN_POINT ( 'NONE',  ( 4.362392554175792192, -11.24761471947020475, 1.600000000000000089 ) ) ;
#6 = ADVANCED_FACE ( 'NONE', ( #755 ), #20, .F. ) ;
#7 = VERTEX_POINT ( 'NONE', #494 ) ;
#8 = CARTESIAN_POINT ( 'NONE',  ( -3.608412896314147300, -6.981372733195859936, 0.9121239425215202923 ) ) ;
#9 = ORIENTED_EDGE ( 'NONE', *, *, #50, .T. ) ;
#10 = CARTESIAN_POINT ( 'NONE',  ( 3.164904791135035644, -10.45860535353151022, 1.600000000000000089 ) ) ;
#11 = CARTESIAN_POINT ( 'NONE',  ( 4.335095208864969685, -10.45860535353151022, 1.600000000000000089 ) ) ;
#12 = CARTESIAN_POINT ( 'NONE',  ( -0.8288017932118255660, -10.91858908410646656, 0.000000000000000000 ) ) ;
#13 = CARTESIAN_POINT ( 'NONE',  ( 3.164904791135035644, -10.45860535353151199, 0.4298095822700666035 ) ) ;
#14 = AXIS2_PLACEMENT_3D ( 'NONE', #478, #580, #48 ) ;
#15 = VERTEX_POINT ( 'NONE', #912 ) ;
#16 = ORIENTED_EDGE ( 'NONE', *, *, #309, .T. ) ;
#17 = CARTESIAN_POINT ( 'NONE',  ( -3.962188536737599964, -5.855502416964367463, -2.220237112633279608 ) ) ;
#18 = VERTEX_POINT ( 'NONE', #602 ) ;
#19 = CARTESIAN_POINT ( 'NONE',  ( -6.974903099319416988, -8.441162642379568481, 0.000000000000000000 ) ) ;
#20 =( BOUNDED_SURFACE ( )  B_SPLINE_SURFACE ( 3, 2, ( 
 ( #352, #774, #145 ),
 ( #151, #1164, #567 ),
 ( #459, #884, #1296 ),
 ( #359, #229, #649 ),
 ( #1059, #1107, #1112 ),
 ( #184, #276, #282 ),
 ( #364, #1011, #590 ),
 ( #583, #688, #596 ),
 ( #499, #1118, #51 ),
 ( #369, #999, #474 ),
 ( #908, #384, #63 ),
 ( #1321, #607, #577 ),
 ( #288, #157, #1216 ),
 ( #479, #392, #992 ),
 ( #902, #1226, #897 ),
 ( #1315, #808, #1306 ),
 ( #705, #465, #166 ),
 ( #377, #1302, #698 ),
 ( #791, #266, #77 ),
 ( #915, #189, #681 ),
 ( #1331, #815, #176 ),
 ( #1203, #57, #710 ),
 ( #890, #784, #1099 ),
 ( #1196, #800, #1092 ),
 ( #271, #1209, #1007 ),
 ( #70, #491, #387 ),
 ( #509, #1116, #1341 ),
 ( #75, #715, #1124 ),
 ( #186, #1024, #88 ),
 ( #405, #181, #594 ) ),
 .UNSPECIFIED., .F., .F., .F. ) 
 B_SPLINE_SURFACE_WITH_KNOTS ( ( 4, 2, 2, 2, 2, 2, 2, 2, 2, 2, 2, 2, 2, 2, 4 ),
 ( 3, 3 ),
 ( 0.01352635559471772157, 0.01504341276865723415, 0.01580194135562699304, 0.01656046994259674845, 0.01731899852956650387, 0.01807752711653626276, 0.01883605570350602165, 0.01959458429047577707, 0.02035311287744553249, 0.02111164146441529138, 0.02262869863835480569, 0.02338722722532456111, 0.02414575581229432000, 0.02490428439926407889, 0.02566281298623383431 ),
 ( 0.000000000000000000, 1.000000000000000000 ),
 .UNSPECIFIED. ) 
 GEOMETRIC_REPRESENTATION_ITEM ( )  RATIONAL_B_SPLINE_SURFACE ( (
 ( 1.000000000000000000, 0.8030978643040027620, 1.000000000000000000),
 ( 1.000000000000000000, 0.8288219522992229527, 1.000000000000000000),
 ( 1.000000000000000000, 0.8537475908246983103, 1.000000000000000000),
 ( 1.000000000000000000, 0.8877901740512084139, 1.000000000000000000),
 ( 1.000000000000000000, 0.8986020662958603689, 1.000000000000000000),
 ( 1.000000000000000000, 0.9183615453154204689, 1.000000000000000000),
 ( 1.000000000000000000, 0.9273844685379617481, 1.000000000000000000),
 ( 1.000000000000000000, 0.9435346576900784932, 1.000000000000000000),
 ( 1.000000000000000000, 0.9507004914449146415, 1.000000000000000000),
 ( 1.000000000000000000, 0.9626735613231347521, 1.000000000000000000),
 ( 1.000000000000000000, 0.9674381741695607939, 1.000000000000000000),
 ( 1.000000000000000000, 0.9742338079926682326, 1.000000000000000000),
 ( 1.000000000000000000, 0.9761168090382784657, 1.000000000000000000),
 ( 1.000000000000000000, 0.9770545902620560996, 1.000000000000000000),
 ( 1.000000000000000000, 0.9761046772933962279, 1.000000000000000000),
 ( 1.000000000000000000, 0.9723601263859097399, 1.000000000000000000),
 ( 1.000000000000000000, 0.9696414900122424241, 1.000000000000000000),
 ( 1.000000000000000000, 0.9633067944871540611, 1.000000000000000000),
 ( 1.000000000000000000, 0.9596538922112928249, 1.000000000000000000),
 ( 1.000000000000000000, 0.9482145153415986183, 1.000000000000000000),
 ( 1.000000000000000000, 0.9396719565361986160, 1.000000000000000000),
 ( 1.000000000000000000, 0.9271581741548244882, 1.000000000000000000),
 ( 1.000000000000000000, 0.9229570879499540137, 1.000000000000000000),
 ( 1.000000000000000000, 0.9148352488751596567, 1.000000000000000000),
 ( 1.000000000000000000, 0.9109153710345327948, 1.000000000000000000),
 ( 1.000000000000000000, 0.9033229611931290481, 1.000000000000000000),
 ( 1.000000000000000000, 0.8996247128137863092, 1.000000000000000000),
 ( 1.000000000000000000, 0.8926658589772877850, 1.000000000000000000),
 ( 1.000000000000000000, 0.8893731551904324739, 1.000000000000000000),
 ( 1.000000000000000000, 0.8861739357052235144, 1.000000000000000000) ) ) 
 REPRESENTATION_ITEM ( '' )  SURFACE ( )  );
#21 = CARTESIAN_POINT ( 'NONE',  ( 0.000000000000000000, 0.000000000000000000, 0.000000000000000000 ) ) ;
#22 = ORIENTED_EDGE ( 'NONE', *, *, #401, .T. ) ;
#23 = VERTEX_POINT ( 'NONE', #1327 ) ;
#24 = PRODUCT_DEFINITION_FORMATION_WITH_SPECIFIED_SOURCE ( 'ÈÎºÎ', '', #1221, .NOT_KNOWN. ) ;
#25 = CARTESIAN_POINT ( 'NONE',  ( -5.334433254346171438, -5.919619830045125930, -0.4471448622215165591 ) ) ;
#26 = CARTESIAN_POINT ( 'NONE',  ( -4.299026037811995771, -7.028361520516543060, -1.951922148534578350 ) ) ;
#27 = CARTESIAN_POINT ( 'NONE',  ( 0.4570110811726769695, -7.460789380442718333, 1.688238971494523621 ) ) ;
#28 = CARTESIAN_POINT ( 'NONE',  ( -3.858109092048854549, -9.687135015279471517, -0.9590534934829810787 ) ) ;
#29 = ORIENTED_EDGE ( 'NONE', *, *, #1181, .F. ) ;
#30 = VERTEX_POINT ( 'NONE', #1329 ) ;
#31 = CARTESIAN_POINT ( 'NONE',  ( -4.332274170710448402, -8.441162642379566705, -1.311111111111110894 ) ) ;
#32 = ORIENTED_EDGE ( 'NONE', *, *, #1113, .T. ) ;
#33 = CARTESIAN_POINT ( 'NONE',  ( -3.749999999999998224, -4.785533905932811471, -1.600000000000000089 ) ) ;
#34 = CARTESIAN_POINT ( 'NONE',  ( -2.784350598492395079, -7.948490805966375916, -0.8054899545244175174 ) ) ;
#35 = CARTESIAN_POINT ( 'NONE',  ( -1.498291120311757929, -6.676513234405813790, -2.353049714602854614 ) ) ;
#36 = AXIS2_PLACEMENT_3D ( 'NONE', #1243, #283, #311 ) ;
#37 = ORIENTED_EDGE ( 'NONE', *, *, #290, .T. ) ;
#38 = AXIS2_PLACEMENT_3D ( 'NONE', #146, #568, #981 ) ;
#39 = CARTESIAN_POINT ( 'NONE',  ( -4.511918955697147737, -6.166293802825077108, -1.548543712844392628 ) ) ;
#40 = DIRECTION ( 'NONE',  ( 1.000000000000000000, 1.561251128379125892E-16, 0.000000000000000000 ) ) ;
#41 = CARTESIAN_POINT ( 'NONE',  ( 3.100000000000001865, -9.687135015279469741, 1.600000000000000089 ) ) ;
#42 = CARTESIAN_POINT ( 'NONE',  ( -1.267337980603682634, -7.841192785436818191, 0.5838772013711107656 ) ) ;
#43 = CARTESIAN_POINT ( 'NONE',  ( -4.830572104180544279, -5.224321747427560503, -2.111742566521445319 ) ) ;
#44 = CARTESIAN_POINT ( 'NONE',  ( -3.986607585967842482, -6.811739375242359174, 0.8006184652953164393 ) ) ;
#45 = CARTESIAN_POINT ( 'NONE',  ( -4.378694728209925557, -7.444949845425143486, -1.770486718225044331 ) ) ;
#46 = CARTESIAN_POINT ( 'NONE',  ( -0.6055172918442560670, -7.977051385648558757, 0.000000000000000000 ) ) ;
#47 = CARTESIAN_POINT ( 'NONE',  ( -3.030764622463451019, -7.915000348165295740, -0.8023269566026639543 ) ) ;
#48 = DIRECTION ( 'NONE',  ( 0.000000000000000000, 0.000000000000000000, -1.000000000000000000 ) ) ;
#49 =( BOUNDED_SURFACE ( )  B_SPLINE_SURFACE ( 3, 2, ( 
 ( #253, #673, #261 ),
 ( #1086, #172, #588 ),
 ( #1004, #1238, #1224 ),
 ( #807, #798, #407 ),
 ( #1208, #514, #197 ),
 ( #826, #304, #69 ),
 ( #391, #1111, #703 ),
 ( #281, #696, #906 ),
 ( #1313, #819, #273 ),
 ( #1117, #620, #375 ),
 ( #1029, #97, #727 ),
 ( #1319, #294, #814 ) ),
 .UNSPECIFIED., .F., .F., .F. ) 
 B_SPLINE_SURFACE_WITH_KNOTS ( ( 4, 2, 2, 2, 2, 4 ),
 ( 3, 3 ),
 ( 0.01163031851076977083, 0.01275211430330767254, 0.01387391009584557598, 0.01443480799211452684, 0.01499570588838347943, 0.01611750168092138114 ),
 ( 0.000000000000000000, 1.000000000000000000 ),
 .UNSPECIFIED. ) 
 GEOMETRIC_REPRESENTATION_ITEM ( )  RATIONAL_B_SPLINE_SURFACE ( (
 ( 1.000000000000000000, 0.8337176389953383504, 1.000000000000000000),
 ( 1.000000000000000000, 0.8372124517633759977, 1.000000000000000000),
 ( 1.000000000000000000, 0.8392462432041839504, 1.000000000000000000),
 ( 1.000000000000000000, 0.8406818246520689764, 1.000000000000000000),
 ( 1.000000000000000000, 0.8400613384600171818, 1.000000000000000000),
 ( 1.000000000000000000, 0.8378516605184276322, 1.000000000000000000),
 ( 1.000000000000000000, 0.8369049303538895757, 1.000000000000000000),
 ( 1.000000000000000000, 0.8347468467511569568, 1.000000000000000000),
 ( 1.000000000000000000, 0.8335301792072445926, 1.000000000000000000),
 ( 1.000000000000000000, 0.8295569001605365145, 1.000000000000000000),
 ( 1.000000000000000000, 0.8265241509423247868, 1.000000000000000000),
 ( 1.000000000000000000, 0.8233835555290132113, 1.000000000000000000) ) ) 
 REPRESENTATION_ITEM ( '' )  SURFACE ( )  );
#50 = EDGE_CURVE ( 'NONE', #1026, #962, #850, .T. ) ;
#51 = CARTESIAN_POINT ( 'NONE',  ( 3.608617997666181854, -7.415260549780549937, 2.235516383993179979 ) ) ;
#52 = CARTESIAN_POINT ( 'NONE',  ( 3.750000000000002665, -9.687135015279469741, 1.600000000000000089 ) ) ;
#53 = CARTESIAN_POINT ( 'NONE',  ( -3.099999999999998312, -9.687135015279469741, -2.900000000000000355 ) ) ;
#54 = CARTESIAN_POINT ( 'NONE',  ( -5.299450551039433854, -5.433825208340641311, -1.508430441056800131 ) ) ;
#55 = CYLINDRICAL_SURFACE ( 'NONE', #848, 0.6500000000000001332 ) ;
#56 =( BOUNDED_SURFACE ( )  B_SPLINE_SURFACE ( 3, 3, ( 
 ( #419, #1136, #923, #325 ),
 ( #622, #945, #205, #10 ),
 ( #1021, #1130, #1151, #100 ),
 ( #410, #1027, #1, #506 ) ),
 .UNSPECIFIED., .F., .F., .F. ) 
 B_SPLINE_SURFACE_WITH_KNOTS ( ( 4, 4 ),
 ( 4, 4 ),
 ( 0.000000000000000000, 1.000000000000000000 ),
 ( 0.000000000000000000, 1.000000000000000000 ),
 .UNSPECIFIED. ) 
 GEOMETRIC_REPRESENTATION_ITEM ( )  RATIONAL_B_SPLINE_SURFACE ( (
 ( 1.000000000000000000, 0.3333333333333334259, 0.3333333333333334259, 1.000000000000000000),
 ( 1.000000000000000000, 0.3333333333333334259, 0.3333333333333334259, 1.000000000000000000),
 ( 1.000000000000000000, 0.3333333333333334259, 0.3333333333333334259, 1.000000000000000000),
 ( 1.000000000000000000, 0.3333333333333334259, 0.3333333333333334259, 1.000000000000000000) ) ) 
 REPRESENTATION_ITEM ( '' )  SURFACE ( )  );
#57 = CARTESIAN_POINT ( 'NONE',  ( 4.493110206150152663, -6.333788290053393055, 1.352507595652110872 ) ) ;
#58 = AXIS2_PLACEMENT_3D ( 'NONE', #551, #333, #152 ) ;
#59 = CARTESIAN_POINT ( 'NONE',  ( 3.752312827595150502, -6.868740429513703560, 2.250823463125008139 ) ) ;
#60 = DIRECTION ( 'NONE',  ( -0.000000000000000000, -0.000000000000000000, -1.000000000000000000 ) ) ;
#61 = CARTESIAN_POINT ( 'NONE',  ( -0.2777573785470018874, -7.934130756009568408, -0.6201744197198297837 ) ) ;
#62 = CARTESIAN_POINT ( 'NONE',  ( -3.820910703624603943, -5.324082982764086758, -2.539682018057077606 ) ) ;
#63 = CARTESIAN_POINT ( 'NONE',  ( 3.719857879884298946, -6.968188220714869097, 2.250606062413093689 ) ) ;
#64 = FACE_OUTER_BOUND ( 'NONE', #436, .T. ) ;
#65 = EDGE_CURVE ( 'NONE', #110, #15, #212, .T. ) ;
#66 = DIRECTION ( 'NONE',  ( -0.000000000000000000, -0.000000000000000000, -1.000000000000000000 ) ) ;
#67 = CARTESIAN_POINT ( 'NONE',  ( -5.151808937422250878, -5.331046820468003489, -1.772367399311656211 ) ) ;
#68 = CARTESIAN_POINT ( 'NONE',  ( -3.749999999999998224, -9.687135015279469741, -1.600000000000000089 ) ) ;
#69 = CARTESIAN_POINT ( 'NONE',  ( 3.452703324014605446, -9.687135015381425518, 1.021021761342071121 ) ) ;
#70 = CARTESIAN_POINT ( 'NONE',  ( 5.369583833528206007, -5.859672919228378518, 0.5663841633348225546 ) ) ;
#71 = CARTESIAN_POINT ( 'NONE',  ( 2.739858793848858109, -7.333200262643266854, -1.003256543273199464 ) ) ;
#72 = CARTESIAN_POINT ( 'NONE',  ( 4.400061552924433350, -8.023942036152796220, 1.502841816454009383 ) ) ;
#73 = CARTESIAN_POINT ( 'NONE',  ( -2.384182779523608353, -7.762682665037623941, -0.9874335058007578381 ) ) ;
#74 = CARTESIAN_POINT ( 'NONE',  ( -1.579005377366462515, -7.748127232995986269, 0.7516782912854543808 ) ) ;
#75 = CARTESIAN_POINT ( 'NONE',  ( 5.236279741601445714, -6.041073610870124178, 0.2179007596278810244 ) ) ;
#76 = CARTESIAN_POINT ( 'NONE',  ( 0.6055172918442601748, -7.977051385648558757, 0.000000000000000000 ) ) ;
#77 = CARTESIAN_POINT ( 'NONE',  ( 4.205886135532963088, -6.760535395741054998, 2.065367670593436955 ) ) ;
#78 = CARTESIAN_POINT ( 'NONE',  ( 3.350858288036185240, -8.786571258075099422, 2.121244052734720498 ) ) ;
#79 = AXIS2_PLACEMENT_3D ( 'NONE', #1249, #926, #293 ) ;
#80 = CARTESIAN_POINT ( 'NONE',  ( -3.121092433997513904, -9.687135015447861264, -1.773066650070736827 ) ) ;
#81 = CARTESIAN_POINT ( 'NONE',  ( -3.749999999999998224, -9.687135015279469741, -2.250000000000000888 ) ) ;
#82 = CARTESIAN_POINT ( 'NONE',  ( 0.7684498139534696737, -7.958440281271449201, -0.1929772648555996561 ) ) ;
#83 = CARTESIAN_POINT ( 'NONE',  ( -4.149999999999998579, -12.00000000000000178, -0.7999999999999999334 ) ) ;
#84 = LINE ( 'NONE', #717, #260 ) ;
#85 = ORIENTED_EDGE ( 'NONE', *, *, #840, .T. ) ;
#86 = CARTESIAN_POINT ( 'NONE',  ( -2.518473749925688399, -7.883658111733778284, -0.9338395732288374829 ) ) ;
#87 = CARTESIAN_POINT ( 'NONE',  ( -2.268331925777097524, -7.510029573401036274, 0.9555156645242250946 ) ) ;
#88 = CARTESIAN_POINT ( 'NONE',  ( 4.351431613604742843, -8.353490305605086874, 1.349724171714128840 ) ) ;
#89 = CARTESIAN_POINT ( 'NONE',  ( -3.749999999999998224, -12.00000000000000178, -1.600000000000000089 ) ) ;
#90 = EDGE_CURVE ( 'NONE', #842, #1042, #744, .T. ) ;
#91 = PLANE ( 'NONE',  #167 ) ;
#92 = ORIENTED_EDGE ( 'NONE', *, *, #1260, .F. ) ;
#93 = UNCERTAINTY_MEASURE_WITH_UNIT (LENGTH_MEASURE( 1.000000000000000082E-05 ), #432, 'distance_accuracy_value', 'NONE');
#94 = CARTESIAN_POINT ( 'NONE',  ( -3.574101226811527532, -7.578855460633613816, -2.226708003298808247 ) ) ;
#95 = CARTESIAN_POINT ( 'NONE',  ( -3.749999999999998224, -9.687135015279469741, -1.600000000000000089 ) ) ;
#96 = CARTESIAN_POINT ( 'NONE',  ( -4.308617983865692835, -10.45436186742336915, -0.4827640322686110874 ) ) ;
#97 = CARTESIAN_POINT ( 'NONE',  ( 2.422784298274212489, -7.863493836959461802, 0.9305968407955488297 ) ) ;
#98 = EDGE_CURVE ( 'NONE', #136, #1044, #1017, .T. ) ;
#99 = EDGE_LOOP ( 'NONE', ( #445, #543, #85, #760 ) ) ;
#100 = CARTESIAN_POINT ( 'NONE',  ( 3.137607445824212249, -11.24761471947020475, 1.600000000000000089 ) ) ;
#101 = DIRECTION ( 'NONE',  ( 1.000000000000000000, 0.000000000000000000, 0.000000000000000000 ) ) ;
#102 = CARTESIAN_POINT ( 'NONE',  ( 4.863928756813209908, -6.340257839810795382, -0.2748014203389531618 ) ) ;
#103 = ORIENTED_EDGE ( 'NONE', *, *, #957, .T. ) ;
#104 = CARTESIAN_POINT ( 'NONE',  ( -3.719857879884238994, -6.968188220714759851, -2.250606062413094577 ) ) ;
#105 = EDGE_CURVE ( 'NONE', #439, #215, #832, .T. ) ;
#106 = DIRECTION ( 'NONE',  ( 0.000000000000000000, 0.000000000000000000, -1.000000000000000000 ) ) ;
#107 = CARTESIAN_POINT ( 'NONE',  ( -4.390144202662630057, -11.25401565755471012, -1.600000000000000089 ) ) ;
#108 = APPLICATION_CONTEXT ( 'automotive_design' ) ;
#109 = ORIENTED_EDGE ( 'NONE', *, *, #1260, .T. ) ;
#110 = VERTEX_POINT ( 'NONE', #825 ) ;
#111 = CARTESIAN_POINT ( 'NONE',  ( -3.386936007315966890, -8.585934004775916506, -2.140278265584659056 ) ) ;
#112 = CARTESIAN_POINT ( 'NONE',  ( -4.399999999999998579, -9.687135015279469741, -1.600000000000000089 ) ) ;
#113 = CARTESIAN_POINT ( 'NONE',  ( -3.356192010559848171, -8.753321308085114438, -2.125868802583048112 ) ) ;
#114 = EDGE_CURVE ( 'NONE', #1263, #638, #362, .T. ) ;
#115 = ORIENTED_EDGE ( 'NONE', *, *, #1016, .F. ) ;
#116 = ORIENTED_EDGE ( 'NONE', *, *, #1097, .F. ) ;
#117 = CARTESIAN_POINT ( 'NONE',  ( -4.746441594395577113, -5.211739787530919266, -2.172787627947116107 ) ) ;
#118 = CARTESIAN_POINT ( 'NONE',  ( 3.750000000000004885, -37.00000000000000711, 1.600000000000000089 ) ) ;
#119 = AXIS2_PLACEMENT_3D ( 'NONE', #12, #738, #1248 ) ;
#120 = AXIS2_PLACEMENT_3D ( 'NONE', #813, #526, #734 ) ;
#121 = EDGE_LOOP ( 'NONE', ( #323, #1357, #1289, #122 ) ) ;
#122 = ORIENTED_EDGE ( 'NONE', *, *, #957, .F. ) ;
#123 = CARTESIAN_POINT ( 'NONE',  ( -3.977272778824865185, -6.514371710516207337, -2.210729241585318139 ) ) ;
#124 = ORIENTED_EDGE ( 'NONE', *, *, #704, .F. ) ;
#125 = CARTESIAN_POINT ( 'NONE',  ( -3.750000000000013323, -6.882112097810337836, -2.250000000000000444 ) ) ;
#126 = CARTESIAN_POINT ( 'NONE',  ( -4.390144202662630057, -11.25401565755471012, -1.600000000000000089 ) ) ;
#127 = ORIENTED_EDGE ( 'NONE', *, *, #575, .T. ) ;
#128 = ORIENTED_EDGE ( 'NONE', *, *, #975, .T. ) ;
#129 = CARTESIAN_POINT ( 'NONE',  ( -4.172806067980288525, -6.690044300456377435, -2.095728865417645359 ) ) ;
#130 = ORIENTED_EDGE ( 'NONE', *, *, #50, .F. ) ;
#131 = CARTESIAN_POINT ( 'NONE',  ( -3.857235646023007725, -6.623333543728119110, -2.242149640038099356 ) ) ;
#132 = CARTESIAN_POINT ( 'NONE',  ( -3.366297167258184508, -9.687135015347163147, -1.074242749214372017 ) ) ;
#133 = CARTESIAN_POINT ( 'NONE',  ( 5.049999999999999822, 0.000000000000000000, 0.000000000000000000 ) ) ;
#134 = VERTEX_POINT ( 'NONE', #831 ) ;
#135 = CARTESIAN_POINT ( 'NONE',  ( -5.398474473878053459, -5.584649497282436315, -1.155220201492033416 ) ) ;
#136 = VERTEX_POINT ( 'NONE', #1223 ) ;
#137 = CARTESIAN_POINT ( 'NONE',  ( 3.164904791135035644, -10.45860535353151022, 1.600000000000000089 ) ) ;
#138 = CARTESIAN_POINT ( 'NONE',  ( 3.410789611064634297, -7.065224392025262645, -0.9516217854239903406 ) ) ;
#139 = CARTESIAN_POINT ( 'NONE',  ( 3.210677508348338094, -9.687135015279469741, 1.962810212092549023 ) ) ;
#140 = CARTESIAN_POINT ( 'NONE',  ( -0.8910491604675397914, -7.938193742850381263, 0.3197906206746995994 ) ) ;
#141 = CARTESIAN_POINT ( 'NONE',  ( 4.400000000000002132, -9.687135015279469741, 0.2999999999999994893 ) ) ;
#142 = AXIS2_PLACEMENT_3D ( 'NONE', #1292, #664, #988 ) ;
#143 = CIRCLE ( 'NONE', #518, 0.4000000000000001887 ) ;
#144 = CARTESIAN_POINT ( 'NONE',  ( -5.134518760470027310, -5.309784674735698040, -1.818615994713898010 ) ) ;
#145 = CARTESIAN_POINT ( 'NONE',  ( 3.210677508348337650, -9.687135015279469741, 1.962810212092549023 ) ) ;
#146 = CARTESIAN_POINT ( 'NONE',  ( 0.000000000000000000, 0.000000000000000000, -2.950000000000000178 ) ) ;
#147 = ADVANCED_FACE ( 'NONE', ( #739 ), #863, .F. ) ;
#148 = CARTESIAN_POINT ( 'NONE',  ( -2.636917390241025672, -7.936322142512012512, -0.8393006272520676658 ) ) ;
#149 = CARTESIAN_POINT ( 'NONE',  ( -2.542209685149744658, -5.972887766857991387, -2.578422953091517034 ) ) ;
#150 = B_SPLINE_CURVE_WITH_KNOTS ( 'NONE', 3,
 ( #556, #447, #346, #769, #248, #661, #1073, #454 ),
 .UNSPECIFIED., .F., .F.,
 ( 4, 2, 2, 4 ),
 ( 0.000000000000000000, 0.0005953860904753215111, 0.001190772180950643022, 0.002381544361901286044 ),
 .UNSPECIFIED. ) ;
#151 = CARTESIAN_POINT ( 'NONE',  ( 0.7648404857116601896, -7.209951070900490144, 1.980329539349815482 ) ) ;
#152 = DIRECTION ( 'NONE',  ( 0.000000000000000000, 0.000000000000000000, -1.000000000000000000 ) ) ;
#153 = CARTESIAN_POINT ( 'NONE',  ( -4.634428207197904825, -6.480266761234272366, 0.4629804019478673260 ) ) ;
#154 = DIRECTION ( 'NONE',  ( -1.000000000000000000, 1.224646799147353207E-16, 0.000000000000000000 ) ) ;
#155 = CARTESIAN_POINT ( 'NONE',  ( -3.338976196043723643, -9.687135015126099091, -1.095223157110658763 ) ) ;
#156 = FACE_OUTER_BOUND ( 'NONE', #121, .T. ) ;
#157 = CARTESIAN_POINT ( 'NONE',  ( 3.645679955931182992, -6.012216707731890430, 2.278438843361673349 ) ) ;
#158 = CARTESIAN_POINT ( 'NONE',  ( 4.209483039638163504, -6.770939308792092604, 2.060869896409274205 ) ) ;
#159 = CARTESIAN_POINT ( 'NONE',  ( 3.208482407401108905, -7.147098534719290797, -0.9749287872779006658 ) ) ;
#160 = CARTESIAN_POINT ( 'NONE',  ( -2.375591445182970052, -7.820478891414625267, -0.9671451513632107755 ) ) ;
#161 = CARTESIAN_POINT ( 'NONE',  ( -2.034346776213917796, -7.594353356190485904, 0.9063641641757271827 ) ) ;
#162 = CARTESIAN_POINT ( 'NONE',  ( 2.365351120757256620, -7.800267152647673896, 0.9807179941632033771 ) ) ;
#163 = EDGE_CURVE ( 'NONE', #1049, #752, #498, .T. ) ;
#164 = CARTESIAN_POINT ( 'NONE',  ( 4.485281058620935291, -6.563020756251142451, -0.5621677633565079768 ) ) ;
#165 = CIRCLE ( 'NONE', #341, 0.3999999999999997446 ) ;
#166 = CARTESIAN_POINT ( 'NONE',  ( 4.100702327365943312, -6.580017650576366783, 2.149108328756115238 ) ) ;
#167 = AXIS2_PLACEMENT_3D ( 'NONE', #287, #589, #182 ) ;
#168 = CARTESIAN_POINT ( 'NONE',  ( 3.471448991619528801, -8.107089260870832703, 2.189098211604315392 ) ) ;
#169 = CARTESIAN_POINT ( 'NONE',  ( 5.350684071137401965, -5.491334303488225821, 1.370545385415164574 ) ) ;
#170 = CARTESIAN_POINT ( 'NONE',  ( 0.3804939430079381513, -7.538981967861565714, 1.577390876510947670 ) ) ;
#171 = CARTESIAN_POINT ( 'NONE',  ( 1.051260449937853947, -7.898898814500647347, -0.4398625323944972410 ) ) ;
#172 = CARTESIAN_POINT ( 'NONE',  ( 3.109455840413636984, -7.890806072459370490, 0.8175884759717413353 ) ) ;
#173 = CARTESIAN_POINT ( 'NONE',  ( -3.749999999999995115, -37.00000000000000711, -1.600000000000000089 ) ) ;
#174 = CARTESIAN_POINT ( 'NONE',  ( 3.585916428752620622, -7.517088954476868423, 0.7270622260077802546 ) ) ;
#175 = ADVANCED_FACE ( 'NONE', ( #766 ), #892, .T. ) ;
#176 = CARTESIAN_POINT ( 'NONE',  ( 4.337142584269171763, -7.171525027547133391, 1.891641415471345899 ) ) ;
#177 = CARTESIAN_POINT ( 'NONE',  ( 2.974665248274288576, -7.241724821531057898, -1.001865924421126763 ) ) ;
#178 = DIRECTION ( 'NONE',  ( -0.000000000000000000, -0.000000000000000000, -1.000000000000000000 ) ) ;
#179 = CARTESIAN_POINT ( 'NONE',  ( -3.099256314260331546, -9.687135015201612021, -1.597270378791867174 ) ) ;
#180 = CARTESIAN_POINT ( 'NONE',  ( 3.971105536384940571, -5.278105771530674950, 2.509013339721172464 ) ) ;
#181 = CARTESIAN_POINT ( 'NONE',  ( 4.095947303095678116, -6.993250451616467522, 0.8347790812215235556 ) ) ;
#182 = DIRECTION ( 'NONE',  ( 1.000000000000000000, 0.000000000000000000, -0.000000000000000000 ) ) ;
#183 = B_SPLINE_CURVE_WITH_KNOTS ( 'NONE', 3,
 ( #838, #1047, #1153, #219, #637, #113, #533, #948 ),
 .UNSPECIFIED., .F., .F.,
 ( 4, 2, 2, 4 ),
 ( 0.002664711135454616870, 0.003381763793573526206, 0.004098816451692435109, 0.005532921767930248577 ),
 .UNSPECIFIED. ) ;
#184 = CARTESIAN_POINT ( 'NONE',  ( 1.792565313160823681, -6.473451693838455867, 2.436330637424068080 ) ) ;
#185 = CARTESIAN_POINT ( 'NONE',  ( -0.5797529038833443282, -7.360771798146978462, -1.804705202717827195 ) ) ;
#186 = CARTESIAN_POINT ( 'NONE',  ( 5.173333661025246499, -6.103009881039210605, 0.1069230249194523391 ) ) ;
#187 = CARTESIAN_POINT ( 'NONE',  ( -4.399999999999999467, -9.687135015279469741, -0.2999999999999994893 ) ) ;
#188 = PRODUCT_DEFINITION_SHAPE ( 'NONE', 'NONE',  #829 ) ;
#189 = CARTESIAN_POINT ( 'NONE',  ( 4.488933131543700661, -6.057359422136465277, 1.692665316558427557 ) ) ;
#190 = CIRCLE ( 'NONE', #561, 0.6500000000000001332 ) ;
#191 = DIRECTION ( 'NONE',  ( 1.000000000000000000, 0.000000000000000000, 0.000000000000000000 ) ) ;
#192 = AXIS2_PLACEMENT_3D ( 'NONE', #360, #909, #365 ) ;
#193 = CARTESIAN_POINT ( 'NONE',  ( -3.182385151408847701, -9.687135015279469741, -1.920753224911025736 ) ) ;
#194 = CARTESIAN_POINT ( 'NONE',  ( 3.375566754143435322, -5.494549961942424510, 2.602743299071631267 ) ) ;
#195 = ADVANCED_FACE ( 'NONE', ( #327 ), #301, .F. ) ;
#196 = DIRECTION ( 'NONE',  ( 0.000000000000000000, 0.7699550877476646349, 0.6380980824696828035 ) ) ;
#197 = CARTESIAN_POINT ( 'NONE',  ( 3.543463191500574094, -9.687135015075561739, 0.9801233957289069432 ) ) ;
#198 = ORIENTED_EDGE ( 'NONE', *, *, #677, .T. ) ;
#199 = CARTESIAN_POINT ( 'NONE',  ( -2.929687340276962981, -6.784647370393297905, -2.048818353574634266 ) ) ;
#200 = DIRECTION ( 'NONE',  ( -0.000000000000000000, -1.000000000000000000, -0.000000000000000000 ) ) ;
#201 =( GEOMETRIC_REPRESENTATION_CONTEXT ( 3 ) GLOBAL_UNCERTAINTY_ASSIGNED_CONTEXT ( ( #393 ) ) GLOBAL_UNIT_ASSIGNED_CONTEXT ( ( #1133, #489, #510 ) ) REPRESENTATION_CONTEXT ( 'NONE', 'WORKASPACE' ) );
#202 = DIRECTION ( 'NONE',  ( -0.000000000000000000, -1.000000000000000000, -0.000000000000000000 ) ) ;
#203 = CARTESIAN_POINT ( 'NONE',  ( 4.582986963518845158, -6.509788507444785211, -0.4999157497519070015 ) ) ;
#204 = ORIENTED_EDGE ( 'NONE', *, *, #733, .F. ) ;
#205 = CARTESIAN_POINT ( 'NONE',  ( 3.164904791135035644, -10.45860535353151199, 2.770190417729933685 ) ) ;
#206 = CARTESIAN_POINT ( 'NONE',  ( 4.150000000000003020, -12.00000000000000000, 1.600000000000000089 ) ) ;
#207 = ORIENTED_EDGE ( 'NONE', *, *, #975, .F. ) ;
#208 = EDGE_CURVE ( 'NONE', #15, #433, #712, .T. ) ;
#209 = CARTESIAN_POINT ( 'NONE',  ( -2.946873747932699850, -5.730793807220351255, -2.601678329131505318 ) ) ;
#210 = CIRCLE ( 'NONE', #409, 0.3999999999999997446 ) ;
#211 = CARTESIAN_POINT ( 'NONE',  ( -3.410789611064634741, -7.065224392025227118, 0.9516217854240862639 ) ) ;
#212 = CIRCLE ( 'NONE', #1057, 2.950000000000000622 ) ;
#213 = CARTESIAN_POINT ( 'NONE',  ( 0.6055172918442601748, -7.977051385648558757, 0.000000000000000000 ) ) ;
#214 = CARTESIAN_POINT ( 'NONE',  ( -3.109855797337366390, -11.25401565755471012, -1.600000000000000089 ) ) ;
#215 = VERTEX_POINT ( 'NONE', #1084 ) ;
#216 = ORIENTED_EDGE ( 'NONE', *, *, #1065, .F. ) ;
#217 = CARTESIAN_POINT ( 'NONE',  ( -3.534106881352172991, -6.099579222228875608, -2.274992828185119276 ) ) ;
#218 = FACE_OUTER_BOUND ( 'NONE', #221, .T. ) ;
#219 = CARTESIAN_POINT ( 'NONE',  ( -3.526018707101664873, -7.813320688846125961, -2.212296089181395864 ) ) ;
#220 = CARTESIAN_POINT ( 'NONE',  ( 2.427388240185936574, -7.776199817923115987, 0.9627786984627153544 ) ) ;
#221 = EDGE_LOOP ( 'NONE', ( #226, #116, #749, #1048, #861, #615, #198, #216, #546, #1020 ) ) ;
#222 = EDGE_LOOP ( 'NONE', ( #820, #557, #1030, #324, #954, #927 ) ) ;
#223 = CARTESIAN_POINT ( 'NONE',  ( -0.7648404857121967604, -7.209951070900756598, -1.980329539349417356 ) ) ;
#224 = CARTESIAN_POINT ( 'NONE',  ( -4.149999999999998579, -12.00000000000000178, -1.600000000000000089 ) ) ;
#225 = CARTESIAN_POINT ( 'NONE',  ( 3.121092433997450399, -9.687135015447859487, 1.773066650070550310 ) ) ;
#226 = ORIENTED_EDGE ( 'NONE', *, *, #98, .F. ) ;
#227 = EDGE_LOOP ( 'NONE', ( #554, #37, #956, #950 ) ) ;
#228 = CARTESIAN_POINT ( 'NONE',  ( -3.645679955931457439, -6.012216707732005894, -2.278438843362119215 ) ) ;
#229 = CARTESIAN_POINT ( 'NONE',  ( 2.547031201969574887, -7.435832784803706907, 1.577901440352347917 ) ) ;
#230 = AXIS2_PLACEMENT_3D ( 'NONE', #974, #757, #1075 ) ;
#231 = CARTESIAN_POINT ( 'NONE',  ( -4.382830105518559449, -7.432674208588289311, -1.777033128863458877 ) ) ;
#232 = CIRCLE ( 'NONE', #763, 0.6500000000000001332 ) ;
#233 = CARTESIAN_POINT ( 'NONE',  ( -3.349999999999997868, -12.00000000000000178, -1.600000000000000089 ) ) ;
#234 = EDGE_CURVE ( 'NONE', #402, #1272, #905, .T. ) ;
#235 = CARTESIAN_POINT ( 'NONE',  ( -3.743812969731059592, -7.367939139728567177, -0.7293487302900268920 ) ) ;
#236 = AXIS2_PLACEMENT_3D ( 'NONE', #1172, #1179, #764 ) ;
#237 = ORIENTED_EDGE ( 'NONE', *, *, #1307, .F. ) ;
#238 =( NAMED_UNIT ( * ) PLANE_ANGLE_UNIT ( ) SI_UNIT ( $, .RADIAN. ) );
#239 = ORIENTED_EDGE ( 'NONE', *, *, #558, .F. ) ;
#240 = CARTESIAN_POINT ( 'NONE',  ( -4.149090312414521975, -6.931302869852312476, -0.8628451642406256283 ) ) ;
#241 = CARTESIAN_POINT ( 'NONE',  ( -4.081403795004325374, -6.554382577236716578, -2.161652080588859270 ) ) ;
#242 = CARTESIAN_POINT ( 'NONE',  ( 3.182385151408770430, -9.687135015279469741, 1.920753224910904944 ) ) ;
#243 = CARTESIAN_POINT ( 'NONE',  ( -1.475868459364248153, -7.779190064160267148, 0.6963407801111145545 ) ) ;
#244 = DIRECTION ( 'NONE',  ( 0.000000000000000000, -1.000000000000000000, 0.000000000000000000 ) ) ;
#245 = CARTESIAN_POINT ( 'NONE',  ( -4.215936595710188861, -8.852235237136065749, -1.143923743676560578 ) ) ;
#246 = ORIENTED_EDGE ( 'NONE', *, *, #941, .F. ) ;
#247 = EDGE_CURVE ( 'NONE', #1026, #833, #913, .T. ) ;
#248 = CARTESIAN_POINT ( 'NONE',  ( -4.426675376005826834, -6.594213986850039788, 0.5967674515648024869 ) ) ;
#249 = CARTESIAN_POINT ( 'NONE',  ( 4.362392554175792192, -11.24761471947020475, 1.600000000000000089 ) ) ;
#250 = CARTESIAN_POINT ( 'NONE',  ( 2.470112968926140518, -7.819706973154837648, 0.9405223008294264497 ) ) ;
#251 = CARTESIAN_POINT ( 'NONE',  ( -2.542746463808222224, -7.915287899629099400, -0.8715975190606578549 ) ) ;
#252 = EDGE_CURVE ( 'NONE', #215, #1066, #718, .T. ) ;
#253 = CARTESIAN_POINT ( 'NONE',  ( 3.208482407401108905, -7.147098534719290797, -0.9749287872779013320 ) ) ;
#254 = ADVANCED_FACE ( 'NONE', ( #462 ), #997, .F. ) ;
#255 = CARTESIAN_POINT ( 'NONE',  ( -4.197805212439317479, -6.731266561233267609, -2.076330529337666597 ) ) ;
#256 = CARTESIAN_POINT ( 'NONE',  ( 2.518473749925691507, -7.883658111733778284, 0.9338395732288378159 ) ) ;
#257 = CARTESIAN_POINT ( 'NONE',  ( -2.422784298274946124, -7.863493836958487471, -0.9305968407951460408 ) ) ;
#258 = CARTESIAN_POINT ( 'NONE',  ( -5.410527389966228284, -5.616428941104797623, -1.083000626291682034 ) ) ;
#259 = CIRCLE ( 'NONE', #1014, 8.000000000000000000 ) ;
#260 = VECTOR ( 'NONE', #497, 1000.000000000000000 ) ;
#261 = CARTESIAN_POINT ( 'NONE',  ( 3.858109092048858546, -9.687135015279469741, 0.9590534934829803015 ) ) ;
#262 = ORIENTED_EDGE ( 'NONE', *, *, #795, .F. ) ;
#263 = CARTESIAN_POINT ( 'NONE',  ( -3.964383849871334853, -7.141835210855520977, -0.7754917788761264141 ) ) ;
#264 = CARTESIAN_POINT ( 'NONE',  ( 1.754380785091495643, -6.498243604947592011, 2.431171794090700722 ) ) ;
#265 = CARTESIAN_POINT ( 'NONE',  ( 0.5797529038833483250, -7.360771798146978462, 1.804705202717827639 ) ) ;
#266 = CARTESIAN_POINT ( 'NONE',  ( 4.382029542778135500, -5.930414934521296644, 1.895520723363156801 ) ) ;
#267 = DIRECTION ( 'NONE',  ( 1.214306433183764966E-16, -1.000000000000000000, 0.000000000000000000 ) ) ;
#268 = CARTESIAN_POINT ( 'NONE',  ( -0.2389201755782148495, -7.893040076969752405, -0.7937622233628963686 ) ) ;
#269 = CARTESIAN_POINT ( 'NONE',  ( -5.250283714236158694, -6.027602947703655900, -0.2419159612624835476 ) ) ;
#270 = DIRECTION ( 'NONE',  ( 0.000000000000000000, 0.000000000000000000, -1.000000000000000000 ) ) ;
#271 = CARTESIAN_POINT ( 'NONE',  ( 5.409825284380353594, -5.745422003503148467, 0.8025170601197383347 ) ) ;
#272 = DIRECTION ( 'NONE',  ( -0.000000000000000000, -1.000000000000000000, -0.000000000000000000 ) ) ;
#273 = CARTESIAN_POINT ( 'NONE',  ( 3.338976196043740075, -9.687135015125974746, 1.095223157110581935 ) ) ;
#274 = CARTESIAN_POINT ( 'NONE',  ( 3.743812969731064477, -7.367939139728302500, 0.7293487302900598657 ) ) ;
#275 = AXIS2_PLACEMENT_3D ( 'NONE', #1207, #694, #1104 ) ;
#276 = CARTESIAN_POINT ( 'NONE',  ( 2.705528567855047140, -7.129274589124693584, 1.837057623317967181 ) ) ;
#277 = CARTESIAN_POINT ( 'NONE',  ( -0.6055172918442630614, -7.977051385648558757, -1.171139950636801205E-15 ) ) ;
#278 = CARTESIAN_POINT ( 'NONE',  ( 3.091904669234713854, -5.646999177859626684, 2.607403299263944429 ) ) ;
#279 = CARTESIAN_POINT ( 'NONE',  ( 3.179911781543560689, -9.687135015279469741, 1.287751023737210065 ) ) ;
#280 = DIRECTION ( 'NONE',  ( -0.000000000000000000, -1.000000000000000000, -0.000000000000000000 ) ) ;
#281 = CARTESIAN_POINT ( 'NONE',  ( 1.267337980603042258, -7.841192785436920332, -0.5838772013711619469 ) ) ;
#282 = CARTESIAN_POINT ( 'NONE',  ( 3.477023198885983213, -8.078354875236056998, 2.190897174677792769 ) ) ;
#283 = DIRECTION ( 'NONE',  ( 0.000000000000000000, 0.000000000000000000, 1.000000000000000000 ) ) ;
#284 = CARTESIAN_POINT ( 'NONE',  ( -3.749999999999998224, -12.00000000000000178, -1.600000000000000089 ) ) ;
#285 = DIRECTION ( 'NONE',  ( 0.000000000000000000, 0.000000000000000000, -1.000000000000000000 ) ) ;
#286 = CARTESIAN_POINT ( 'NONE',  ( 3.578149409859352037, -6.997493535966885503, -0.9323409345312096974 ) ) ;
#287 = CARTESIAN_POINT ( 'NONE',  ( 0.000000000000000000, 0.000000000000000000, 2.950000000000000178 ) ) ;
#288 = CARTESIAN_POINT ( 'NONE',  ( 3.506251494675599378, -5.443469811763444355, 2.585127742684690144 ) ) ;
#289 = CARTESIAN_POINT ( 'NONE',  ( 4.229749309063564944, -6.821329316060558590, 2.039477435264756444 ) ) ;
#290 = EDGE_CURVE ( 'NONE', #1263, #136, #298, .T. ) ;
#291 = CARTESIAN_POINT ( 'NONE',  ( -3.125431830452626958, -9.687135015510097702, -1.408805244693840608 ) ) ;
#292 = CARTESIAN_POINT ( 'NONE',  ( -0.7684498139534660099, -7.958440281271450978, 0.1929772648555994896 ) ) ;
#293 = DIRECTION ( 'NONE',  ( -0.8847501205594138218, 0.000000000000000000, -0.4660656865401084925 ) ) ;
#294 = CARTESIAN_POINT ( 'NONE',  ( 2.398086103474636577, -7.840982134018100957, 0.9497242557982902289 ) ) ;
#295 = ORIENTED_EDGE ( 'NONE', *, *, #575, .F. ) ;
#296 = CIRCLE ( 'NONE', #36, 5.049999999999999822 ) ;
#297 = CARTESIAN_POINT ( 'NONE',  ( -1.507081805520286810, -6.671701359075407289, -2.347712472641359405 ) ) ;
#298 = CIRCLE ( 'NONE', #804, 2.950000000000000178 ) ;
#299 = AXIS2_PLACEMENT_3D ( 'NONE', #662, #781, #880 ) ;
#300 = ADVANCED_FACE ( 'NONE', ( #893 ), #1135, .F. ) ;
#301 =( BOUNDED_SURFACE ( )  B_SPLINE_SURFACE ( 3, 3, ( 
 ( #854, #334, #141, #444 ),
 ( #1262, #13, #868, #322 ),
 ( #1161, #643, #942, #5 ),
 ( #1271, #1063, #1281, #659 ) ),
 .UNSPECIFIED., .F., .F., .F. ) 
 B_SPLINE_SURFACE_WITH_KNOTS ( ( 4, 4 ),
 ( 4, 4 ),
 ( 0.000000000000000000, 1.000000000000000000 ),
 ( 0.000000000000000000, 1.000000000000000000 ),
 .UNSPECIFIED. ) 
 GEOMETRIC_REPRESENTATION_ITEM ( )  RATIONAL_B_SPLINE_SURFACE ( (
 ( 1.000000000000000000, 0.3333333333333334259, 0.3333333333333334259, 1.000000000000000000),
 ( 1.000000000000000000, 0.3333333333333334259, 0.3333333333333334259, 1.000000000000000000),
 ( 1.000000000000000000, 0.3333333333333334259, 0.3333333333333334259, 1.000000000000000000),
 ( 1.000000000000000000, 0.3333333333333334259, 0.3333333333333334259, 1.000000000000000000) ) ) 
 REPRESENTATION_ITEM ( '' )  SURFACE ( )  );
#302 = FACE_OUTER_BOUND ( 'NONE', #446, .T. ) ;
#303 = CARTESIAN_POINT ( 'NONE',  ( -4.399999999999998579, -9.687135015279469741, -1.600000000000000089 ) ) ;
#304 = CARTESIAN_POINT ( 'NONE',  ( 2.672283569542972970, -7.941077747795983299, 0.8295807365824628965 ) ) ;
#305 = ORIENTED_EDGE ( 'NONE', *, *, #517, .T. ) ;
#306 = CARTESIAN_POINT ( 'NONE',  ( -2.705528567855099986, -7.129274589124585226, -1.837057623317887689 ) ) ;
#307 = DIRECTION ( 'NONE',  ( 1.214306433183764720E-16, -1.000000000000000000, 0.000000000000000000 ) ) ;
#308 = CARTESIAN_POINT ( 'NONE',  ( -4.308617983865692835, -10.45436186742336915, -1.600000000000000089 ) ) ;
#309 = EDGE_CURVE ( 'NONE', #968, #402, #1148, .T. ) ;
#310 = DIRECTION ( 'NONE',  ( 0.000000000000000000, 0.000000000000000000, 1.000000000000000000 ) ) ;
#311 = DIRECTION ( 'NONE',  ( 1.000000000000000000, 0.000000000000000000, 0.000000000000000000 ) ) ;
#312 = ORIENTED_EDGE ( 'NONE', *, *, #882, .T. ) ;
#313 = CARTESIAN_POINT ( 'NONE',  ( -3.211187846932925805, -6.424229659740803733, -2.201339983641248388 ) ) ;
#314 = CARTESIAN_POINT ( 'NONE',  ( -3.253600439616996631, -7.800338834956892953, -0.8028196316531055476 ) ) ;
#315 = PLANE ( 'NONE',  #1034 ) ;
#316 = CARTESIAN_POINT ( 'NONE',  ( 3.208482407401109793, -7.147098534719290797, -0.9749287872779011099 ) ) ;
#317 = SHAPE_DEFINITION_REPRESENTATION ( #188, #527 ) ;
#318 = EDGE_LOOP ( 'NONE', ( #632, #237, #951, #1168 ) ) ;
#319 = CARTESIAN_POINT ( 'NONE',  ( -3.319679224519855421, -5.531631816697190729, -2.597801987262046808 ) ) ;
#320 = CARTESIAN_POINT ( 'NONE',  ( 4.332274170710452843, -8.441162642379564929, 1.311111111111111116 ) ) ;
#321 = DIRECTION ( 'NONE',  ( 1.000000000000000000, 0.000000000000000000, 0.000000000000000000 ) ) ;
#322 = CARTESIAN_POINT ( 'NONE',  ( 4.335095208864969685, -10.45860535353151022, 1.600000000000000089 ) ) ;
#323 = ORIENTED_EDGE ( 'NONE', *, *, #252, .F. ) ;
#324 = ORIENTED_EDGE ( 'NONE', *, *, #390, .T. ) ;
#325 = CARTESIAN_POINT ( 'NONE',  ( 3.100000000000001865, -9.687135015279469741, 1.600000000000000089 ) ) ;
#326 = LINE ( 'NONE', #206, #991 ) ;
#327 = FACE_OUTER_BOUND ( 'NONE', #735, .T. ) ;
#328 = VERTEX_POINT ( 'NONE', #824 ) ;
#329 = ORIENTED_EDGE ( 'NONE', *, *, #941, .T. ) ;
#330 = CARTESIAN_POINT ( 'NONE',  ( -5.264810258859037084, -5.392522303570862263, -1.607622381271663237 ) ) ;
#331 = EDGE_LOOP ( 'NONE', ( #335, #541, #1129, #295 ) ) ;
#332 = EDGE_CURVE ( 'NONE', #719, #7, #210, .T. ) ;
#333 = DIRECTION ( 'NONE',  ( -0.000000000000000000, -1.000000000000000000, -0.000000000000000000 ) ) ;
#334 = CARTESIAN_POINT ( 'NONE',  ( 3.100000000000002309, -9.687135015279469741, 0.2999999999999994893 ) ) ;
#335 = ORIENTED_EDGE ( 'NONE', *, *, #252, .T. ) ;
#336 = ORIENTED_EDGE ( 'NONE', *, *, #723, .T. ) ;
#337 = CARTESIAN_POINT ( 'NONE',  ( -5.173333661024994257, -6.103009881039418438, -0.1069230249197074545 ) ) ;
#338 = ORIENTED_EDGE ( 'NONE', *, *, #234, .F. ) ;
#339 = TOROIDAL_SURFACE ( 'NONE', #761, 5.049999999999999822, 2.950000000000000178 ) ;
#340 = CARTESIAN_POINT ( 'NONE',  ( -4.235143363995980792, -6.829925905050370005, -2.035792043520069150 ) ) ;
#341 = AXIS2_PLACEMENT_3D ( 'NONE', #1033, #428, #421 ) ;
#342 = CARTESIAN_POINT ( 'NONE',  ( -2.952658060310529464, -7.250631176711030079, 1.004401282208698287 ) ) ;
#343 = CIRCLE ( 'NONE', #1126, 0.4000000000000001887 ) ;
#344 = ORIENTED_EDGE ( 'NONE', *, *, #332, .F. ) ;
#345 = CARTESIAN_POINT ( 'NONE',  ( -3.504245973204284770, -7.590502590080428824, -0.7349046602965393360 ) ) ;
#346 = CARTESIAN_POINT ( 'NONE',  ( -4.863928756813206356, -6.340257839810798046, 0.2748014203389538279 ) ) ;
#347 = ORIENTED_EDGE ( 'NONE', *, *, #840, .F. ) ;
#348 = CARTESIAN_POINT ( 'NONE',  ( -3.831915935326121403, -6.674050448554247339, -2.245215177459905842 ) ) ;
#349 = CARTESIAN_POINT ( 'NONE',  ( -4.149999999999998579, -12.00000000000000178, -1.600000000000000089 ) ) ;
#350 = EDGE_LOOP ( 'NONE', ( #336, #728, #627, #1134, #1264, #1165 ) ) ;
#351 = FACE_OUTER_BOUND ( 'NONE', #331, .T. ) ;
#352 = CARTESIAN_POINT ( 'NONE',  ( 0.5797529038833483250, -7.360771798146979350, 1.804705202717828083 ) ) ;
#353 = DIRECTION ( 'NONE',  ( -0.9221213090432774928, 0.3542613655208793344, -0.1555351288538847632 ) ) ;
#354 = CARTESIAN_POINT ( 'NONE',  ( -3.260779219040358612, -9.687135015586218145, -1.166267431307819402 ) ) ;
#355 = CARTESIAN_POINT ( 'NONE',  ( -3.971105536384937462, -5.278105771530678503, -2.509013339721170688 ) ) ;
#356 = CARTESIAN_POINT ( 'NONE',  ( -4.095970956708477217, -9.161049391451875579, -1.047363836010491989 ) ) ;
#357 = EDGE_CURVE ( 'NONE', #402, #968, #970, .T. ) ;
#358 = CARTESIAN_POINT ( 'NONE',  ( -5.415543819841246886, -5.690578281994417509, -0.9203563286165187263 ) ) ;
#359 = CARTESIAN_POINT ( 'NONE',  ( 1.370205309137748628, -6.768378302985815331, 2.296155197097801803 ) ) ;
#360 = CARTESIAN_POINT ( 'NONE',  ( -3.749999999999998224, -12.00000000000000178, -1.600000000000000089 ) ) ;
#361 = CARTESIAN_POINT ( 'NONE',  ( 0.7814115576444379263, -7.196447938496654650, 1.996053364689113430 ) ) ;
#362 = CIRCLE ( 'NONE', #1188, 5.049999999999999822 ) ;
#363 = AXIS2_PLACEMENT_3D ( 'NONE', #500, #178, #492 ) ;
#364 = CARTESIAN_POINT ( 'NONE',  ( 1.941888093795419046, -6.371306864081518029, 2.473798564334910299 ) ) ;
#365 = DIRECTION ( 'NONE',  ( 1.000000000000000000, 0.000000000000000000, 0.000000000000000000 ) ) ;
#366 = CARTESIAN_POINT ( 'NONE',  ( -2.695150634126834088, -7.350617546208142450, 1.003369719916706426 ) ) ;
#367 = CARTESIAN_POINT ( 'NONE',  ( -4.420711244614951241, -5.201636196775898391, -2.358842589928306310 ) ) ;
#368 = CARTESIAN_POINT ( 'NONE',  ( 5.003048888116734538, -6.243715591928303610, -0.1279681190745351194 ) ) ;
#369 = CARTESIAN_POINT ( 'NONE',  ( 2.767749723116238236, -5.837443978804720324, 2.592959855033459604 ) ) ;
#370 = DIRECTION ( 'NONE',  ( 0.000000000000000000, 0.000000000000000000, -1.000000000000000000 ) ) ;
#371 = ADVANCED_FACE ( 'NONE', ( #1201 ), #603, .T. ) ;
#372 = CARTESIAN_POINT ( 'NONE',  ( 2.542209685149749099, -5.972887766857991387, 2.578422953091518366 ) ) ;
#373 = CARTESIAN_POINT ( 'NONE',  ( -5.417781970323202856, -5.682858159908620088, -0.9363464955471004769 ) ) ;
#374 = CARTESIAN_POINT ( 'NONE',  ( 0.2777573785470054402, -7.934130756009568408, 0.6201744197198298947 ) ) ;
#375 = CARTESIAN_POINT ( 'NONE',  ( 3.260779219040338628, -9.687135015586457953, 1.166267431307972835 ) ) ;
#376 = CARTESIAN_POINT ( 'NONE',  ( 4.634428207197929694, -6.480266761234253714, -0.4629804019478534483 ) ) ;
#377 = CARTESIAN_POINT ( 'NONE',  ( 4.746441594395334640, -5.211739787531109336, 2.172787627947130318 ) ) ;
#378 = CARTESIAN_POINT ( 'NONE',  ( 3.276423774892220031, -9.238543230202635570, 2.060542963562609575 ) ) ;
#379 = CARTESIAN_POINT ( 'NONE',  ( 5.299450551039437407, -5.433825208340636870, 1.508430441056799687 ) ) ;
#380 = DIRECTION ( 'NONE',  ( 1.214306433183764966E-16, -1.000000000000000000, 0.000000000000000000 ) ) ;
#381 = AXIS2_PLACEMENT_3D ( 'NONE', #95, #1241, #513 ) ;
#382 = AXIS2_PLACEMENT_3D ( 'NONE', #571, #989, #984 ) ;
#383 = PRESENTATION_LAYER_ASSIGNMENT (  '', '', ( #582 ) ) ;
#384 = CARTESIAN_POINT ( 'NONE',  ( 3.315050845635886034, -6.307602520135155544, 2.236105756771404884 ) ) ;
#385 = CARTESIAN_POINT ( 'NONE',  ( 3.873018953589235203, -6.604998187335763937, 2.238533071391108908 ) ) ;
#386 = CARTESIAN_POINT ( 'NONE',  ( -0.6831574061989630353, -7.971157925833677993, 0.1008680914765982817 ) ) ;
#387 = CARTESIAN_POINT ( 'NONE',  ( 4.395916751156202729, -7.995985977852949844, 1.515638725634640194 ) ) ;
#388 = CARTESIAN_POINT ( 'NONE',  ( -3.749999999999998224, -12.00000000000000178, -1.600000000000000089 ) ) ;
#389 = CARTESIAN_POINT ( 'NONE',  ( -3.349999999999997868, -12.00000000000000178, -1.600000000000000089 ) ) ;
#390 = EDGE_CURVE ( 'NONE', #768, #23, #190, .T. ) ;
#391 = CARTESIAN_POINT ( 'NONE',  ( 1.475868459364882757, -7.779190064160168561, -0.6963407801110635953 ) ) ;
#392 = CARTESIAN_POINT ( 'NONE',  ( 3.862346297680291585, -5.888749162691801153, 2.250703211275090432 ) ) ;
#393 = UNCERTAINTY_MEASURE_WITH_UNIT (LENGTH_MEASURE( 1.000000000000000082E-05 ), #1133, 'distance_accuracy_value', 'NONE');
#394 = CARTESIAN_POINT ( 'NONE',  ( 4.061388995082439557, -6.546082562586391873, 2.171196925867231453 ) ) ;
#395 = AXIS2_PLACEMENT_3D ( 'NONE', #841, #310, #1043 ) ;
#396 = CARTESIAN_POINT ( 'NONE',  ( -3.158743187924768048, -9.687135015111078218, -1.875485342980491632 ) ) ;
#397 = CYLINDRICAL_SURFACE ( 'NONE', #994, 0.4000000000000006328 ) ;
#398 = DIRECTION ( 'NONE',  ( 0.000000000000000000, 0.000000000000000000, -1.000000000000000000 ) ) ;
#399 = CARTESIAN_POINT ( 'NONE',  ( 0.000000000000000000, 0.000000000000000000, -2.950000000000000178 ) ) ;
#400 = SURFACE_STYLE_USAGE ( .BOTH. , #1336 ) ;
#401 = EDGE_CURVE ( 'NONE', #505, #439, #1210, .T. ) ;
#402 = VERTEX_POINT ( 'NONE', #612 ) ;
#403 = CARTESIAN_POINT ( 'NONE',  ( -3.191382016134303612, -10.45436186742336915, -1.600000000000000089 ) ) ;
#404 = CARTESIAN_POINT ( 'NONE',  ( 3.820910703624607496, -5.324082982764084093, 2.539682018057077606 ) ) ;
#405 = CARTESIAN_POINT ( 'NONE',  ( 5.095819615941130643, -6.167059464752192355, 1.386770904778787462E-16 ) ) ;
#406 = DIRECTION ( 'NONE',  ( 0.000000000000000000, 0.000000000000000000, -1.000000000000000000 ) ) ;
#407 = CARTESIAN_POINT ( 'NONE',  ( 3.605279181602404570, -9.687135015349722877, 0.9630847096705528187 ) ) ;
#408 = ORIENTED_EDGE ( 'NONE', *, *, #65, .T. ) ;
#409 = AXIS2_PLACEMENT_3D ( 'NONE', #724, #202, #1242 ) ;
#410 = CARTESIAN_POINT ( 'NONE',  ( 4.150000000000003020, -12.00000000000000000, 1.600000000000000089 ) ) ;
#411 = CIRCLE ( 'NONE', #1255, 0.6500000000000003553 ) ;
#412 = B_SPLINE_CURVE_WITH_KNOTS ( 'NONE', 3,
 ( #1298, #361, #782, #1193, #264, #1326, #372, #278, #194, #404, #180, #502, #1316, #911, #1110, #1309, #714, #379, #169, #1023, #1199, #803, #1229, #593, #1095, #493 ),
 .UNSPECIFIED., .F., .F.,
 ( 4, 2, 2, 2, 2, 2, 2, 2, 2, 2, 2, 2, 4 ),
 ( 0.000000000000000000, 0.0009523884559170514835, 0.001904776911834102967, 0.002857165367751154234, 0.003809553823668205934, 0.004285748051626731350, 0.004761942279585257634, 0.005238136507543783051, 0.005714330735502308467, 0.006190524963460834751, 0.006666719191419360167, 0.007142913419377886451, 0.007619107647336411868 ),
 .UNSPECIFIED. ) ;
#413 = EDGE_CURVE ( 'NONE', #719, #964, #471, .T. ) ;
#414 = CARTESIAN_POINT ( 'NONE',  ( 2.365737143798687381, -7.778395163768179188, 0.9898198418093565598 ) ) ;
#415 = DIRECTION ( 'NONE',  ( 1.040834085586084257E-16, -1.000000000000000000, 0.000000000000000000 ) ) ;
#416 = DIRECTION ( 'NONE',  ( -1.000000000000000000, 1.224646799147353207E-16, 0.000000000000000000 ) ) ;
#417 = CARTESIAN_POINT ( 'NONE',  ( -3.956467961178492754, -9.477849869404774807, -0.9756437828884737540 ) ) ;
#418 = EDGE_LOOP ( 'NONE', ( #540, #756, #1064, #535, #426, #127, #1282, #515, #943, #654 ) ) ;
#419 = CARTESIAN_POINT ( 'NONE',  ( 4.400000000000003020, -9.687135015279469741, 1.600000000000000089 ) ) ;
#420 = CARTESIAN_POINT ( 'NONE',  ( -3.957102336955807598, -9.475140977987217994, -0.9817330205553812528 ) ) ;
#421 = DIRECTION ( 'NONE',  ( 0.000000000000000000, 0.000000000000000000, -1.000000000000000000 ) ) ;
#422 = ORIENTED_EDGE ( 'NONE', *, *, #1031, .F. ) ;
#423 = CARTESIAN_POINT ( 'NONE',  ( -0.9867931132532619110, -7.044020720232754051, -2.121918897176654273 ) ) ;
#424 = CARTESIAN_POINT ( 'NONE',  ( 4.052388183421896883, -9.269720384863550322, 1.015492364222438937 ) ) ;
#425 = ORIENTED_EDGE ( 'NONE', *, *, #1074, .T. ) ;
#426 = ORIENTED_EDGE ( 'NONE', *, *, #105, .T. ) ;
#427 = CARTESIAN_POINT ( 'NONE',  ( -3.303354638743794425, -9.082179968434632045, -2.077359601826200830 ) ) ;
#428 = DIRECTION ( 'NONE',  ( -0.000000000000000000, -1.000000000000000000, -0.000000000000000000 ) ) ;
#429 = CARTESIAN_POINT ( 'NONE',  ( 3.957102336955793831, -9.475140977987480895, 0.9817330205553742584 ) ) ;
#430 = CARTESIAN_POINT ( 'NONE',  ( 2.384182779523684292, -7.762682665037765162, 0.9874335058008288923 ) ) ;
#431 = ORIENTED_EDGE ( 'NONE', *, *, #1080, .T. ) ;
#432 =( LENGTH_UNIT ( ) NAMED_UNIT ( * ) SI_UNIT ( .MILLI., .METRE. ) );
#433 = VERTEX_POINT ( 'NONE', #796 ) ;
#434 = EDGE_CURVE ( 'NONE', #638, #1049, #1235, .T. ) ;
#435 = CARTESIAN_POINT ( 'NONE',  ( -4.292950666865225529, -6.990009417263593150, -1.967833553349322528 ) ) ;
#436 = EDGE_LOOP ( 'NONE', ( #644, #16, #522, #864 ) ) ;
#437 = DIRECTION ( 'NONE',  ( 0.000000000000000000, 0.000000000000000000, -1.000000000000000000 ) ) ;
#438 = CARTESIAN_POINT ( 'NONE',  ( 3.504245973204417552, -7.590502590080426160, 0.7349046602964417474 ) ) ;
#439 = VERTEX_POINT ( 'NONE', #488 ) ;
#440 = APPLICATION_PROTOCOL_DEFINITION ( 'draft international standard', 'automotive_design', 1998, #108 ) ;
#441 = CARTESIAN_POINT ( 'NONE',  ( -4.388828083276759884, -8.087512286035444475, -1.472580089099559730 ) ) ;
#442 = CARTESIAN_POINT ( 'NONE',  ( 3.210677508348337650, -9.687135015279469741, 1.962810212092549023 ) ) ;
#443 = CARTESIAN_POINT ( 'NONE',  ( -3.349999999999997868, -12.00000000000000178, -2.399999999999999911 ) ) ;
#444 = CARTESIAN_POINT ( 'NONE',  ( 4.400000000000003020, -9.687135015279469741, 1.600000000000000089 ) ) ;
#445 = ORIENTED_EDGE ( 'NONE', *, *, #413, .F. ) ;
#446 = EDGE_LOOP ( 'NONE', ( #1233, #633 ) ) ;
#447 = CARTESIAN_POINT ( 'NONE',  ( -4.989459633008054951, -6.254944345784923421, 0.1467131637780643705 ) ) ;
#448 = CIRCLE ( 'NONE', #381, 0.6500000000000001332 ) ;
#449 = CARTESIAN_POINT ( 'NONE',  ( -3.932235185445226211, -6.540033854202386365, -2.224496137959993458 ) ) ;
#450 = ADVANCED_FACE ( 'NONE', ( #1294 ), #55, .T. ) ;
#451 = CARTESIAN_POINT ( 'NONE',  ( 3.158743187924842655, -9.687135015111079994, 1.875485342980677927 ) ) ;
#452 = CARTESIAN_POINT ( 'NONE',  ( -1.586898583127983375, -7.744162786266156395, 0.7472772377834762114 ) ) ;
#453 = ORIENTED_EDGE ( 'NONE', *, *, #163, .F. ) ;
#454 = CARTESIAN_POINT ( 'NONE',  ( -3.208482407401109349, -7.147098534719291685, 0.9749287872779009989 ) ) ;
#455 = CARTESIAN_POINT ( 'NONE',  ( 3.350000000000002753, -12.00000000000000000, 1.600000000000000089 ) ) ;
#456 = CARTESIAN_POINT ( 'NONE',  ( -2.462818935874938830, -7.887067119543726967, -0.9065139236129191591 ) ) ;
#457 = CARTESIAN_POINT ( 'NONE',  ( -5.055030159567725612, -5.286715416975273918, -1.896556406023833352 ) ) ;
#458 = CARTESIAN_POINT ( 'NONE',  ( -3.873500606496821597, -5.305115021025529565, -2.531257300953199785 ) ) ;
#459 = CARTESIAN_POINT ( 'NONE',  ( 0.9867931132532766769, -7.044020720232808230, 2.121918897176608532 ) ) ;
#460 = FACE_OUTER_BOUND ( 'NONE', #530, .T. ) ;
#461 = CARTESIAN_POINT ( 'NONE',  ( -3.179911781543557137, -9.687135015279471517, -1.287751023737209399 ) ) ;
#462 = FACE_OUTER_BOUND ( 'NONE', #922, .T. ) ;
#463 = CARTESIAN_POINT ( 'NONE',  ( 0.4971605727182917822, -7.985276463305237549, 0.1407743348621187385 ) ) ;
#464 =( BOUNDED_SURFACE ( )  B_SPLINE_SURFACE ( 3, 2, ( 
 ( #938, #86, #516 ),
 ( #223, #933, #512 ),
 ( #423, #1353, #427 ),
 ( #843, #1234, #111 ),
 ( #297, #629, #828 ),
 ( #1240, #306, #834 ),
 ( #720, #617, #852 ),
 ( #1251, #199, #94 ),
 ( #1157, #929, #729 ),
 ( #1246, #313, #1141 ),
 ( #209, #1039, #104 ),
 ( #319, #217, #634 ),
 ( #1045, #228, #978 ),
 ( #458, #971, #1295 ),
 ( #647, #17, #123 ),
 ( #1178, #762, #666 ),
 ( #1187, #548, #542 ),
 ( #117, #1077, #129 ),
 ( #640, #878, #653 ),
 ( #144, #754, #435 ),
 ( #330, #39, #873 ),
 ( #857, #1058, #45 ),
 ( #135, #952, #1050 ),
 ( #358, #537, #1265 ),
 ( #778, #566, #1274 ),
 ( #1163, #1171, #958 ),
 ( #25, #883, #441 ),
 ( #1182, #1288, #862 ),
 ( #337, #240, #1067 ),
 ( #963, #1283, #31 ) ),
 .UNSPECIFIED., .F., .F., .F. ) 
 B_SPLINE_SURFACE_WITH_KNOTS ( ( 4, 2, 2, 2, 2, 2, 2, 2, 2, 2, 2, 2, 2, 2, 4 ),
 ( 3, 3 ),
 ( 0.01352635559471772504, 0.01504341276865724109, 0.01580194135562699997, 0.01656046994259675539, 0.01731899852956651081, 0.01807752711653626970, 0.01883605570350602859, 0.01959458429047578748, 0.02035311287744554637, 0.02111164146441530526, 0.02262869863835481957, 0.02338722722532457499, 0.02414575581229433388, 0.02490428439926409276, 0.02566281298623385165 ),
 ( 0.000000000000000000, 1.000000000000000000 ),
 .UNSPECIFIED. ) 
 GEOMETRIC_REPRESENTATION_ITEM ( )  RATIONAL_B_SPLINE_SURFACE ( (
 ( 1.000000000000000000, 0.8030978643040026510, 1.000000000000000000),
 ( 1.000000000000000000, 0.8288219522992228416, 1.000000000000000000),
 ( 1.000000000000000000, 0.8537475908246983103, 1.000000000000000000),
 ( 1.000000000000000000, 0.8877901740512084139, 1.000000000000000000),
 ( 1.000000000000000000, 0.8986020662958745797, 1.000000000000000000),
 ( 1.000000000000000000, 0.9183615453154064801, 1.000000000000000000),
 ( 1.000000000000000000, 0.9273844685379477593, 1.000000000000000000),
 ( 1.000000000000000000, 0.9435346576900927040, 1.000000000000000000),
 ( 1.000000000000000000, 0.9507004914449146415, 1.000000000000000000),
 ( 1.000000000000000000, 0.9626735613231347521, 1.000000000000000000),
 ( 1.000000000000000000, 0.9674381741695607939, 1.000000000000000000),
 ( 1.000000000000000000, 0.9742338079926682326, 1.000000000000000000),
 ( 1.000000000000000000, 0.9761168090382785767, 1.000000000000000000),
 ( 1.000000000000000000, 0.9770545902620562106, 1.000000000000000000),
 ( 1.000000000000000000, 0.9761046772933961169, 1.000000000000000000),
 ( 1.000000000000000000, 0.9723601263859096289, 1.000000000000000000),
 ( 1.000000000000000000, 0.9696414900122425351, 1.000000000000000000),
 ( 1.000000000000000000, 0.9633067944871540611, 1.000000000000000000),
 ( 1.000000000000000000, 0.9596538922112928249, 1.000000000000000000),
 ( 1.000000000000000000, 0.9482145153415986183, 1.000000000000000000),
 ( 1.000000000000000000, 0.9396719565361986160, 1.000000000000000000),
 ( 1.000000000000000000, 0.9271581741548244882, 1.000000000000000000),
 ( 1.000000000000000000, 0.9229570879499681135, 1.000000000000000000),
 ( 1.000000000000000000, 0.9148352488751455569, 1.000000000000000000),
 ( 1.000000000000000000, 0.9109153710345186949, 1.000000000000000000),
 ( 1.000000000000000000, 0.9033229611931431480, 1.000000000000000000),
 ( 1.000000000000000000, 0.8996247128138001870, 1.000000000000000000),
 ( 1.000000000000000000, 0.8926658589772735741, 1.000000000000000000),
 ( 1.000000000000000000, 0.8893731551904429100, 1.000000000000000000),
 ( 1.000000000000000000, 0.8861739357052232924, 1.000000000000000000) ) ) 
 REPRESENTATION_ITEM ( '' )  SURFACE ( )  );
#465 = CARTESIAN_POINT ( 'NONE',  ( 4.212260651570757020, -5.846048353836247991, 2.081021452065008326 ) ) ;
#466 = DIRECTION ( 'NONE',  ( -0.000000000000000000, -1.000000000000000000, -0.000000000000000000 ) ) ;
#467 = CARTESIAN_POINT ( 'NONE',  ( 3.858109092048857658, -9.687135015279469741, 0.9590534934829804126 ) ) ;
#468 = CARTESIAN_POINT ( 'NONE',  ( 0.3688716714724940005, -7.551900867059051059, 1.557683102554402232 ) ) ;
#469 = CARTESIAN_POINT ( 'NONE',  ( -3.191382016134303612, -10.45436186742336915, -2.717235967731388868 ) ) ;
#470 = AXIS2_PLACEMENT_3D ( 'NONE', #925, #66, #709 ) ;
#471 = LINE ( 'NONE', #895, #716 ) ;
#472 = VECTOR ( 'NONE', #380, 1000.000000000000000 ) ;
#473 = EDGE_CURVE ( 'NONE', #842, #962, #1273, .T. ) ;
#474 = CARTESIAN_POINT ( 'NONE',  ( 3.681674030845133672, -7.109293527784696920, 2.247457725914777438 ) ) ;
#475 = SURFACE_SIDE_STYLE ('',( #1093 ) ) ;
#476 = CARTESIAN_POINT ( 'NONE',  ( -0.4917877373408379715, -7.985684301310786992, -0.1477545897959254007 ) ) ;
#477 = CARTESIAN_POINT ( 'NONE',  ( -0.2893316858213926812, -7.663080303963492490, -1.361210785794553457 ) ) ;
#478 = CARTESIAN_POINT ( 'NONE',  ( 3.750000000000002665, -9.687135015279469741, 1.600000000000000089 ) ) ;
#479 = CARTESIAN_POINT ( 'NONE',  ( 3.873500606496916632, -5.305115021025467392, 2.531257300953197564 ) ) ;
#480 = COLOUR_RGB ( '',0.7921568627450980005, 0.8196078431372548767, 0.9333333333333333481 ) ;
#481 = ADVANCED_FACE ( 'NONE', ( #156 ), #483, .F. ) ;
#482 = CARTESIAN_POINT ( 'NONE',  ( 4.081559890290435533, -6.564818728397515457, 2.159474885543890554 ) ) ;
#483 =( BOUNDED_SURFACE ( )  B_SPLINE_SURFACE ( 3, 2, ( 
 ( #1311, #587, #490 ),
 ( #368, #896, #687 ),
 ( #907, #1314, #1202 ),
 ( #376, #799, #1098 ),
 ( #164, #274, #1106 ),
 ( #697, #174, #1006 ),
 ( #657, #438, #663 ),
 ( #947, #1270, #429 ),
 ( #138, #1278, #484 ),
 ( #159, #1192, #467 ) ),
 .UNSPECIFIED., .F., .F., .F. ) 
 B_SPLINE_SURFACE_WITH_KNOTS ( ( 4, 2, 2, 2, 4 ),
 ( 3, 3 ),
 ( 0.01327331594904967299, 0.01417757007946529244, 0.01508182420988091188, 0.01598607834029653132, 0.01689033247071215077 ),
 ( 0.000000000000000000, 1.000000000000000000 ),
 .UNSPECIFIED. ) 
 GEOMETRIC_REPRESENTATION_ITEM ( )  RATIONAL_B_SPLINE_SURFACE ( (
 ( 1.000000000000000000, 0.8861739357052235144, 1.000000000000000000),
 ( 1.000000000000000000, 0.8823414493907965062, 1.000000000000000000),
 ( 1.000000000000000000, 0.8787649236072956338, 1.000000000000000000),
 ( 1.000000000000000000, 0.8715475189118686572, 1.000000000000000000),
 ( 1.000000000000000000, 0.8678708653456650435, 1.000000000000000000),
 ( 1.000000000000000000, 0.8600089641565749066, 1.000000000000000000),
 ( 1.000000000000000000, 0.8557966923493656175, 1.000000000000000000),
 ( 1.000000000000000000, 0.8458545116022107013, 1.000000000000000000),
 ( 1.000000000000000000, 0.8402524634597989817, 1.000000000000000000),
 ( 1.000000000000000000, 0.8337176389953384614, 1.000000000000000000) ) ) 
 REPRESENTATION_ITEM ( '' )  SURFACE ( )  );
#484 = CARTESIAN_POINT ( 'NONE',  ( 3.908021723011660509, -9.580932369465894993, 0.9674723071597736146 ) ) ;
#485 = CARTESIAN_POINT ( 'NONE',  ( -2.365351120756816972, -7.800267152646370050, -0.9807179941632019338 ) ) ;
#486 = CARTESIAN_POINT ( 'NONE',  ( -3.749999999999998224, -9.687135015279469741, -1.600000000000000089 ) ) ;
#487 = CARTESIAN_POINT ( 'NONE',  ( -5.180632422745351739, -6.096978939817064180, -0.1169909478358560490 ) ) ;
#488 = CARTESIAN_POINT ( 'NONE',  ( 5.095819615941129754, -6.167059464752193243, 0.000000000000000000 ) ) ;
#489 =( NAMED_UNIT ( * ) PLANE_ANGLE_UNIT ( ) SI_UNIT ( $, .RADIAN. ) );
#490 = CARTESIAN_POINT ( 'NONE',  ( 4.332274170710451955, -8.441162642379563152, 1.311111111111111116 ) ) ;
#491 = CARTESIAN_POINT ( 'NONE',  ( 4.331450551109885971, -6.687450115199306211, 1.018534137953853058 ) ) ;
#492 = DIRECTION ( 'NONE',  ( 1.000000000000000000, 0.000000000000000000, 0.000000000000000000 ) ) ;
#493 = CARTESIAN_POINT ( 'NONE',  ( 5.095819615941129754, -6.167059464752193243, 0.000000000000000000 ) ) ;
#494 = CARTESIAN_POINT ( 'NONE',  ( 4.150000000000003020, -12.00000000000000000, 1.600000000000000089 ) ) ;
#495 = EDGE_CURVE ( 'NONE', #842, #1155, #259, .T. ) ;
#496 = B_SPLINE_CURVE_WITH_KNOTS ( 'NONE', 3,
 ( #891, #801, #72, #1323, #608, #578, #898, #289, #158, #1218, #1108, #482, #394, #993, #816, #903, #1227, #385, #711, #591, #59, #1308, #1197, #1008, #168, #78, #378, #1303 ),
 .UNSPECIFIED., .F., .F.,
 ( 4, 2, 2, 2, 2, 2, 2, 2, 2, 2, 2, 2, 2, 4 ),
 ( 0.000000000000000000, 0.0006916152209912726154, 0.001383230441982547833, 0.001729038052478186309, 0.001901941857726006631, 0.002074845662973826520, 0.002161297565597735271, 0.002247749468221644023, 0.002334201370845552775, 0.002420653273469461526, 0.002766460883965103038, 0.003458076104956383894, 0.004149691325947665183, 0.005532921767930227760 ),
 .UNSPECIFIED. ) ;
#497 = DIRECTION ( 'NONE',  ( 1.214306433183764966E-16, -1.000000000000000000, 0.000000000000000000 ) ) ;
#498 = CIRCLE ( 'NONE', #605, 2.950000000000000178 ) ;
#499 = CARTESIAN_POINT ( 'NONE',  ( 2.421388107415886726, -6.053292294716206001, 2.559891526250130056 ) ) ;
#500 = CARTESIAN_POINT ( 'NONE',  ( 0.000000000000000000, 0.000000000000000000, 0.000000000000000000 ) ) ;
#501 = CARTESIAN_POINT ( 'NONE',  ( -0.3688716714713357048, -7.551900867059175404, -1.557683102554261900 ) ) ;
#502 = CARTESIAN_POINT ( 'NONE',  ( 4.271400135704675805, -5.216544030635098750, 2.418765307266161457 ) ) ;
#503 = DIRECTION ( 'NONE',  ( 1.214306433183764720E-16, -1.000000000000000000, 0.000000000000000000 ) ) ;
#504 = FILL_AREA_STYLE ('',( #604 ) ) ;
#505 = VERTEX_POINT ( 'NONE', #4 ) ;
#506 = CARTESIAN_POINT ( 'NONE',  ( 3.350000000000002309, -12.00000000000000000, 1.600000000000000089 ) ) ;
#507 = CARTESIAN_POINT ( 'NONE',  ( -3.210677508348333653, -9.687135015279469741, -1.962810212092548579 ) ) ;
#508 = DIRECTION ( 'NONE',  ( -0.000000000000000000, -1.000000000000000000, -0.000000000000000000 ) ) ;
#509 = CARTESIAN_POINT ( 'NONE',  ( 5.334433254346219400, -5.919619830045080633, 0.4471448622215285496 ) ) ;
#510 =( NAMED_UNIT ( * ) SI_UNIT ( $, .STERADIAN. ) SOLID_ANGLE_UNIT ( ) );
#511 = ORIENTED_EDGE ( 'NONE', *, *, #390, .F. ) ;
#512 = CARTESIAN_POINT ( 'NONE',  ( -3.253314548978847309, -9.396219234546981269, -2.026190773672872147 ) ) ;
#513 = DIRECTION ( 'NONE',  ( 0.000000000000000000, 0.000000000000000000, -1.000000000000000000 ) ) ;
#514 = CARTESIAN_POINT ( 'NONE',  ( 2.784350598492474127, -7.948490805966375916, 0.8054899545242983905 ) ) ;
#515 = ORIENTED_EDGE ( 'NONE', *, *, #695, .T. ) ;
#516 = CARTESIAN_POINT ( 'NONE',  ( -3.210677508348333653, -9.687135015279469741, -1.962810212092549023 ) ) ;
#517 = EDGE_CURVE ( 'NONE', #134, #110, #183, .T. ) ;
#518 = AXIS2_PLACEMENT_3D ( 'NONE', #1119, #1332, #191 ) ;
#519 = DIRECTION ( 'NONE',  ( 0.000000000000000000, 0.000000000000000000, -1.000000000000000000 ) ) ;
#520 = CARTESIAN_POINT ( 'NONE',  ( 3.099256314260301792, -9.687135015201523203, 1.597270378791841416 ) ) ;
#521 = CARTESIAN_POINT ( 'NONE',  ( -3.099999999999998312, -9.687135015279469741, -0.2999999999999994893 ) ) ;
#522 = ORIENTED_EDGE ( 'NONE', *, *, #234, .T. ) ;
#523 = CARTESIAN_POINT ( 'NONE',  ( -5.049999999999999822, 7.990820364436479856E-16, -2.950000000000000178 ) ) ;
#524 = CARTESIAN_POINT ( 'NONE',  ( -4.308617983865692835, -10.45436186742336915, -1.600000000000000089 ) ) ;
#525 = CARTESIAN_POINT ( 'NONE',  ( 0.2536990604866847243, -7.714935448937522366, 1.267652341414981620 ) ) ;
#526 = DIRECTION ( 'NONE',  ( 0.4599263831370994926, 0.5666036907227183228, 0.6836870481103326513 ) ) ;
#527 = ADVANCED_BREP_SHAPE_REPRESENTATION ( 'S14K275E2K1', ( #1259, #395 ), #201 ) ;
#528 = ORIENTED_EDGE ( 'NONE', *, *, #1080, .F. ) ;
#529 = CARTESIAN_POINT ( 'NONE',  ( -4.051761743867940524, -9.263689544656823927, -1.021998887732983308 ) ) ;
#530 = EDGE_LOOP ( 'NONE', ( #771, #1071, #92, #338 ) ) ;
#531 = FACE_OUTER_BOUND ( 'NONE', #860, .T. ) ;
#532 = CARTESIAN_POINT ( 'NONE',  ( -4.149999999999998579, -12.00000000000000178, -1.600000000000000089 ) ) ;
#533 = CARTESIAN_POINT ( 'NONE',  ( -3.278841906348591628, -9.222044135066315818, -2.064137550039851998 ) ) ;
#534 = EDGE_CURVE ( 'NONE', #1155, #30, #1186, .T. ) ;
#535 = ORIENTED_EDGE ( 'NONE', *, *, #1065, .T. ) ;
#536 = ORIENTED_EDGE ( 'NONE', *, *, #1346, .T. ) ;
#537 = CARTESIAN_POINT ( 'NONE',  ( -4.432243135804634804, -6.509256161306200994, -1.171180951187602348 ) ) ;
#538 = AXIS2_PLACEMENT_3D ( 'NONE', #388, #280, #1003 ) ;
#539 = DIRECTION ( 'NONE',  ( 1.040834085586084257E-16, -1.000000000000000000, 0.000000000000000000 ) ) ;
#540 = ORIENTED_EDGE ( 'NONE', *, *, #290, .F. ) ;
#541 = ORIENTED_EDGE ( 'NONE', *, *, #1225, .F. ) ;
#542 = CARTESIAN_POINT ( 'NONE',  ( -4.100702327365966404, -6.580017650576700738, -2.149108328756096586 ) ) ;
#543 = ORIENTED_EDGE ( 'NONE', *, *, #332, .T. ) ;
#544 = LINE ( 'NONE', #886, #693 ) ;
#545 = CARTESIAN_POINT ( 'NONE',  ( -3.208482407401112457, -7.147098534719290797, 0.9749287872779009989 ) ) ;
#546 = ORIENTED_EDGE ( 'NONE', *, *, #163, .T. ) ;
#547 = ORIENTED_EDGE ( 'NONE', *, *, #695, .F. ) ;
#548 = CARTESIAN_POINT ( 'NONE',  ( -4.212260651570755243, -5.846048353836581946, -2.081021452064953703 ) ) ;
#549 = EDGE_CURVE ( 'NONE', #768, #1352, #1090, .T. ) ;
#550 = EDGE_LOOP ( 'NONE', ( #652, #1287, #1140, #1258, #1156 ) ) ;
#551 = CARTESIAN_POINT ( 'NONE',  ( 3.750000000000002665, -9.687135015279469741, 1.600000000000000089 ) ) ;
#552 = CARTESIAN_POINT ( 'NONE',  ( -2.179971982723886814, -7.542322540164333233, 0.9405564920645455018 ) ) ;
#553 = CARTESIAN_POINT ( 'NONE',  ( -0.7814115576444339295, -7.196447938496656427, -1.996053364689112986 ) ) ;
#554 = ORIENTED_EDGE ( 'NONE', *, *, #114, .F. ) ;
#555 = APPLICATION_CONTEXT ( 'automotive_design' ) ;
#556 = CARTESIAN_POINT ( 'NONE',  ( -5.095819615941126202, -6.167059464752195908, 0.000000000000000000 ) ) ;
#557 = ORIENTED_EDGE ( 'NONE', *, *, #743, .T. ) ;
#558 = EDGE_CURVE ( 'NONE', #752, #1044, #296, .T. ) ;
#559 = AXIS2_PLACEMENT_3D ( 'NONE', #1040, #200, #106 ) ;
#560 = CARTESIAN_POINT ( 'NONE',  ( 3.137607445824212249, -11.24761471947020475, 1.600000000000000089 ) ) ;
#561 = AXIS2_PLACEMENT_3D ( 'NONE', #68, #918, #398 ) ;
#562 = CARTESIAN_POINT ( 'NONE',  ( -3.795006106840890681, -9.687135015279471517, -0.9484098494861100681 ) ) ;
#563 = MECHANICAL_DESIGN_GEOMETRIC_PRESENTATION_REPRESENTATION (  '', ( #582 ), #914 ) ;
#564 = CARTESIAN_POINT ( 'NONE',  ( -3.375566754143430881, -5.494549961942425398, -2.602743299071632155 ) ) ;
#565 = CARTESIAN_POINT ( 'NONE',  ( 0.2377843593057918370, -7.774917954002586562, 1.124783805308997575 ) ) ;
#566 = CARTESIAN_POINT ( 'NONE',  ( -4.402504992201572875, -6.568014311333536526, -1.117203967524349917 ) ) ;
#567 = CARTESIAN_POINT ( 'NONE',  ( 3.253314548979038712, -9.396219234547073640, 2.026190773673150147 ) ) ;
#568 = DIRECTION ( 'NONE',  ( 0.000000000000000000, 0.000000000000000000, 1.000000000000000000 ) ) ;
#569 = CARTESIAN_POINT ( 'NONE',  ( -5.049999999999999822, 6.184466335694133068E-16, 0.000000000000000000 ) ) ;
#570 = CARTESIAN_POINT ( 'NONE',  ( -0.6055172918442630614, -7.977051385648558757, -4.926463966027743431E-16 ) ) ;
#571 = CARTESIAN_POINT ( 'NONE',  ( 4.348758048270590315, -9.687135015279469741, -1.949857574555802442 ) ) ;
#572 = CARTESIAN_POINT ( 'NONE',  ( -3.767564535213998145, -6.829104840712071578, -2.250000000005248246 ) ) ;
#573 = CARTESIAN_POINT ( 'NONE',  ( -4.149999999999998579, -12.00000000000000178, -2.399999999999999911 ) ) ;
#574 = CARTESIAN_POINT ( 'NONE',  ( -3.349999999999997868, -12.00000000000000178, -1.600000000000000089 ) ) ;
#575 = EDGE_CURVE ( 'NONE', #215, #842, #671, .T. ) ;
#576 = CARTESIAN_POINT ( 'NONE',  ( -3.858109092048854549, -9.687135015279471517, -0.9590534934829808567 ) ) ;
#577 = CARTESIAN_POINT ( 'NONE',  ( 3.802230351059653568, -6.730886747687619298, 2.249206274062355071 ) ) ;
#578 = CARTESIAN_POINT ( 'NONE',  ( 4.311919932463532668, -7.079001871178101091, 1.930594047241643629 ) ) ;
#579 = CARTESIAN_POINT ( 'NONE',  ( -0.9521702279018428028, -7.922428043205486325, 0.3623520008251329139 ) ) ;
#580 = DIRECTION ( 'NONE',  ( -0.000000000000000000, -1.000000000000000000, -0.000000000000000000 ) ) ;
#581 = CARTESIAN_POINT ( 'NONE',  ( 0.4688554593717106367, -7.451137848736111735, 1.699477771219874311 ) ) ;
#582 = STYLED_ITEM ( 'NONE', ( #707 ), #1259 ) ;
#583 = CARTESIAN_POINT ( 'NONE',  ( 2.255804571277791215, -6.161600112681138164, 2.535499085373591477 ) ) ;
#584 =( NAMED_UNIT ( * ) PLANE_ANGLE_UNIT ( ) SI_UNIT ( $, .RADIAN. ) );
#585 = CARTESIAN_POINT ( 'NONE',  ( -0.3804939430079346541, -7.538981967861565714, -1.577390876510946782 ) ) ;
#586 = CARTESIAN_POINT ( 'NONE',  ( -1.754380785091492312, -6.498243604947591123, -2.431171794090700722 ) ) ;
#587 = CARTESIAN_POINT ( 'NONE',  ( 4.095947303095678116, -6.993250451616467522, 0.8347790812215238887 ) ) ;
#588 = CARTESIAN_POINT ( 'NONE',  ( 3.795006106840831173, -9.687135015279469741, 0.9484098494860984108 ) ) ;
#589 = DIRECTION ( 'NONE',  ( 0.000000000000000000, 0.000000000000000000, 1.000000000000000000 ) ) ;
#590 = CARTESIAN_POINT ( 'NONE',  ( 3.508399113681768267, -7.909865114842014933, 2.204427259095939284 ) ) ;
#591 = CARTESIAN_POINT ( 'NONE',  ( 3.787918572837524867, -6.756635699312262489, 2.251324652357971523 ) ) ;
#592 = ADVANCED_FACE ( 'NONE', ( #797 ), #625, .F. ) ;
#593 = CARTESIAN_POINT ( 'NONE',  ( 5.250283714236162247, -6.027602947703654124, 0.2419159612624847133 ) ) ;
#594 = CARTESIAN_POINT ( 'NONE',  ( 4.332274170710452843, -8.441162642379563152, 1.311111111111110894 ) ) ;
#595 = CARTESIAN_POINT ( 'NONE',  ( 0.9521702279018458004, -7.922428043205488102, -0.3623520008251327473 ) ) ;
#596 = CARTESIAN_POINT ( 'NONE',  ( 3.574101226811497778, -7.578855460633395325, 2.226708003298797145 ) ) ;
#597 = CARTESIAN_POINT ( 'NONE',  ( -4.286808830111494828, -8.649230743269928467, -1.219472787480358145 ) ) ;
#598 = CARTESIAN_POINT ( 'NONE',  ( -3.749999999999995115, -37.00000000000000711, -1.600000000000000089 ) ) ;
#599 = ADVANCED_FACE ( 'NONE', ( #777 ), #770, .F. ) ;
#600 = CARTESIAN_POINT ( 'NONE',  ( -2.427388240186155954, -7.776199817924007718, -0.9627786984635812173 ) ) ;
#601 = FACE_OUTER_BOUND ( 'NONE', #99, .T. ) ;
#602 = CARTESIAN_POINT ( 'NONE',  ( -3.208482407401109349, -7.147098534719291685, 0.9749287872779009989 ) ) ;
#603 = CYLINDRICAL_SURFACE ( 'NONE', #1055, 0.4000000000000006328 ) ;
#604 = FILL_AREA_STYLE_COLOUR ( '', #480 ) ;
#605 = AXIS2_PLACEMENT_3D ( 'NONE', #133, #244, #949 ) ;
#606 = COLOUR_RGB ( '',0.7921568627450980005, 0.8196078431372548767, 0.9333333333333333481 ) ;
#607 = CARTESIAN_POINT ( 'NONE',  ( 3.534106881352288454, -6.099579222228986630, 2.274992828184952742 ) ) ;
#608 = CARTESIAN_POINT ( 'NONE',  ( 4.378355520229357367, -7.393594605206478043, 1.794563815965389386 ) ) ;
#609 = CARTESIAN_POINT ( 'NONE',  ( -0.5797529038833448833, -7.360771798146979350, -1.804705202717827639 ) ) ;
#610 = CARTESIAN_POINT ( 'NONE',  ( -0.4064816609017689042, -7.979603502469130305, -0.2959676748461759210 ) ) ;
#611 = B_SPLINE_CURVE_WITH_KNOTS ( 'NONE', 3,
 ( #746, #403, #1032, #1338 ),
 .UNSPECIFIED., .F., .F.,
 ( 4, 4 ),
 ( 0.000000000000000000, 1.000000000000000000 ),
 .UNSPECIFIED. ) ;
#612 = CARTESIAN_POINT ( 'NONE',  ( -3.349999999999997868, -12.00000000000000178, -1.600000000000000089 ) ) ;
#613 = CARTESIAN_POINT ( 'NONE',  ( 4.989459633008057615, -6.254944345784922533, -0.1467131637780645925 ) ) ;
#614 = DIRECTION ( 'NONE',  ( 1.000000000000000000, 0.000000000000000000, 0.000000000000000000 ) ) ;
#615 = ORIENTED_EDGE ( 'NONE', *, *, #473, .T. ) ;
#616 = PRODUCT_DEFINITION_CONTEXT ( 'detailed design', #108, 'design' ) ;
#617 = CARTESIAN_POINT ( 'NONE',  ( -2.773641056389691162, -7.017207653688299018, -1.913907623238519928 ) ) ;
#618 = CARTESIAN_POINT ( 'NONE',  ( -3.749999999999998224, -9.687135015279469741, -1.600000000000000089 ) ) ;
#619 = ADVANCED_FACE ( 'NONE', ( #1280 ), #1348, .T. ) ;
#620 = CARTESIAN_POINT ( 'NONE',  ( 2.462818935874855342, -7.887067119544049376, 0.9065139236129224898 ) ) ;
#621 = VERTEX_POINT ( 'NONE', #1089 ) ;
#622 = CARTESIAN_POINT ( 'NONE',  ( 4.335095208864969685, -10.45860535353151022, 1.600000000000000089 ) ) ;
#623 = CARTESIAN_POINT ( 'NONE',  ( 0.000000000000000000, 0.000000000000000000, 0.000000000000000000 ) ) ;
#624 = CARTESIAN_POINT ( 'NONE',  ( 4.426675376005827722, -6.594213986850039788, -0.5967674515648034861 ) ) ;
#625 =( BOUNDED_SURFACE ( )  B_SPLINE_SURFACE ( 3, 2, ( 
 ( #1222, #656, #668 ),
 ( #1082, #982, #887 ),
 ( #1191, #263, #676 ),
 ( #153, #1324, #245 ),
 ( #1167, #235, #869 ),
 ( #1072, #1177, #356 ),
 ( #44, #345, #529 ),
 ( #8, #1356, #420 ),
 ( #211, #314, #780 ),
 ( #885, #980, #576 ) ),
 .UNSPECIFIED., .F., .F., .F. ) 
 B_SPLINE_SURFACE_WITH_KNOTS ( ( 4, 2, 2, 2, 4 ),
 ( 3, 3 ),
 ( 0.01327331594904967473, 0.01417757007946529244, 0.01508182420988091188, 0.01598607834029653132, 0.01689033247071215077 ),
 ( 0.000000000000000000, 1.000000000000000000 ),
 .UNSPECIFIED. ) 
 GEOMETRIC_REPRESENTATION_ITEM ( )  RATIONAL_B_SPLINE_SURFACE ( (
 ( 1.000000000000000000, 0.8861739357052232924, 1.000000000000000000),
 ( 1.000000000000000000, 0.8823414493907962841, 1.000000000000000000),
 ( 1.000000000000000000, 0.8787649236072954118, 1.000000000000000000),
 ( 1.000000000000000000, 0.8715475189118684352, 1.000000000000000000),
 ( 1.000000000000000000, 0.8678708653456816968, 1.000000000000000000),
 ( 1.000000000000000000, 0.8600089641565580312, 1.000000000000000000),
 ( 1.000000000000000000, 0.8557966923493487421, 1.000000000000000000),
 ( 1.000000000000000000, 0.8458545116022275767, 1.000000000000000000),
 ( 1.000000000000000000, 0.8402524634597863251, 1.000000000000000000),
 ( 1.000000000000000000, 0.8337176389953384614, 1.000000000000000000) ) ) 
 REPRESENTATION_ITEM ( '' )  SURFACE ( )  );
#626 = CIRCLE ( 'NONE', #1053, 2.950000000000000622 ) ;
#627 = ORIENTED_EDGE ( 'NONE', *, *, #309, .F. ) ;
#628 = AXIS2_PLACEMENT_3D ( 'NONE', #1002, #272, #285 ) ;
#629 = CARTESIAN_POINT ( 'NONE',  ( -2.592111350222221944, -7.338312868088859631, -1.669677855394581467 ) ) ;
#630 = CARTESIAN_POINT ( 'NONE',  ( -4.390144202662630057, -11.25401565755471012, -1.600000000000000089 ) ) ;
#631 = CARTESIAN_POINT ( 'NONE',  ( -4.390144202662630057, -11.25401565755470834, -0.3197115946747364212 ) ) ;
#632 = ORIENTED_EDGE ( 'NONE', *, *, #1113, .F. ) ;
#633 = ORIENTED_EDGE ( 'NONE', *, *, #1215, .T. ) ;
#634 = CARTESIAN_POINT ( 'NONE',  ( -3.802230351059705526, -6.730886747687732097, -2.249206274062354183 ) ) ;
#635 = ADVANCED_FACE ( 'NONE', ( #789 ), #1320, .F. ) ;
#636 = CARTESIAN_POINT ( 'NONE',  ( 3.750000000000002220, -4.785533905932660481, 1.600000000000000089 ) ) ;
#637 = CARTESIAN_POINT ( 'NONE',  ( -3.482136540737024166, -8.048734553690996663, -2.194163150751482938 ) ) ;
#638 = VERTEX_POINT ( 'NONE', #888 ) ;
#639 = EDGE_LOOP ( 'NONE', ( #408, #547, #932, #1056, #1276 ) ) ;
#640 = CARTESIAN_POINT ( 'NONE',  ( -4.855460935692548219, -5.230775404834418829, -2.088710472001013230 ) ) ;
#641 = DIRECTION ( 'NONE',  ( -0.000000000000000000, -1.000000000000000000, -0.000000000000000000 ) ) ;
#642 = B_SPLINE_CURVE_WITH_KNOTS ( 'NONE', 3,
 ( #41, #137, #560, #455 ),
 .UNSPECIFIED., .F., .F.,
 ( 4, 4 ),
 ( 0.000000000000000000, 1.000000000000000000 ),
 .UNSPECIFIED. ) ;
#643 = CARTESIAN_POINT ( 'NONE',  ( 3.137607445824211805, -11.24761471947020475, 0.3752148916484200347 ) ) ;
#644 = ORIENTED_EDGE ( 'NONE', *, *, #1354, .F. ) ;
#645 = ORIENTED_EDGE ( 'NONE', *, *, #247, .T. ) ;
#646 = AXIS2_PLACEMENT_3D ( 'NONE', #636, #1237, #1247 ) ;
#647 = CARTESIAN_POINT ( 'NONE',  ( -4.044565773543938647, -5.258729757587103038, -2.491250207091923130 ) ) ;
#648 = AXIS2_PLACEMENT_3D ( 'NONE', #486, #1015, #904 ) ;
#649 = CARTESIAN_POINT ( 'NONE',  ( 3.386936007315953123, -8.585934004775916506, 2.140278265584646178 ) ) ;
#650 = CARTESIAN_POINT ( 'NONE',  ( -4.113855615314466974, -6.598751779460601874, -2.139758428902097442 ) ) ;
#651 = EDGE_LOOP ( 'NONE', ( #858, #944 ) ) ;
#652 = ORIENTED_EDGE ( 'NONE', *, *, #806, .T. ) ;
#653 = CARTESIAN_POINT ( 'NONE',  ( -4.205886135532910686, -6.760535395740949305, -2.065367670593491578 ) ) ;
#654 = ORIENTED_EDGE ( 'NONE', *, *, #1097, .T. ) ;
#655 = CARTESIAN_POINT ( 'NONE',  ( -3.982566228272236941, -6.519792814958861094, -2.207550852693361598 ) ) ;
#656 = CARTESIAN_POINT ( 'NONE',  ( -4.095947303095672787, -6.993250451616468411, -0.8347790812215239997 ) ) ;
#657 = CARTESIAN_POINT ( 'NONE',  ( 3.986607585967838041, -6.811739375242347627, -0.8006184652953625136 ) ) ;
#658 = CARTESIAN_POINT ( 'NONE',  ( -3.423053831131103841, -9.687135015211779887, -1.037190304516496964 ) ) ;
#659 = CARTESIAN_POINT ( 'NONE',  ( 4.150000000000003020, -12.00000000000000000, 1.600000000000000089 ) ) ;
#660 = ORIENTED_EDGE ( 'NONE', *, *, #413, .T. ) ;
#661 = CARTESIAN_POINT ( 'NONE',  ( -3.938002735997347514, -6.839539118578152888, 0.8356767978089019167 ) ) ;
#662 = CARTESIAN_POINT ( 'NONE',  ( 0.000000000000000000, 0.000000000000000000, 0.000000000000000000 ) ) ;
#663 = CARTESIAN_POINT ( 'NONE',  ( 4.051761743867960952, -9.263689544656559249, 1.021998887732990635 ) ) ;
#664 = DIRECTION ( 'NONE',  ( 0.000000000000000000, 0.000000000000000000, 1.000000000000000000 ) ) ;
#665 = DIRECTION ( 'NONE',  ( 0.000000000000000000, 0.000000000000000000, 1.000000000000000000 ) ) ;
#666 = CARTESIAN_POINT ( 'NONE',  ( -4.061533605107273459, -6.539762147639166301, -2.172354728652623468 ) ) ;
#667 = CARTESIAN_POINT ( 'NONE',  ( 3.179911781543560689, -9.687135015279469741, 1.287751023737209399 ) ) ;
#668 = CARTESIAN_POINT ( 'NONE',  ( -4.332274170710448402, -8.441162642379566705, -1.311111111111110894 ) ) ;
#669 = CLOSED_SHELL ( 'NONE', ( #599, #195, #934, #619, #1158, #371, #450, #1328, #1132, #821, #1052, #1266, #865, #767, #147, #3, #1198, #998, #175, #592, #1300, #635, #300, #481, #6, #1318, #254 ) ) ;
#670 = CARTESIAN_POINT ( 'NONE',  ( -3.214880234757458766, -9.687135015615391254, -1.223907409794313894 ) ) ;
#671 = B_SPLINE_CURVE_WITH_KNOTS ( 'NONE', 3,
 ( #1139, #177, #71, #1217, #1312, #1214, #812, #171, #595, #82, #686, #76 ),
 .UNSPECIFIED., .F., .F.,
 ( 4, 2, 2, 2, 2, 4 ),
 ( 0.000000000000000000, 0.0007559235355431759198, 0.001511847071086351840, 0.002267770606629528410, 0.002645732374401116478, 0.003023694142172704546 ),
 .UNSPECIFIED. ) ;
#672 = B_SPLINE_CURVE_WITH_KNOTS ( 'NONE', 3,
 ( #940, #2, #424, #844, #1252, #320 ),
 .UNSPECIFIED., .F., .F.,
 ( 4, 2, 4 ),
 ( 0.000000000000000000, 0.0006947024119892579799, 0.001389404823978515960 ),
 .UNSPECIFIED. ) ;
#673 = CARTESIAN_POINT ( 'NONE',  ( 3.175574654321550838, -7.859994371050589734, 0.8439297232392674042 ) ) ;
#674 = PLANE ( 'NONE',  #972 ) ;
#675 = DIRECTION ( 'NONE',  ( 0.000000000000000000, -1.000000000000000000, 0.000000000000000000 ) ) ;
#676 = CARTESIAN_POINT ( 'NONE',  ( -4.281382446085223670, -8.647916659511302839, -1.222196931197632175 ) ) ;
#677 = EDGE_CURVE ( 'NONE', #962, #439, #412, .T. ) ;
#678 = CARTESIAN_POINT ( 'NONE',  ( 2.491940471226377518, -7.850481748004331628, 0.9325954209851293752 ) ) ;
#679 = CARTESIAN_POINT ( 'NONE',  ( -4.308617983865692835, -10.45436186742336915, -1.600000000000000089 ) ) ;
#680 = CARTESIAN_POINT ( 'NONE',  ( -5.095819615941126202, -6.167059464752195908, 0.000000000000000000 ) ) ;
#681 = CARTESIAN_POINT ( 'NONE',  ( 4.292950666865132270, -6.990009417263369329, 1.967833553349431774 ) ) ;
#682 = DIRECTION ( 'NONE',  ( 1.561251128379125892E-16, -1.000000000000000000, 0.000000000000000000 ) ) ;
#683 = CARTESIAN_POINT ( 'NONE',  ( -2.974665248274288132, -7.241724821531057010, 1.001865924421126319 ) ) ;
#684 = CARTESIAN_POINT ( 'NONE',  ( 3.148602840473107900, -9.687135015194099807, 1.344913287725225448 ) ) ;
#685 = CARTESIAN_POINT ( 'NONE',  ( 0.2662887935255168204, -7.702978981805115311, 1.283513405768159199 ) ) ;
#686 = CARTESIAN_POINT ( 'NONE',  ( 0.6831574061989665880, -7.971157925833681546, -0.1008680914765982956 ) ) ;
#687 = CARTESIAN_POINT ( 'NONE',  ( 4.309349529872472218, -8.546075225936158759, 1.264905020305368888 ) ) ;
#688 = CARTESIAN_POINT ( 'NONE',  ( 2.929687340277018937, -6.784647370393188659, 2.048818353574744400 ) ) ;
#689 =( LENGTH_UNIT ( ) NAMED_UNIT ( * ) SI_UNIT ( .MILLI., .METRE. ) );
#690 = AXIS2_PLACEMENT_3D ( 'NONE', #118, #539, #1159 ) ;
#691 = CARTESIAN_POINT ( 'NONE',  ( -3.102513826455064905, -9.687135015357327461, -1.534911979978956564 ) ) ;
#692 = CARTESIAN_POINT ( 'NONE',  ( -1.357780269639156989, -7.817549460895672375, 0.6458637515083797132 ) ) ;
#693 = VECTOR ( 'NONE', #987, 1000.000000000000000 ) ;
#694 = DIRECTION ( 'NONE',  ( 0.000000000000000000, -1.000000000000000000, 0.000000000000000000 ) ) ;
#695 = EDGE_CURVE ( 'NONE', #1155, #15, #785, .T. ) ;
#696 = CARTESIAN_POINT ( 'NONE',  ( 2.572291597582309297, -7.923441225029720592, 0.8602712400253575975 ) ) ;
#697 = CARTESIAN_POINT ( 'NONE',  ( 4.161791363617815875, -6.728417761483130199, -0.7303770696668242524 ) ) ;
#698 = CARTESIAN_POINT ( 'NONE',  ( 4.172806067980317835, -6.690044300456705173, 2.095728865417625375 ) ) ;
#699 = CARTESIAN_POINT ( 'NONE',  ( -2.365737143798903208, -7.778395163768840881, -0.9898198418093553386 ) ) ;
#700 = CARTESIAN_POINT ( 'NONE',  ( -0.2662887935255136007, -7.702978981805114422, -1.283513405768158089 ) ) ;
#701 = CARTESIAN_POINT ( 'NONE',  ( 0.4917877373404370145, -7.985684301310818078, 0.1477545897963112032 ) ) ;
#702 = DIRECTION ( 'NONE',  ( 1.000000000000000000, 0.000000000000000000, 0.000000000000000000 ) ) ;
#703 = CARTESIAN_POINT ( 'NONE',  ( 3.423053831131066094, -9.687135015211802980, 1.037190304516534267 ) ) ;
#704 = EDGE_CURVE ( 'NONE', #18, #1155, #725, .T. ) ;
#705 = CARTESIAN_POINT ( 'NONE',  ( 4.498780434353572666, -5.199341762481362039, 2.320607678995539214 ) ) ;
#706 = CARTESIAN_POINT ( 'NONE',  ( -4.218137606478938650, -8.855597051577809964, -1.137468951144211315 ) ) ;
#707 = PRESENTATION_STYLE_ASSIGNMENT (( #1013 ) ) ;
#708 = CARTESIAN_POINT ( 'NONE',  ( -2.368381291521266974, -7.772485031241026299, -0.9910469765046504564 ) ) ;
#709 = DIRECTION ( 'NONE',  ( 1.000000000000000000, 0.000000000000000000, 0.000000000000000000 ) ) ;
#710 = CARTESIAN_POINT ( 'NONE',  ( 4.378694728209935327, -7.444949845425250956, 1.770486718225028344 ) ) ;
#711 = CARTESIAN_POINT ( 'NONE',  ( 3.857472011506285270, -6.629894759131894411, 2.241207741727474279 ) ) ;
#712 = B_SPLINE_CURVE_WITH_KNOTS ( 'NONE', 3,
 ( #1070, #553, #967, #35, #586, #1293, #149, #1317, #564, #62, #355, #977, #367, #1213, #43, #457, #67, #54, #1185, #258, #373, #794, #1103, #269, #487, #680 ),
 .UNSPECIFIED., .F., .F.,
 ( 4, 2, 2, 2, 2, 2, 2, 2, 2, 2, 2, 2, 4 ),
 ( 0.000000000000000000, 0.0009523884559170525677, 0.001904776911834105135, 0.002857165367751157703, 0.003809553823668210271, 0.004285748051626734820, 0.004761942279585261104, 0.005238136507543785653, 0.005714330735502311936, 0.006190524963460836486, 0.006666719191419362769, 0.007142913419377887319, 0.007619107647336413602 ),
 .UNSPECIFIED. ) ;
#713 = CARTESIAN_POINT ( 'NONE',  ( -0.4570110811722966071, -7.460789380442032659, -1.688238971495444662 ) ) ;
#714 = CARTESIAN_POINT ( 'NONE',  ( 5.151808937422254431, -5.331046820468000824, 1.772367399311656433 ) ) ;
#715 = CARTESIAN_POINT ( 'NONE',  ( 4.198554431560560296, -6.870329087625386855, 0.8960437696725922496 ) ) ;
#716 = VECTOR ( 'NONE', #1310, 1000.000000000000000 ) ;
#717 = CARTESIAN_POINT ( 'NONE',  ( -4.149999999999998579, -12.00000000000000178, -1.600000000000000089 ) ) ;
#718 = CIRCLE ( 'NONE', #382, 2.950000000000000622 ) ;
#719 = VERTEX_POINT ( 'NONE', #811 ) ;
#720 = CARTESIAN_POINT ( 'NONE',  ( -1.941888093795244519, -6.371306864081378585, -2.473798564335027095 ) ) ;
#721 = CARTESIAN_POINT ( 'NONE',  ( 2.368381291521015619, -7.772485031240663034, 0.9910469765046140411 ) ) ;
#722 = CARTESIAN_POINT ( 'NONE',  ( 4.150000000000005684, -37.00000000000000711, 1.600000000000000089 ) ) ;
#723 = EDGE_CURVE ( 'NONE', #110, #621, #802, .T. ) ;
#724 = CARTESIAN_POINT ( 'NONE',  ( 3.750000000000002665, -12.00000000000000000, 1.600000000000000089 ) ) ;
#725 = B_SPLINE_CURVE_WITH_KNOTS ( 'NONE', 3,
 ( #917, #683, #1010, #87, #161, #74, #692, #1101, #579, #292, #386, #996 ),
 .UNSPECIFIED., .F., .F.,
 ( 4, 2, 2, 2, 2, 4 ),
 ( 0.000000000000000000, 0.0007559235355431762450, 0.001511847071086352490, 0.002267770606629529711, 0.002645732374401118213, 0.003023694142172707149 ),
 .UNSPECIFIED. ) ;
#726 = CARTESIAN_POINT ( 'NONE',  ( -0.7629831231600091579, -9.687135015279469741, -3.609410405435655278 ) ) ;
#727 = CARTESIAN_POINT ( 'NONE',  ( 3.214880234757479194, -9.687135015615298883, 1.223907409794196655 ) ) ;
#728 = ORIENTED_EDGE ( 'NONE', *, *, #1279, .T. ) ;
#729 = CARTESIAN_POINT ( 'NONE',  ( -3.608617997666152100, -7.415260549780884780, -2.235516383993175538 ) ) ;
#730 = MECHANICAL_DESIGN_GEOMETRIC_PRESENTATION_REPRESENTATION (  '', ( #835 ), #985 ) ;
#731 = CARTESIAN_POINT ( 'NONE',  ( 3.125431830452667814, -9.687135015510179414, 1.408805244693840608 ) ) ;
#732 = DIRECTION ( 'NONE',  ( 1.000000000000000000, 0.000000000000000000, 0.000000000000000000 ) ) ;
#733 = EDGE_CURVE ( 'NONE', #833, #1042, #910, .T. ) ;
#734 = DIRECTION ( 'NONE',  ( 0.000000000000000000, -0.7699550877476644128, 0.6380980824696829146 ) ) ;
#735 = EDGE_LOOP ( 'NONE', ( #1054, #128, #344, #528, #827, #1245 ) ) ;
#736 = DIRECTION ( 'NONE',  ( 1.000000000000000000, 0.000000000000000000, 0.000000000000000000 ) ) ;
#737 = DIRECTION ( 'NONE',  ( 1.000000000000000000, 1.040834085586084257E-16, 0.000000000000000000 ) ) ;
#738 = DIRECTION ( 'NONE',  ( -0.4657742981270117100, 0.03535571954819455298, 0.8841969669137750287 ) ) ;
#739 = FACE_OUTER_BOUND ( 'NONE', #222, .T. ) ;
#740 = EDGE_CURVE ( 'NONE', #638, #1263, #1322, .T. ) ;
#741 = CIRCLE ( 'NONE', #648, 0.6500000000000001332 ) ;
#742 = EDGE_LOOP ( 'NONE', ( #115, #103, #1337, #246 ) ) ;
#743 = EDGE_CURVE ( 'NONE', #621, #30, #741, .T. ) ;
#744 = CIRCLE ( 'NONE', #79, 2.950000000000000622 ) ;
#745 = CIRCLE ( 'NONE', #1189, 2.950000000000000178 ) ;
#746 = CARTESIAN_POINT ( 'NONE',  ( -3.099999999999997868, -9.687135015279469741, -1.600000000000000089 ) ) ;
#747 = CARTESIAN_POINT ( 'NONE',  ( 0.5797529038833483250, -7.360771798146978462, 1.804705202717827639 ) ) ;
#748 = VERTEX_POINT ( 'NONE', #81 ) ;
#749 = ORIENTED_EDGE ( 'NONE', *, *, #1307, .T. ) ;
#750 = CARTESIAN_POINT ( 'NONE',  ( -3.349999999999994760, -37.00000000000000711, -1.600000000000000089 ) ) ;
#751 = DIRECTION ( 'NONE',  ( 0.000000000000000000, 0.000000000000000000, -1.000000000000000000 ) ) ;
#752 = VERTEX_POINT ( 'NONE', #1340 ) ;
#753 = VERTEX_POINT ( 'NONE', #1115 ) ;
#754 = CARTESIAN_POINT ( 'NONE',  ( -4.488933131543697108, -6.057359422135585092, -1.692665316558262134 ) ) ;
#755 = FACE_OUTER_BOUND ( 'NONE', #1149, .T. ) ;
#756 = ORIENTED_EDGE ( 'NONE', *, *, #740, .F. ) ;
#757 = DIRECTION ( 'NONE',  ( 0.000000000000000000, 0.000000000000000000, 1.000000000000000000 ) ) ;
#758 = CARTESIAN_POINT ( 'NONE',  ( 0.2292485502294320521, -7.783329161675316854, 1.114221011661084892 ) ) ;
#759 = ORIENTED_EDGE ( 'NONE', *, *, #779, .F. ) ;
#760 = ORIENTED_EDGE ( 'NONE', *, *, #1215, .F. ) ;
#761 = AXIS2_PLACEMENT_3D ( 'NONE', #623, #853, #101 ) ;
#762 = CARTESIAN_POINT ( 'NONE',  ( -4.138430875501788897, -5.834341172390343999, -2.134685480624748610 ) ) ;
#763 = AXIS2_PLACEMENT_3D ( 'NONE', #936, #930, #751 ) ;
#764 = DIRECTION ( 'NONE',  ( 1.000000000000000000, 0.000000000000000000, 0.000000000000000000 ) ) ;
#765 = CARTESIAN_POINT ( 'NONE',  ( -2.672283569543014714, -7.941077747795984187, -0.8295807365823985036 ) ) ;
#766 = FACE_OUTER_BOUND ( 'NONE', #418, .T. ) ;
#767 = ADVANCED_FACE ( 'NONE', ( #601 ), #397, .T. ) ;
#768 = VERTEX_POINT ( 'NONE', #822 ) ;
#769 = CARTESIAN_POINT ( 'NONE',  ( -4.582986963518840717, -6.509788507444784322, 0.4999157497519070015 ) ) ;
#770 =( BOUNDED_SURFACE ( )  B_SPLINE_SURFACE ( 3, 3, ( 
 ( #839, #1275, #53, #1286 ),
 ( #679, #773, #469, #976 ),
 ( #126, #894, #867, #1180 ),
 ( #349, #573, #443, #233 ) ),
 .UNSPECIFIED., .F., .F., .F. ) 
 B_SPLINE_SURFACE_WITH_KNOTS ( ( 4, 4 ),
 ( 4, 4 ),
 ( 0.000000000000000000, 1.000000000000000000 ),
 ( 0.000000000000000000, 1.000000000000000000 ),
 .UNSPECIFIED. ) 
 GEOMETRIC_REPRESENTATION_ITEM ( )  RATIONAL_B_SPLINE_SURFACE ( (
 ( 1.000000000000000000, 0.3333333333333334259, 0.3333333333333334259, 1.000000000000000000),
 ( 1.000000000000000000, 0.3333333333333334259, 0.3333333333333334259, 1.000000000000000000),
 ( 1.000000000000000000, 0.3333333333333334259, 0.3333333333333334259, 1.000000000000000000),
 ( 1.000000000000000000, 0.3333333333333334259, 0.3333333333333334259, 1.000000000000000000) ) ) 
 REPRESENTATION_ITEM ( '' )  SURFACE ( )  );
#771 = ORIENTED_EDGE ( 'NONE', *, *, #357, .T. ) ;
#772 = CARTESIAN_POINT ( 'NONE',  ( -3.786813032767984311, -6.776208122167116876, -2.249351712328068409 ) ) ;
#773 = CARTESIAN_POINT ( 'NONE',  ( -4.308617983865692835, -10.45436186742336915, -2.717235967731388868 ) ) ;
#774 = CARTESIAN_POINT ( 'NONE',  ( 2.518473749925691063, -7.883658111733778284, 0.9338395732288367057 ) ) ;
#775 = CARTESIAN_POINT ( 'NONE',  ( -4.376429856063976054, -8.239088062623116215, -1.400109740204333875 ) ) ;
#776 = CARTESIAN_POINT ( 'NONE',  ( -0.7323058779214162151, -7.967427192752380982, 0.1647205539678180397 ) ) ;
#777 = FACE_OUTER_BOUND ( 'NONE', #350, .T. ) ;
#778 = CARTESIAN_POINT ( 'NONE',  ( -5.409825284380517019, -5.745422003502987707, -0.8025170601197579856 ) ) ;
#779 = EDGE_CURVE ( 'NONE', #748, #110, #232, .T. ) ;
#780 = CARTESIAN_POINT ( 'NONE',  ( -3.908021723011342097, -9.580932369465946508, -0.9674723071597208790 ) ) ;
#781 = DIRECTION ( 'NONE',  ( -0.000000000000000000, -0.000000000000000000, -1.000000000000000000 ) ) ;
#782 = CARTESIAN_POINT ( 'NONE',  ( 1.011103890932894878, -7.026335718438867062, 2.134214117796428223 ) ) ;
#783 = CIRCLE ( 'NONE', #58, 0.6500000000000003553 ) ;
#784 = CARTESIAN_POINT ( 'NONE',  ( 4.477599398687880594, -6.392118360178576708, 1.288846651086154260 ) ) ;
#785 = B_SPLINE_CURVE_WITH_KNOTS ( 'NONE', 3,
 ( #1123, #1212, #610, #61, #268, #793, #1334, #700, #477, #585, #1205, #185 ),
 .UNSPECIFIED., .F., .F.,
 ( 4, 2, 2, 2, 2, 4 ),
 ( 0.000000000000000000, 0.0005310224265192307674, 0.001062044853038461535, 0.001327556066298075889, 0.001593067279557690242, 0.002124089706076919166 ),
 .UNSPECIFIED. ) ;
#786 = EDGE_CURVE ( 'NONE', #7, #719, #165, .T. ) ;
#787 = DIRECTION ( 'NONE',  ( 1.000000000000000000, 0.000000000000000000, 0.000000000000000000 ) ) ;
#788 = CARTESIAN_POINT ( 'NONE',  ( 0.000000000000000000, 0.000000000000000000, 0.000000000000000000 ) ) ;
#789 = FACE_OUTER_BOUND ( 'NONE', #1078, .T. ) ;
#790 = CARTESIAN_POINT ( 'NONE',  ( 2.398086103474636133, -7.840982134018097405, 0.9497242557982907840 ) ) ;
#791 = CARTESIAN_POINT ( 'NONE',  ( 4.855460935692550883, -5.230775404834414388, 2.088710472001013230 ) ) ;
#792 = FILL_AREA_STYLE ('',( #1000 ) ) ;
#793 = CARTESIAN_POINT ( 'NONE',  ( -0.2319460886057931881, -7.807240791427120463, -1.043487810017445172 ) ) ;
#794 = CARTESIAN_POINT ( 'NONE',  ( -5.390617385769282066, -5.817780275671405654, -0.6509779426827627669 ) ) ;
#795 = EDGE_CURVE ( 'NONE', #23, #748, #1100, .T. ) ;
#796 = CARTESIAN_POINT ( 'NONE',  ( -5.095819615941126202, -6.167059464752195908, 0.000000000000000000 ) ) ;
#797 = FACE_OUTER_BOUND ( 'NONE', #318, .T. ) ;
#798 = CARTESIAN_POINT ( 'NONE',  ( 2.866392803198423600, -7.944199874708072429, 0.7963710379476820478 ) ) ;
#799 = CARTESIAN_POINT ( 'NONE',  ( 3.820893435089690815, -7.291408307667985866, 0.7395870921205714987 ) ) ;
#800 = CARTESIAN_POINT ( 'NONE',  ( 4.432243135804750267, -6.509256161306198329, 1.171180951187575925 ) ) ;
#801 = CARTESIAN_POINT ( 'NONE',  ( 4.378115903688522437, -8.231372015132254916, 1.403508077835579293 ) ) ;
#802 = CIRCLE ( 'NONE', #1145, 0.6500000000000001332 ) ;
#803 = CARTESIAN_POINT ( 'NONE',  ( 5.390617385769285619, -5.817780275671401213, 0.6509779426827629889 ) ) ;
#804 = AXIS2_PLACEMENT_3D ( 'NONE', #569, #1088, #154 ) ;
#805 = AXIS2_PLACEMENT_3D ( 'NONE', #284, #267, #787 ) ;
#806 = EDGE_CURVE ( 'NONE', #1352, #433, #626, .T. ) ;
#807 = CARTESIAN_POINT ( 'NONE',  ( 2.179971982723841961, -7.542322540164380307, -0.9405564920644575722 ) ) ;
#808 = CARTESIAN_POINT ( 'NONE',  ( 4.138430875501787121, -5.834341172390232977, 2.134685480624862741 ) ) ;
#809 = CARTESIAN_POINT ( 'NONE',  ( -4.052388183421894219, -9.269720384863552098, -1.015492364222439159 ) ) ;
#810 = CYLINDRICAL_SURFACE ( 'NONE', #805, 0.4000000000000001887 ) ;
#811 = CARTESIAN_POINT ( 'NONE',  ( 3.350000000000002753, -12.00000000000000000, 1.600000000000000089 ) ) ;
#812 = CARTESIAN_POINT ( 'NONE',  ( 1.357780269639159876, -7.817549460895672375, -0.6458637515083798242 ) ) ;
#813 = CARTESIAN_POINT ( 'NONE',  ( 0.7629831231600143759, -9.687135015279469741, 3.609410405435655722 ) ) ;
#814 = CARTESIAN_POINT ( 'NONE',  ( 3.179911781543560245, -9.687135015279469741, 1.287751023737209621 ) ) ;
#815 = CARTESIAN_POINT ( 'NONE',  ( 4.511918955696934574, -6.166293802824638348, 1.548543712844391296 ) ) ;
#816 = CARTESIAN_POINT ( 'NONE',  ( 3.984136749160646751, -6.519331219817947165, 2.206996010206351500 ) ) ;
#817 = CARTESIAN_POINT ( 'NONE',  ( -3.099929967083286719, -9.687135015438615326, -1.628400482483970846 ) ) ;
#818 = CARTESIAN_POINT ( 'NONE',  ( 3.750000000000002220, -12.00000000000000000, 1.600000000000000089 ) ) ;
#819 = CARTESIAN_POINT ( 'NONE',  ( 2.542746463808262636, -7.915287899628935087, 0.8715975190606609635 ) ) ;
#820 = ORIENTED_EDGE ( 'NONE', *, *, #1279, .F. ) ;
#821 = ADVANCED_FACE ( 'NONE', ( #1051 ), #837, .T. ) ;
#822 = CARTESIAN_POINT ( 'NONE',  ( -3.858109092048854993, -9.687135015279469741, -0.9590534934829800795 ) ) ;
#823 = TOROIDAL_SURFACE ( 'NONE', #230, 5.049999999999999822, 2.950000000000000178 ) ;
#824 = CARTESIAN_POINT ( 'NONE',  ( -4.149999999999995914, -37.00000000000000711, -1.600000000000000089 ) ) ;
#825 = CARTESIAN_POINT ( 'NONE',  ( -3.210677508348333209, -9.687135015279469741, -1.962810212092549023 ) ) ;
#826 = CARTESIAN_POINT ( 'NONE',  ( 1.586898583127961393, -7.744162786266151954, -0.7472772377835028568 ) ) ;
#827 = ORIENTED_EDGE ( 'NONE', *, *, #733, .T. ) ;
#828 = CARTESIAN_POINT ( 'NONE',  ( -3.416367154718116694, -8.415858893996404078, -2.158896170623631150 ) ) ;
#829 = PRODUCT_DEFINITION ( 'Î´Öª', '', #24, #616 ) ;
#830 = FACE_OUTER_BOUND ( 'NONE', #227, .T. ) ;
#831 = CARTESIAN_POINT ( 'NONE',  ( -3.750000000000013323, -6.882112097810337836, -2.250000000000000444 ) ) ;
#832 = B_SPLINE_CURVE_WITH_KNOTS ( 'NONE', 3,
 ( #1036, #613, #102, #203, #624, #1343, #286, #316 ),
 .UNSPECIFIED., .F., .F.,
 ( 4, 2, 2, 4 ),
 ( 0.000000000000000000, 0.0005953860904753225953, 0.001190772180950645191, 0.002381544361901289514 ),
 .UNSPECIFIED. ) ;
#833 = VERTEX_POINT ( 'NONE', #1261 ) ;
#834 = CARTESIAN_POINT ( 'NONE',  ( -3.477023198886002309, -8.078354875236058774, -2.190897174677805204 ) ) ;
#835 = STYLED_ITEM ( 'NONE', ( #1232 ), #527 ) ;
#836 = CARTESIAN_POINT ( 'NONE',  ( 0.2820585399979341767, -7.928051198553108136, 0.6304693308529233375 ) ) ;
#837 = CYLINDRICAL_SURFACE ( 'NONE', #646, 0.6500000000000000222 ) ;
#838 = CARTESIAN_POINT ( 'NONE',  ( -3.750000000000013323, -6.882112097810337836, -2.250000000000000444 ) ) ;
#839 = CARTESIAN_POINT ( 'NONE',  ( -4.399999999999998579, -9.687135015279469741, -1.600000000000000089 ) ) ;
#840 = EDGE_CURVE ( 'NONE', #7, #870, #326, .T. ) ;
#841 = CARTESIAN_POINT ( 'NONE',  ( 0.000000000000000000, 0.000000000000000000, 0.000000000000000000 ) ) ;
#842 = VERTEX_POINT ( 'NONE', #213 ) ;
#843 = CARTESIAN_POINT ( 'NONE',  ( -1.370205309137749294, -6.768378302985841977, -2.296155197097777378 ) ) ;
#844 = CARTESIAN_POINT ( 'NONE',  ( 4.218137606478941315, -8.855597051577806411, 1.137468951144210205 ) ) ;
#845 = CARTESIAN_POINT ( 'NONE',  ( 2.377562540644179379, -7.764606636852293242, 0.9898857906974831700 ) ) ;
#846 = EDGE_LOOP ( 'NONE', ( #109, #536 ) ) ;
#847 = EDGE_CURVE ( 'NONE', #870, #964, #1347, .T. ) ;
#848 = AXIS2_PLACEMENT_3D ( 'NONE', #1091, #1305, #270 ) ;
#849 = ORIENTED_EDGE ( 'NONE', *, *, #786, .F. ) ;
#850 = CIRCLE ( 'NONE', #120, 2.950000000000000178 ) ;
#851 = AXIS2_PLACEMENT_3D ( 'NONE', #173, #1005, #614 ) ;
#852 = CARTESIAN_POINT ( 'NONE',  ( -3.508399113681732295, -7.909865114841792888, -2.204427259095928182 ) ) ;
#853 = DIRECTION ( 'NONE',  ( 0.000000000000000000, 0.000000000000000000, 1.000000000000000000 ) ) ;
#854 = CARTESIAN_POINT ( 'NONE',  ( 3.100000000000001865, -9.687135015279469741, 1.600000000000000089 ) ) ;
#855 = ORIENTED_EDGE ( 'NONE', *, *, #534, .F. ) ;
#856 = ORIENTED_EDGE ( 'NONE', *, *, #90, .T. ) ;
#857 = CARTESIAN_POINT ( 'NONE',  ( -5.375338452285514990, -5.533651455344407388, -1.272117065870728370 ) ) ;
#858 = ORIENTED_EDGE ( 'NONE', *, *, #740, .T. ) ;
#859 = CYLINDRICAL_SURFACE ( 'NONE', #1170, 0.6500000000000001332 ) ;
#860 = EDGE_LOOP ( 'NONE', ( #207, #329, #645, #431, #849 ) ) ;
#861 = ORIENTED_EDGE ( 'NONE', *, *, #495, .F. ) ;
#862 = CARTESIAN_POINT ( 'NONE',  ( -4.366564725903106847, -8.265901339857746777, -1.389797496568283552 ) ) ;
#863 =( BOUNDED_SURFACE ( )  B_SPLINE_SURFACE ( 3, 3, ( 
 ( #1335, #521, #187, #303 ),
 ( #1147, #931, #96, #308 ),
 ( #214, #1231, #631, #107 ),
 ( #389, #1018, #83, #1174 ) ),
 .UNSPECIFIED., .F., .F., .F. ) 
 B_SPLINE_SURFACE_WITH_KNOTS ( ( 4, 4 ),
 ( 4, 4 ),
 ( 0.000000000000000000, 1.000000000000000000 ),
 ( 0.000000000000000000, 1.000000000000000000 ),
 .UNSPECIFIED. ) 
 GEOMETRIC_REPRESENTATION_ITEM ( )  RATIONAL_B_SPLINE_SURFACE ( (
 ( 1.000000000000000000, 0.3333333333333334259, 0.3333333333333334259, 1.000000000000000000),
 ( 1.000000000000000000, 0.3333333333333334259, 0.3333333333333334259, 1.000000000000000000),
 ( 1.000000000000000000, 0.3333333333333334259, 0.3333333333333334259, 1.000000000000000000),
 ( 1.000000000000000000, 0.3333333333333334259, 0.3333333333333334259, 1.000000000000000000) ) ) 
 REPRESENTATION_ITEM ( '' )  SURFACE ( )  );
#864 = ORIENTED_EDGE ( 'NONE', *, *, #1346, .F. ) ;
#865 = ADVANCED_FACE ( 'NONE', ( #302 ), #315, .T. ) ;
#866 = CARTESIAN_POINT ( 'NONE',  ( -4.332274170710449290, -8.441162642379568481, -1.311111111111110894 ) ) ;
#867 = CARTESIAN_POINT ( 'NONE',  ( -3.109855797337366390, -11.25401565755470834, -2.880288405325263756 ) ) ;
#868 = CARTESIAN_POINT ( 'NONE',  ( 4.335095208864969685, -10.45860535353151199, 0.4298095822700666035 ) ) ;
#869 = CARTESIAN_POINT ( 'NONE',  ( -4.177952111120029954, -8.955770684717899499, -1.108106085397749574 ) ) ;
#870 = VERTEX_POINT ( 'NONE', #722 ) ;
#871 = ORIENTED_EDGE ( 'NONE', *, *, #549, .T. ) ;
#872 = CIRCLE ( 'NONE', #969, 5.049999999999999822 ) ;
#873 = CARTESIAN_POINT ( 'NONE',  ( -4.337142584269177981, -7.171525027547356324, -1.891641415471315479 ) ) ;
#874 = CIRCLE ( 'NONE', #363, 8.000000000000000000 ) ;
#875 = FACE_OUTER_BOUND ( 'NONE', #1162, .T. ) ;
#876 = CARTESIAN_POINT ( 'NONE',  ( -1.169020481176866966, -7.868441728512590494, 0.5220471226266908404 ) ) ;
#877 = EDGE_LOOP ( 'NONE', ( #959, #1250, #239, #453 ) ) ;
#878 = CARTESIAN_POINT ( 'NONE',  ( -4.382029542778131059, -5.930414934521738957, -1.895520723363239401 ) ) ;
#879 = FACE_OUTER_BOUND ( 'NONE', #846, .T. ) ;
#880 = DIRECTION ( 'NONE',  ( 1.000000000000000000, 1.776356839400250465E-15, 0.000000000000000000 ) ) ;
#881 = CARTESIAN_POINT ( 'NONE',  ( -3.175574654321550838, -7.859994371050589734, -0.8439297232392677373 ) ) ;
#882 = EDGE_CURVE ( 'NONE', #1044, #752, #872, .T. ) ;
#883 = CARTESIAN_POINT ( 'NONE',  ( -4.289607982445134304, -6.748624055951948364, -0.9736950742244834256 ) ) ;
#884 = CARTESIAN_POINT ( 'NONE',  ( 2.453936561101174973, -7.696321541653432519, 1.292579133853997364 ) ) ;
#885 = CARTESIAN_POINT ( 'NONE',  ( -3.208482407401108016, -7.147098534719292573, 0.9749287872779007769 ) ) ;
#886 = CARTESIAN_POINT ( 'NONE',  ( -3.749999999999998224, -4.785533905932811471, -2.250000000000000444 ) ) ;
#887 = CARTESIAN_POINT ( 'NONE',  ( -4.309349529872567253, -8.546075225936244024, -1.264905020305569394 ) ) ;
#888 = CARTESIAN_POINT ( 'NONE',  ( 5.049999999999999822, 0.000000000000000000, -2.950000000000000178 ) ) ;
#889 = CARTESIAN_POINT ( 'NONE',  ( 0.4064816609017725124, -7.979603502469132081, 0.2959676748461758655 ) ) ;
#890 = CARTESIAN_POINT ( 'NONE',  ( 5.398474473878044577, -5.584649497282419439, 1.155220201492081156 ) ) ;
#891 = CARTESIAN_POINT ( 'NONE',  ( 4.332274170710452843, -8.441162642379564929, 1.311111111111111116 ) ) ;
#892 = TOROIDAL_SURFACE ( 'NONE', #1125, 5.049999999999999822, 2.950000000000000178 ) ;
#893 = FACE_OUTER_BOUND ( 'NONE', #639, .T. ) ;
#894 = CARTESIAN_POINT ( 'NONE',  ( -4.390144202662630057, -11.25401565755470834, -2.880288405325263756 ) ) ;
#895 = CARTESIAN_POINT ( 'NONE',  ( 3.350000000000001865, -12.00000000000000000, 1.600000000000000089 ) ) ;
#896 = CARTESIAN_POINT ( 'NONE',  ( 4.031848716228397578, -7.067968697019668234, 0.8009270995406069238 ) ) ;
#897 = CARTESIAN_POINT ( 'NONE',  ( 3.977272778824866961, -6.514371710516093650, 2.210729241585317695 ) ) ;
#898 = CARTESIAN_POINT ( 'NONE',  ( 4.284285494169351338, -6.974825324570416818, 1.974484009452521116 ) ) ;
#899 = EDGE_CURVE ( 'NONE', #23, #968, #1290, .T. ) ;
#900 = DIRECTION ( 'NONE',  ( 0.000000000000000000, 0.000000000000000000, -1.000000000000000000 ) ) ;
#901 = DIRECTION ( 'NONE',  ( -0.8958064164776166072, 0.000000000000000000, 0.4444444444444445863 ) ) ;
#902 = CARTESIAN_POINT ( 'NONE',  ( 4.044565773544049669, -5.258729757586993792, 2.491250207091932456 ) ) ;
#903 = CARTESIAN_POINT ( 'NONE',  ( 3.931754956073568508, -6.540060482147326937, 2.224683367520409849 ) ) ;
#904 = DIRECTION ( 'NONE',  ( 0.000000000000000000, 0.000000000000000000, -1.000000000000000000 ) ) ;
#905 = LINE ( 'NONE', #574, #472 ) ;
#906 = CARTESIAN_POINT ( 'NONE',  ( 3.366297167258230250, -9.687135015347136502, 1.074242749214333381 ) ) ;
#907 = CARTESIAN_POINT ( 'NONE',  ( 4.892319152753406897, -6.321059867679658772, -0.2462238830159215186 ) ) ;
#908 = CARTESIAN_POINT ( 'NONE',  ( 2.946873747932694076, -5.730793807220441849, 2.601678329131465350 ) ) ;
#909 = DIRECTION ( 'NONE',  ( 1.214306433183764966E-16, -1.000000000000000000, 0.000000000000000000 ) ) ;
#910 = CIRCLE ( 'NONE', #628, 0.6500000000000003553 ) ;
#911 = CARTESIAN_POINT ( 'NONE',  ( 4.698663532655400488, -5.205450068009803921, 2.206538551508028689 ) ) ;
#912 = CARTESIAN_POINT ( 'NONE',  ( -0.5797529038833443282, -7.360771798146978462, -1.804705202717827195 ) ) ;
#913 = CIRCLE ( 'NONE', #14, 0.6500000000000003553 ) ;
#914 =( GEOMETRIC_REPRESENTATION_CONTEXT ( 3 ) GLOBAL_UNCERTAINTY_ASSIGNED_CONTEXT ( ( #928 ) ) GLOBAL_UNIT_ASSIGNED_CONTEXT ( ( #689, #584, #1211 ) ) REPRESENTATION_CONTEXT ( 'NONE', 'WORKASPACE' ) );
#915 = CARTESIAN_POINT ( 'NONE',  ( 5.134518760470029974, -5.309784674735694487, 1.818615994713898010 ) ) ;
#916 = CARTESIAN_POINT ( 'NONE',  ( -2.470112968925916253, -7.819706973153956575, -0.9405223008285581443 ) ) ;
#917 = CARTESIAN_POINT ( 'NONE',  ( -3.208482407401109349, -7.147098534719291685, 0.9749287872779009989 ) ) ;
#918 = DIRECTION ( 'NONE',  ( -0.000000000000000000, -1.000000000000000000, -0.000000000000000000 ) ) ;
#919 = B_SPLINE_CURVE_WITH_KNOTS ( 'NONE', 3,
 ( #946, #11, #249, #1087 ),
 .UNSPECIFIED., .F., .F.,
 ( 4, 4 ),
 ( 0.000000000000000000, 1.000000000000000000 ),
 .UNSPECIFIED. ) ;
#920 = EDGE_CURVE ( 'NONE', #30, #768, #448, .T. ) ;
#921 = SURFACE_STYLE_FILL_AREA ( #504 ) ;
#922 = EDGE_LOOP ( 'NONE', ( #9, #1169, #856, #204, #986 ) ) ;
#923 = CARTESIAN_POINT ( 'NONE',  ( 3.100000000000002309, -9.687135015279469741, 2.900000000000000355 ) ) ;
#924 = CARTESIAN_POINT ( 'NONE',  ( -2.398086103474634800, -7.840982134018103622, -0.9497242557982881195 ) ) ;
#925 = CARTESIAN_POINT ( 'NONE',  ( 0.000000000000000000, 0.000000000000000000, -2.950000000000000178 ) ) ;
#926 = DIRECTION ( 'NONE',  ( 0.4657742981270119320, 0.03535571954819483054, -0.8841969669137749177 ) ) ;
#927 = ORIENTED_EDGE ( 'NONE', *, *, #357, .F. ) ;
#928 = UNCERTAINTY_MEASURE_WITH_UNIT (LENGTH_MEASURE( 1.000000000000000082E-05 ), #689, 'distance_accuracy_value', 'NONE');
#929 = CARTESIAN_POINT ( 'NONE',  ( -3.018168244484578988, -6.662966863966788722, -2.107831597839584514 ) ) ;
#930 = DIRECTION ( 'NONE',  ( -0.000000000000000000, -1.000000000000000000, -0.000000000000000000 ) ) ;
#931 = CARTESIAN_POINT ( 'NONE',  ( -3.191382016134303612, -10.45436186742336915, -0.4827640322686110874 ) ) ;
#932 = ORIENTED_EDGE ( 'NONE', *, *, #534, .T. ) ;
#933 = CARTESIAN_POINT ( 'NONE',  ( -2.454203230616193387, -7.818452754150142070, -1.093048889295646031 ) ) ;
#934 = ADVANCED_FACE ( 'NONE', ( #830 ), #339, .T. ) ;
#935 = CARTESIAN_POINT ( 'NONE',  ( 0.3064179648481609730, -7.943610967964090719, 0.5497833346122524834 ) ) ;
#936 = CARTESIAN_POINT ( 'NONE',  ( -3.749999999999998224, -9.687135015279469741, -1.600000000000000089 ) ) ;
#937 = ORIENTED_EDGE ( 'NONE', *, *, #558, .T. ) ;
#938 = CARTESIAN_POINT ( 'NONE',  ( -0.5797529038833444393, -7.360771798146979350, -1.804705202717827639 ) ) ;
#939 = CARTESIAN_POINT ( 'NONE',  ( 3.106408054458089651, -9.687135015164114904, 1.503435948984037207 ) ) ;
#940 = CARTESIAN_POINT ( 'NONE',  ( 3.858109092048858102, -9.687135015279469741, 0.9590534934829799685 ) ) ;
#941 = EDGE_CURVE ( 'NONE', #753, #1026, #1144, .T. ) ;
#942 = CARTESIAN_POINT ( 'NONE',  ( 4.362392554175793080, -11.24761471947020475, 0.3752148916484200347 ) ) ;
#943 = ORIENTED_EDGE ( 'NONE', *, *, #208, .T. ) ;
#944 = ORIENTED_EDGE ( 'NONE', *, *, #114, .T. ) ;
#945 = CARTESIAN_POINT ( 'NONE',  ( 4.335095208864969685, -10.45860535353151199, 2.770190417729933685 ) ) ;
#946 = CARTESIAN_POINT ( 'NONE',  ( 4.400000000000003020, -9.687135015279469741, 1.600000000000000089 ) ) ;
#947 = CARTESIAN_POINT ( 'NONE',  ( 3.608412896314155294, -6.981372733195872371, -0.9121239425214757723 ) ) ;
#948 = CARTESIAN_POINT ( 'NONE',  ( -3.210677508348333209, -9.687135015279469741, -1.962810212092549023 ) ) ;
#949 = DIRECTION ( 'NONE',  ( 0.000000000000000000, 0.000000000000000000, -1.000000000000000000 ) ) ;
#950 = ORIENTED_EDGE ( 'NONE', *, *, #434, .F. ) ;
#951 = ORIENTED_EDGE ( 'NONE', *, *, #806, .F. ) ;
#952 = CARTESIAN_POINT ( 'NONE',  ( -4.477599398687985399, -6.392118360178582037, -1.288846651086125616 ) ) ;
#953 = DIRECTION ( 'NONE',  ( 0.000000000000000000, 0.000000000000000000, 1.000000000000000000 ) ) ;
#954 = ORIENTED_EDGE ( 'NONE', *, *, #899, .T. ) ;
#955 =( NAMED_UNIT ( * ) SI_UNIT ( $, .STERADIAN. ) SOLID_ANGLE_UNIT ( ) );
#956 = ORIENTED_EDGE ( 'NONE', *, *, #1176, .T. ) ;
#957 = EDGE_CURVE ( 'NONE', #1066, #505, #672, .T. ) ;
#958 = CARTESIAN_POINT ( 'NONE',  ( -4.395916751156199176, -7.995985977853170112, -1.515638725634640194 ) ) ;
#959 = ORIENTED_EDGE ( 'NONE', *, *, #1176, .F. ) ;
#960 = CARTESIAN_POINT ( 'NONE',  ( 8.000000000000000000, 0.000000000000000000, 0.000000000000000000 ) ) ;
#961 = CARTESIAN_POINT ( 'NONE',  ( -2.866392803198755335, -7.944199874708729681, -0.7963710379475585910 ) ) ;
#962 = VERTEX_POINT ( 'NONE', #747 ) ;
#963 = CARTESIAN_POINT ( 'NONE',  ( -5.095819615941127090, -6.167059464752194131, 7.162108113092061884E-16 ) ) ;
#964 = VERTEX_POINT ( 'NONE', #1152 ) ;
#965 = CARTESIAN_POINT ( 'NONE',  ( -4.010241872954748210, -6.521716623760591247, -2.196212672881306727 ) ) ;
#966 = CARTESIAN_POINT ( 'NONE',  ( -3.543463191500570986, -9.687135015075563516, -0.9801233957289071652 ) ) ;
#967 = CARTESIAN_POINT ( 'NONE',  ( -1.011103890932891547, -7.026335718438866174, -2.134214117796428667 ) ) ;
#968 = VERTEX_POINT ( 'NONE', #532 ) ;
#969 = AXIS2_PLACEMENT_3D ( 'NONE', #1028, #953, #1142 ) ;
#970 = CIRCLE ( 'NONE', #538, 0.3999999999999999667 ) ;
#971 = CARTESIAN_POINT ( 'NONE',  ( -3.862346297680007368, -5.888749162691690131, -2.250703211274643234 ) ) ;
#972 = AXIS2_PLACEMENT_3D ( 'NONE', #1267, #973, #40 ) ;
#973 = DIRECTION ( 'NONE',  ( 1.561251128379125892E-16, -1.000000000000000000, 0.000000000000000000 ) ) ;
#974 = CARTESIAN_POINT ( 'NONE',  ( 0.000000000000000000, 0.000000000000000000, 0.000000000000000000 ) ) ;
#975 = EDGE_CURVE ( 'NONE', #753, #7, #919, .T. ) ;
#976 = CARTESIAN_POINT ( 'NONE',  ( -3.191382016134303612, -10.45436186742336915, -1.600000000000000089 ) ) ;
#977 = CARTESIAN_POINT ( 'NONE',  ( -4.271400135704674028, -5.216544030635104967, -2.418765307266160569 ) ) ;
#978 = CARTESIAN_POINT ( 'NONE',  ( -3.844938991741173595, -6.640196261245963960, -2.244629462121692676 ) ) ;
#979 = EDGE_LOOP ( 'NONE', ( #1268, #660, #1038, #347 ) ) ;
#980 = CARTESIAN_POINT ( 'NONE',  ( -3.175574654321548618, -7.859994371050592399, -0.8439297232392678483 ) ) ;
#981 = DIRECTION ( 'NONE',  ( 1.000000000000000000, 0.000000000000000000, -0.000000000000000000 ) ) ;
#982 = CARTESIAN_POINT ( 'NONE',  ( -4.031848716229196938, -7.067968697020077684, -0.8009270995401610582 ) ) ;
#983 = CARTESIAN_POINT ( 'NONE',  ( -2.398086103474635689, -7.840982134018103622, -0.9497242557982887856 ) ) ;
#984 = DIRECTION ( 'NONE',  ( -0.3586257106692163910, 0.9334814404405689103, 0.000000000000000000 ) ) ;
#985 =( GEOMETRIC_REPRESENTATION_CONTEXT ( 3 ) GLOBAL_UNCERTAINTY_ASSIGNED_CONTEXT ( ( #93 ) ) GLOBAL_UNIT_ASSIGNED_CONTEXT ( ( #432, #238, #955 ) ) REPRESENTATION_CONTEXT ( 'NONE', 'WORKASPACE' ) );
#986 = ORIENTED_EDGE ( 'NONE', *, *, #247, .F. ) ;
#987 = DIRECTION ( 'NONE',  ( 0.000000000000000000, -1.000000000000000000, 0.000000000000000000 ) ) ;
#988 = DIRECTION ( 'NONE',  ( 1.000000000000000000, 0.000000000000000000, 0.000000000000000000 ) ) ;
#989 = DIRECTION ( 'NONE',  ( 0.9221213090432774928, 0.3542613655208796120, 0.1555351288538839027 ) ) ;
#990 = CARTESIAN_POINT ( 'NONE',  ( 0.6055172918442601748, -7.977051385648558757, 0.000000000000000000 ) ) ;
#991 = VECTOR ( 'NONE', #1349, 1000.000000000000000 ) ;
#992 = CARTESIAN_POINT ( 'NONE',  ( 3.933617031954200982, -6.530571365686013152, 2.225176248080866337 ) ) ;
#993 = CARTESIAN_POINT ( 'NONE',  ( 4.012943567822677693, -6.522179445970836653, 2.195054379464018712 ) ) ;
#994 = AXIS2_PLACEMENT_3D ( 'NONE', #818, #307, #732 ) ;
#995 = CARTESIAN_POINT ( 'NONE',  ( -0.2292485502294265842, -7.783329161675330177, -1.114221011661045146 ) ) ;
#996 = CARTESIAN_POINT ( 'NONE',  ( -0.6055172918442560670, -7.977051385648558757, 0.000000000000000000 ) ) ;
#997 =( BOUNDED_SURFACE ( )  B_SPLINE_SURFACE ( 3, 2, ( 
 ( #1206, #790, #279 ),
 ( #701, #1200, #684 ),
 ( #1096, #162, #731 ),
 ( #935, #414, #939 ),
 ( #836, #721, #1131 ),
 ( #1160, #845, #520 ),
 ( #1146, #430, #1035 ),
 ( #758, #1061, #1254 ),
 ( #525, #220, #225 ),
 ( #468, #250, #451 ),
 ( #27, #678, #242 ),
 ( #1285, #256, #139 ) ),
 .UNSPECIFIED., .F., .F., .F. ) 
 B_SPLINE_SURFACE_WITH_KNOTS ( ( 4, 2, 2, 2, 2, 4 ),
 ( 3, 3 ),
 ( 0.007602441284145791678, 0.008611153575294310317, 0.009115509720868570503, 0.009619865866442828956, 0.01062857815759134759, 0.01163729044873986623 ),
 ( 0.000000000000000000, 1.000000000000000000 ),
 .UNSPECIFIED. ) 
 GEOMETRIC_REPRESENTATION_ITEM ( )  RATIONAL_B_SPLINE_SURFACE ( (
 ( 1.000000000000000000, 0.8233835555290131003, 1.000000000000000000),
 ( 1.000000000000000000, 0.8205743211096239165, 1.000000000000000000),
 ( 1.000000000000000000, 0.8175407819487772176, 1.000000000000000000),
 ( 1.000000000000000000, 0.8132756451175880974, 1.000000000000000000),
 ( 1.000000000000000000, 0.8118946703179603652, 1.000000000000000000),
 ( 1.000000000000000000, 0.8092860109125452617, 1.000000000000000000),
 ( 1.000000000000000000, 0.8080501630807458424, 1.000000000000000000),
 ( 1.000000000000000000, 0.8048123340995603225, 1.000000000000000000),
 ( 1.000000000000000000, 0.8032540096885235625, 1.000000000000000000),
 ( 1.000000000000000000, 0.8018822517096825253, 1.000000000000000000),
 ( 1.000000000000000000, 0.8021011531665016570, 1.000000000000000000),
 ( 1.000000000000000000, 0.8030978643040026510, 1.000000000000000000) ) ) 
 REPRESENTATION_ITEM ( '' )  SURFACE ( )  );
#998 = ADVANCED_FACE ( 'NONE', ( #218 ), #823, .T. ) ;
#999 = CARTESIAN_POINT ( 'NONE',  ( 3.211187846932818335, -6.424229659740910314, 2.201339983641082743 ) ) ;
#1000 = FILL_AREA_STYLE_COLOUR ( '', #606 ) ;
#1001 = CARTESIAN_POINT ( 'NONE',  ( -0.3064179648487537766, -7.943610967964066738, -0.5497833346122388276 ) ) ;
#1002 = CARTESIAN_POINT ( 'NONE',  ( 3.750000000000002665, -9.687135015279469741, 1.600000000000000089 ) ) ;
#1003 = DIRECTION ( 'NONE',  ( 0.000000000000000000, 0.000000000000000000, -1.000000000000000000 ) ) ;
#1004 = CARTESIAN_POINT ( 'NONE',  ( 2.695150634126872724, -7.350617546208095376, -1.003369719916794356 ) ) ;
#1005 = DIRECTION ( 'NONE',  ( 1.561251128379125892E-16, -1.000000000000000000, 0.000000000000000000 ) ) ;
#1006 = CARTESIAN_POINT ( 'NONE',  ( 4.095970956708480770, -9.161049391452133150, 1.047363836010492211 ) ) ;
#1007 = CARTESIAN_POINT ( 'NONE',  ( 4.401401909628559039, -7.814022910961079482, 1.600908938390618097 ) ) ;
#1008 = CARTESIAN_POINT ( 'NONE',  ( 3.513376411410931599, -7.880121068059096956, 2.207315569348250683 ) ) ;
#1009 = CARTESIAN_POINT ( 'NONE',  ( -0.2473564494996609575, -7.888931907914554564, -0.7924670454594082702 ) ) ;
#1010 = CARTESIAN_POINT ( 'NONE',  ( -2.739858793848856777, -7.333200262643265965, 1.003256543273199242 ) ) ;
#1011 = CARTESIAN_POINT ( 'NONE',  ( 2.773641056389636983, -7.017207653688408264, 1.913907623238409794 ) ) ;
#1012 = CARTESIAN_POINT ( 'NONE',  ( -4.332274170710449290, -8.441162642379568481, -1.311111111111110894 ) ) ;
#1013 = SURFACE_STYLE_USAGE ( .BOTH. , #475 ) ;
#1014 = AXIS2_PLACEMENT_3D ( 'NONE', #788, #60, #321 ) ;
#1015 = DIRECTION ( 'NONE',  ( -0.000000000000000000, -1.000000000000000000, -0.000000000000000000 ) ) ;
#1016 = EDGE_CURVE ( 'NONE', #1066, #753, #783, .T. ) ;
#1017 = CIRCLE ( 'NONE', #1301, 2.950000000000000178 ) ;
#1018 = CARTESIAN_POINT ( 'NONE',  ( -3.349999999999997868, -12.00000000000000178, -0.7999999999999999334 ) ) ;
#1019 = CARTESIAN_POINT ( 'NONE',  ( -4.332274170710449290, -8.441162642379568481, -1.311111111111110894 ) ) ;
#1020 = ORIENTED_EDGE ( 'NONE', *, *, #882, .F. ) ;
#1021 = CARTESIAN_POINT ( 'NONE',  ( 4.362392554175792192, -11.24761471947020475, 1.600000000000000089 ) ) ;
#1022 = CARTESIAN_POINT ( 'NONE',  ( -2.518473749925687954, -7.883658111733780061, -0.9338395732288380380 ) ) ;
#1023 = CARTESIAN_POINT ( 'NONE',  ( 5.410527389966230061, -5.616428941104793182, 1.083000626291682034 ) ) ;
#1024 = CARTESIAN_POINT ( 'NONE',  ( 4.149090312414098314, -6.931302869851932336, 0.8628451642410261968 ) ) ;
#1025 = DIRECTION ( 'NONE',  ( -0.000000000000000000, -0.000000000000000000, -1.000000000000000000 ) ) ;
#1026 = VERTEX_POINT ( 'NONE', #442 ) ;
#1027 = CARTESIAN_POINT ( 'NONE',  ( 4.150000000000002132, -12.00000000000000000, 2.399999999999999911 ) ) ;
#1028 = CARTESIAN_POINT ( 'NONE',  ( 0.000000000000000000, 0.000000000000000000, 2.950000000000000178 ) ) ;
#1029 = CARTESIAN_POINT ( 'NONE',  ( 0.7323058779249335126, -7.967427192752115417, -0.1647205539651460660 ) ) ;
#1030 = ORIENTED_EDGE ( 'NONE', *, *, #920, .T. ) ;
#1031 = EDGE_CURVE ( 'NONE', #134, #748, #544, .T. ) ;
#1032 = CARTESIAN_POINT ( 'NONE',  ( -3.109855797337366390, -11.25401565755471012, -1.600000000000000089 ) ) ;
#1033 = CARTESIAN_POINT ( 'NONE',  ( 3.750000000000002665, -12.00000000000000000, 1.600000000000000089 ) ) ;
#1034 = AXIS2_PLACEMENT_3D ( 'NONE', #1046, #415, #737 ) ;
#1035 = CARTESIAN_POINT ( 'NONE',  ( 3.099929967083298266, -9.687135015438625985, 1.628400482484010370 ) ) ;
#1036 = CARTESIAN_POINT ( 'NONE',  ( 5.095819615941129754, -6.167059464752193243, 0.000000000000000000 ) ) ;
#1037 = AXIS2_PLACEMENT_3D ( 'NONE', #618, #641, #519 ) ;
#1038 = ORIENTED_EDGE ( 'NONE', *, *, #847, .F. ) ;
#1039 = CARTESIAN_POINT ( 'NONE',  ( -3.315050845635992616, -6.307602520135267454, -2.236105756771237019 ) ) ;
#1040 = CARTESIAN_POINT ( 'NONE',  ( 3.750000000000002665, -9.687135015279469741, 1.600000000000000089 ) ) ;
#1041 = CARTESIAN_POINT ( 'NONE',  ( -5.049999999999999822, 6.184466335694133068E-16, 0.000000000000000000 ) ) ;
#1042 = VERTEX_POINT ( 'NONE', #667 ) ;
#1043 = DIRECTION ( 'NONE',  ( 1.000000000000000000, 0.000000000000000000, 0.000000000000000000 ) ) ;
#1044 = VERTEX_POINT ( 'NONE', #1277 ) ;
#1045 = CARTESIAN_POINT ( 'NONE',  ( -3.506251494675685976, -5.443469811763386623, -2.585127742684688812 ) ) ;
#1046 = CARTESIAN_POINT ( 'NONE',  ( 3.750000000000004885, -37.00000000000000711, 1.600000000000000089 ) ) ;
#1047 = CARTESIAN_POINT ( 'NONE',  ( -3.674376363344217022, -7.110333425638972749, -2.250000000004445333 ) ) ;
#1048 = ORIENTED_EDGE ( 'NONE', *, *, #704, .T. ) ;
#1049 = VERTEX_POINT ( 'NONE', #960 ) ;
#1050 = CARTESIAN_POINT ( 'NONE',  ( -4.388651702995202797, -7.538295633604741752, -1.728273961624208876 ) ) ;
#1051 = FACE_OUTER_BOUND ( 'NONE', #742, .T. ) ;
#1052 = ADVANCED_FACE ( 'NONE', ( #875 ), #859, .T. ) ;
#1053 = AXIS2_PLACEMENT_3D ( 'NONE', #19, #1137, #1355 ) ;
#1054 = ORIENTED_EDGE ( 'NONE', *, *, #1016, .T. ) ;
#1055 = AXIS2_PLACEMENT_3D ( 'NONE', #1304, #503, #702 ) ;
#1056 = ORIENTED_EDGE ( 'NONE', *, *, #743, .F. ) ;
#1057 = AXIS2_PLACEMENT_3D ( 'NONE', #726, #1128, #196 ) ;
#1058 = CARTESIAN_POINT ( 'NONE',  ( -4.493110206150039865, -6.333788290053175452, -1.352507595652111538 ) ) ;
#1059 = CARTESIAN_POINT ( 'NONE',  ( 1.507081805520284590, -6.671701359075279392, 2.347712472641446446 ) ) ;
#1060 = CARTESIAN_POINT ( 'NONE',  ( 3.858109092048858102, -9.687135015279469741, 0.9590534934829799685 ) ) ;
#1061 = CARTESIAN_POINT ( 'NONE',  ( 2.407562837740631956, -7.764567066173657217, 0.9759773960844752017 ) ) ;
#1062 = CARTESIAN_POINT ( 'NONE',  ( -3.732420299181885781, -9.687135015209229039, -0.9470864096393368792 ) ) ;
#1063 = CARTESIAN_POINT ( 'NONE',  ( 3.350000000000003197, -12.00000000000000000, 0.8000000000000007105 ) ) ;
#1064 = ORIENTED_EDGE ( 'NONE', *, *, #434, .T. ) ;
#1065 = EDGE_CURVE ( 'NONE', #1049, #439, #1079, .T. ) ;
#1066 = VERTEX_POINT ( 'NONE', #1060 ) ;
#1067 = CARTESIAN_POINT ( 'NONE',  ( -4.351431613604773041, -8.353490305605307142, -1.349724171714200560 ) ) ;
#1068 = CARTESIAN_POINT ( 'NONE',  ( -3.911108254643575144, -6.559369813188118847, -2.229986540556121000 ) ) ;
#1069 = CARTESIAN_POINT ( 'NONE',  ( -2.572291597582720080, -7.923441225030370738, -0.8602712400251933955 ) ) ;
#1070 = CARTESIAN_POINT ( 'NONE',  ( -0.5797529038833443282, -7.360771798146978462, -1.804705202717827195 ) ) ;
#1071 = ORIENTED_EDGE ( 'NONE', *, *, #1354, .T. ) ;
#1072 = CARTESIAN_POINT ( 'NONE',  ( -4.161791363617833639, -6.728417761483101778, 0.7303770696668863138 ) ) ;
#1073 = CARTESIAN_POINT ( 'NONE',  ( -3.578149409859352481, -6.997493535966886391, 0.9323409345312092533 ) ) ;
#1074 = EDGE_CURVE ( 'NONE', #1352, #134, #1194, .T. ) ;
#1075 = DIRECTION ( 'NONE',  ( 1.000000000000000000, 0.000000000000000000, 0.000000000000000000 ) ) ;
#1076 = CARTESIAN_POINT ( 'NONE',  ( -1.933970737621708569, -7.629656225020108096, 0.8798849546257735410 ) ) ;
#1077 = CARTESIAN_POINT ( 'NONE',  ( -4.334018630691181428, -5.893785026610300015, -1.961784067727573744 ) ) ;
#1078 = EDGE_LOOP ( 'NONE', ( #32, #1344, #855, #124 ) ) ;
#1079 = CIRCLE ( 'NONE', #236, 8.000000000000000000 ) ;
#1080 = EDGE_CURVE ( 'NONE', #833, #719, #642, .T. ) ;
#1081 = FACE_OUTER_BOUND ( 'NONE', #651, .T. ) ;
#1082 = CARTESIAN_POINT ( 'NONE',  ( -5.003048888116537363, -6.243715591928467035, 0.1279681190743268138 ) ) ;
#1083 = CARTESIAN_POINT ( 'NONE',  ( -3.109455840413311467, -7.890806072459329634, -0.8175884759724724171 ) ) ;
#1084 = CARTESIAN_POINT ( 'NONE',  ( 3.208482407401109793, -7.147098534719290797, -0.9749287872779011099 ) ) ;
#1085 = CARTESIAN_POINT ( 'NONE',  ( 0.2389201755782178471, -7.893040076969752405, 0.7937622233628964796 ) ) ;
#1086 = CARTESIAN_POINT ( 'NONE',  ( 2.952658060310501043, -7.250631176711114456, -1.004401282208508661 ) ) ;
#1087 = CARTESIAN_POINT ( 'NONE',  ( 4.150000000000003020, -12.00000000000000000, 1.600000000000000089 ) ) ;
#1088 = DIRECTION ( 'NONE',  ( 1.224646799147353207E-16, 1.000000000000000000, -0.000000000000000000 ) ) ;
#1089 = CARTESIAN_POINT ( 'NONE',  ( -3.099999999999997868, -9.687135015279469741, -1.600000000000000089 ) ) ;
#1090 = B_SPLINE_CURVE_WITH_KNOTS ( 'NONE', 3,
 ( #1143, #417, #809, #706, #597, #1012 ),
 .UNSPECIFIED., .F., .F.,
 ( 4, 2, 4 ),
 ( 0.000000000000000000, 0.0006947024119892562452, 0.001389404823978512490 ),
 .UNSPECIFIED. ) ;
#1091 = CARTESIAN_POINT ( 'NONE',  ( -3.749999999999998224, -4.785533905932811471, -1.600000000000000089 ) ) ;
#1092 = CARTESIAN_POINT ( 'NONE',  ( 4.399954814480531162, -7.722854323507456265, 1.643462007581628859 ) ) ;
#1093 = SURFACE_STYLE_FILL_AREA ( #792 ) ;
#1094 = CARTESIAN_POINT ( 'NONE',  ( -0.2820585399985232056, -7.928051198553085932, -0.6304693308529351059 ) ) ;
#1095 = CARTESIAN_POINT ( 'NONE',  ( 5.180632422745355292, -6.096978939817062404, 0.1169909478358560767 ) ) ;
#1096 = CARTESIAN_POINT ( 'NONE',  ( 0.4001454716893044772, -7.978526350859679539, 0.3086934324165275800 ) ) ;
#1097 = EDGE_CURVE ( 'NONE', #433, #136, #1350, .T. ) ;
#1098 = CARTESIAN_POINT ( 'NONE',  ( 4.215936595710139123, -8.852235237136062196, 1.143923743676496629 ) ) ;
#1099 = CARTESIAN_POINT ( 'NONE',  ( 4.388651702995209014, -7.538295633604736423, 1.728273961624196220 ) ) ;
#1100 = CIRCLE ( 'NONE', #1037, 0.6500000000000001332 ) ;
#1101 = CARTESIAN_POINT ( 'NONE',  ( -1.051260449937849950, -7.898898814500649124, 0.4398625323944970744 ) ) ;
#1102 = CIRCLE ( 'NONE', #851, 0.4000000000000001887 ) ;
#1103 = CARTESIAN_POINT ( 'NONE',  ( -5.355508183908335162, -5.888210225171881085, -0.5083845933005349815 ) ) ;
#1104 = DIRECTION ( 'NONE',  ( 0.000000000000000000, 0.000000000000000000, -1.000000000000000000 ) ) ;
#1105 = FACE_OUTER_BOUND ( 'NONE', #1150, .T. ) ;
#1106 = CARTESIAN_POINT ( 'NONE',  ( 4.177952111120033507, -8.955770684717636598, 1.108106085397749796 ) ) ;
#1107 = CARTESIAN_POINT ( 'NONE',  ( 2.592111350222279675, -7.338312868088747720, 1.669677855394496202 ) ) ;
#1108 = CARTESIAN_POINT ( 'NONE',  ( 4.134875095414740187, -6.625709937897411805, 2.125497473394982961 ) ) ;
#1109 = CARTESIAN_POINT ( 'NONE',  ( -2.377562540643918698, -7.764606636851926424, -0.9898857906974464216 ) ) ;
#1110 = CARTESIAN_POINT ( 'NONE',  ( 4.830572104180549609, -5.224321747427556950, 2.111742566521445319 ) ) ;
#1111 = CARTESIAN_POINT ( 'NONE',  ( 2.636917390241426240, -7.936322142512659106, 0.8393006272519075717 ) ) ;
#1112 = CARTESIAN_POINT ( 'NONE',  ( 3.416367154718142896, -8.415858893996402301, 2.158896170623642252 ) ) ;
#1113 = EDGE_CURVE ( 'NONE', #18, #768, #745, .T. ) ;
#1114 = CARTESIAN_POINT ( 'NONE',  ( -0.2370478809229590866, -7.865108303592657002, -0.8744597167469349008 ) ) ;
#1115 = CARTESIAN_POINT ( 'NONE',  ( 4.400000000000003020, -9.687135015279469741, 1.600000000000000089 ) ) ;
#1116 = CARTESIAN_POINT ( 'NONE',  ( 4.289607982445030387, -6.748624055951617073, 0.9736950742245243928 ) ) ;
#1117 = CARTESIAN_POINT ( 'NONE',  ( 0.8910491604674939392, -7.938193742850393697, -0.3197906206746604640 ) ) ;
#1118 = CARTESIAN_POINT ( 'NONE',  ( 3.018168244484694007, -6.662966863966675035, 2.107831597839752380 ) ) ;
#1119 = CARTESIAN_POINT ( 'NONE',  ( 3.750000000000004885, -37.00000000000000711, 1.600000000000000089 ) ) ;
#1120 = PRODUCT_RELATED_PRODUCT_CATEGORY ( 'part', '', ( #1221 ) ) ;
#1121 = AXIS2_PLACEMENT_3D ( 'NONE', #89, #1342, #406 ) ;
#1122 = CARTESIAN_POINT ( 'NONE',  ( -2.491940471227323428, -7.850481748004431992, -0.9325954209845123133 ) ) ;
#1123 = CARTESIAN_POINT ( 'NONE',  ( -0.6055172918442560670, -7.977051385648558757, 0.000000000000000000 ) ) ;
#1124 = CARTESIAN_POINT ( 'NONE',  ( 4.366564725903097965, -8.265901339857963492, 1.389797496568231816 ) ) ;
#1125 = AXIS2_PLACEMENT_3D ( 'NONE', #21, #665, #1154 ) ;
#1126 = AXIS2_PLACEMENT_3D ( 'NONE', #598, #682, #736 ) ;
#1127 = DIRECTION ( 'NONE',  ( -0.4172006087710347089, -0.3447314004525243725, -0.8408947101647861189 ) ) ;
#1128 = DIRECTION ( 'NONE',  ( -0.4599263831370992706, 0.5666036907227182118, -0.6836870481103328734 ) ) ;
#1129 = ORIENTED_EDGE ( 'NONE', *, *, #90, .F. ) ;
#1130 = CARTESIAN_POINT ( 'NONE',  ( 4.362392554175793080, -11.24761471947020475, 2.824785108351580032 ) ) ;
#1131 = CARTESIAN_POINT ( 'NONE',  ( 3.102513826455102652, -9.687135015357416279, 1.534911979978982322 ) ) ;
#1132 = ADVANCED_FACE ( 'NONE', ( #1081 ), #1190, .F. ) ;
#1133 =( LENGTH_UNIT ( ) NAMED_UNIT ( * ) SI_UNIT ( .MILLI., .METRE. ) );
#1134 = ORIENTED_EDGE ( 'NONE', *, *, #899, .F. ) ;
#1135 =( BOUNDED_SURFACE ( )  B_SPLINE_SURFACE ( 3, 2, ( 
 ( #277, #924, #1236 ),
 ( #476, #160, #1204 ),
 ( #1228, #485, #291 ),
 ( #1001, #699, #1339 ),
 ( #1094, #708, #691 ),
 ( #1009, #1109, #179 ),
 ( #1114, #73, #817 ),
 ( #995, #1325, #1219 ),
 ( #1333, #600, #80 ),
 ( #501, #916, #396 ),
 ( #713, #1122, #193 ),
 ( #609, #1022, #507 ) ),
 .UNSPECIFIED., .F., .F., .F. ) 
 B_SPLINE_SURFACE_WITH_KNOTS ( ( 4, 2, 2, 2, 2, 4 ),
 ( 3, 3 ),
 ( 0.007602441284145790810, 0.008611153575294308582, 0.009115509720868567034, 0.009619865866442827221, 0.01062857815759134586, 0.01163729044873986450 ),
 ( 0.000000000000000000, 1.000000000000000000 ),
 .UNSPECIFIED. ) 
 GEOMETRIC_REPRESENTATION_ITEM ( )  RATIONAL_B_SPLINE_SURFACE ( (
 ( 1.000000000000000000, 0.8233835555290138775, 1.000000000000000000),
 ( 1.000000000000000000, 0.8205743211097075163, 1.000000000000000000),
 ( 1.000000000000000000, 0.8175407819486659733, 1.000000000000000000),
 ( 1.000000000000000000, 0.8132756451176448298, 1.000000000000000000),
 ( 1.000000000000000000, 0.8118946703180072166, 1.000000000000000000),
 ( 1.000000000000000000, 0.8092860109124984103, 1.000000000000000000),
 ( 1.000000000000000000, 0.8080501630807467306, 1.000000000000000000),
 ( 1.000000000000000000, 0.8048123340995612107, 1.000000000000000000),
 ( 1.000000000000000000, 0.8032540096886559011, 1.000000000000000000),
 ( 1.000000000000000000, 0.8018822517095506308, 1.000000000000000000),
 ( 1.000000000000000000, 0.8021011531666017991, 1.000000000000000000),
 ( 1.000000000000000000, 0.8030978643040026510, 1.000000000000000000) ) ) 
 REPRESENTATION_ITEM ( '' )  SURFACE ( )  );
#1136 = CARTESIAN_POINT ( 'NONE',  ( 4.400000000000002132, -9.687135015279469741, 2.900000000000000355 ) ) ;
#1137 = DIRECTION ( 'NONE',  ( 0.4172006087710347089, -0.3447314004525241504, 0.8408947101647862299 ) ) ;
#1138 = DIRECTION ( 'NONE',  ( 1.000000000000000000, 0.000000000000000000, 0.000000000000000000 ) ) ;
#1139 = CARTESIAN_POINT ( 'NONE',  ( 3.208482407401109793, -7.147098534719290797, -0.9749287872779011099 ) ) ;
#1140 = ORIENTED_EDGE ( 'NONE', *, *, #65, .F. ) ;
#1141 = CARTESIAN_POINT ( 'NONE',  ( -3.681674030845156320, -7.109293527784365629, -2.247457725914781879 ) ) ;
#1142 = DIRECTION ( 'NONE',  ( 1.000000000000000000, 0.000000000000000000, 0.000000000000000000 ) ) ;
#1143 = CARTESIAN_POINT ( 'NONE',  ( -3.858109092048854993, -9.687135015279469741, -0.9590534934829800795 ) ) ;
#1144 = CIRCLE ( 'NONE', #559, 0.6500000000000003553 ) ;
#1145 = AXIS2_PLACEMENT_3D ( 'NONE', #1220, #508, #900 ) ;
#1146 = CARTESIAN_POINT ( 'NONE',  ( 0.2370478809229520367, -7.865108303592664107, 0.8744597167469142507 ) ) ;
#1147 = CARTESIAN_POINT ( 'NONE',  ( -3.191382016134303612, -10.45436186742336915, -1.600000000000000089 ) ) ;
#1148 = CIRCLE ( 'NONE', #1121, 0.3999999999999999667 ) ;
#1149 = EDGE_LOOP ( 'NONE', ( #22, #1175, #130, #29 ) ) ;
#1150 = EDGE_LOOP ( 'NONE', ( #937, #312 ) ) ;
#1151 = CARTESIAN_POINT ( 'NONE',  ( 3.137607445824211805, -11.24761471947020475, 2.824785108351580032 ) ) ;
#1152 = CARTESIAN_POINT ( 'NONE',  ( 3.350000000000004974, -37.00000000000000711, 1.600000000000000089 ) ) ;
#1153 = CARTESIAN_POINT ( 'NONE',  ( -3.623738213501839667, -7.344445302947365306, -2.239634334339186239 ) ) ;
#1154 = DIRECTION ( 'NONE',  ( 1.000000000000000000, 0.000000000000000000, 0.000000000000000000 ) ) ;
#1155 = VERTEX_POINT ( 'NONE', #46 ) ;
#1156 = ORIENTED_EDGE ( 'NONE', *, *, #1074, .F. ) ;
#1157 = CARTESIAN_POINT ( 'NONE',  ( -2.421388107416043489, -6.053292294716414723, -2.559891526249989280 ) ) ;
#1158 = ADVANCED_FACE ( 'NONE', ( #460 ), #1297, .T. ) ;
#1159 = DIRECTION ( 'NONE',  ( 1.000000000000000000, 0.000000000000000000, 0.000000000000000000 ) ) ;
#1160 = CARTESIAN_POINT ( 'NONE',  ( 0.2473564495002583130, -7.888931907914531472, 0.7924670454594212599 ) ) ;
#1161 = CARTESIAN_POINT ( 'NONE',  ( 3.137607445824212249, -11.24761471947020475, 1.600000000000000089 ) ) ;
#1162 = EDGE_LOOP ( 'NONE', ( #422, #305, #759 ) ) ;
#1163 = CARTESIAN_POINT ( 'NONE',  ( -5.369583833528038141, -5.859672919228538390, -0.5663841633348033477 ) ) ;
#1164 = CARTESIAN_POINT ( 'NONE',  ( 2.454203230616853748, -7.818452754149287642, 1.093048889295531012 ) ) ;
#1165 = ORIENTED_EDGE ( 'NONE', *, *, #779, .T. ) ;
#1166 = CARTESIAN_POINT ( 'NONE',  ( -4.401416650223070270, -7.636761685656728638, -1.683697469103526689 ) ) ;
#1167 = CARTESIAN_POINT ( 'NONE',  ( -4.485281058620912198, -6.563020756251172649, 0.5621677633564461374 ) ) ;
#1168 = ORIENTED_EDGE ( 'NONE', *, *, #549, .F. ) ;
#1169 = ORIENTED_EDGE ( 'NONE', *, *, #473, .F. ) ;
#1170 = AXIS2_PLACEMENT_3D ( 'NONE', #33, #675, #437 ) ;
#1171 = CARTESIAN_POINT ( 'NONE',  ( -4.331450551110104463, -6.687450115199747636, -1.018534137953881258 ) ) ;
#1172 = CARTESIAN_POINT ( 'NONE',  ( 0.000000000000000000, 0.000000000000000000, 0.000000000000000000 ) ) ;
#1173 = CARTESIAN_POINT ( 'NONE',  ( -3.452703324014602337, -9.687135015381427294, -1.021021761342071343 ) ) ;
#1174 = CARTESIAN_POINT ( 'NONE',  ( -4.149999999999998579, -12.00000000000000178, -1.600000000000000089 ) ) ;
#1175 = ORIENTED_EDGE ( 'NONE', *, *, #677, .F. ) ;
#1176 = EDGE_CURVE ( 'NONE', #136, #1049, #874, .T. ) ;
#1177 = CARTESIAN_POINT ( 'NONE',  ( -3.585916428752616625, -7.517088954476609075, -0.7270622260078125620 ) ) ;
#1178 = CARTESIAN_POINT ( 'NONE',  ( -4.359730834146757772, -5.205707000994083344, -2.384982325874688946 ) ) ;
#1179 = DIRECTION ( 'NONE',  ( -0.000000000000000000, -0.000000000000000000, -1.000000000000000000 ) ) ;
#1180 = CARTESIAN_POINT ( 'NONE',  ( -3.109855797337366390, -11.25401565755471012, -1.600000000000000089 ) ) ;
#1181 = EDGE_CURVE ( 'NONE', #505, #1026, #496, .T. ) ;
#1182 = CARTESIAN_POINT ( 'NONE',  ( -5.236279741601489235, -6.041073610870083321, -0.2179007596278946524 ) ) ;
#1183 = DIRECTION ( 'NONE',  ( -0.3586257106692161689, -0.9334814404405691324, 0.000000000000000000 ) ) ;
#1184 = CARTESIAN_POINT ( 'NONE',  ( -3.605279181602491612, -9.687135015349713996, -0.9630847096705402732 ) ) ;
#1185 = CARTESIAN_POINT ( 'NONE',  ( -5.350684071137398412, -5.491334303488229374, -1.370545385415164130 ) ) ;
#1186 = CIRCLE ( 'NONE', #119, 2.950000000000000178 ) ;
#1187 = CARTESIAN_POINT ( 'NONE',  ( -4.498780434353326640, -5.199341762481560103, -2.320607678995552980 ) ) ;
#1188 = AXIS2_PLACEMENT_3D ( 'NONE', #399, #1025, #1138 ) ;
#1189 = AXIS2_PLACEMENT_3D ( 'NONE', #1291, #353, #1183 ) ;
#1190 = PLANE ( 'NONE',  #38 ) ;
#1191 = CARTESIAN_POINT ( 'NONE',  ( -4.892319152753428213, -6.321059867679647226, 0.2462238830159080571 ) ) ;
#1192 = CARTESIAN_POINT ( 'NONE',  ( 3.175574654321550838, -7.859994371050592399, 0.8439297232392675152 ) ) ;
#1193 = CARTESIAN_POINT ( 'NONE',  ( 1.498291120311760150, -6.676513234405809349, 2.353049714602854170 ) ) ;
#1194 = B_SPLINE_CURVE_WITH_KNOTS ( 'NONE', 3,
 ( #866, #775, #1269, #1166, #231, #1284, #26, #340, #255, #650, #241, #965, #655, #449, #1068, #131, #348, #772, #572, #125 ),
 .UNSPECIFIED., .F., .F.,
 ( 4, 2, 2, 2, 2, 2, 2, 2, 2, 4 ),
 ( 0.000000000000000000, 0.0006661777838636547596, 0.001332355567727309519, 0.001665444459659136791, 0.001998533351590963628, 0.002165077797556876939, 0.002248350020539833377, 0.002331622243522789382, 0.002498166689488703126, 0.002664711135454616870 ),
 .UNSPECIFIED. ) ;
#1195 = CARTESIAN_POINT ( 'NONE',  ( 0.2319460886057962967, -7.807240791427120463, 1.043487810017445172 ) ) ;
#1196 = CARTESIAN_POINT ( 'NONE',  ( 5.415543819841262874, -5.690578281994427279, 0.9203563286164702095 ) ) ;
#1197 = CARTESIAN_POINT ( 'NONE',  ( 3.605535086854273708, -7.427422453623567122, 2.235572822200066145 ) ) ;
#1198 = ADVANCED_FACE ( 'NONE', ( #64 ), #810, .T. ) ;
#1199 = CARTESIAN_POINT ( 'NONE',  ( 5.417781970323205520, -5.682858159908616535, 0.9363464955471006990 ) ) ;
#1200 = CARTESIAN_POINT ( 'NONE',  ( 2.375591445182151595, -7.820478891414139433, 0.9671451513631644792 ) ) ;
#1201 = FACE_OUTER_BOUND ( 'NONE', #979, .T. ) ;
#1202 = CARTESIAN_POINT ( 'NONE',  ( 4.281382446085281401, -8.647916659511299287, 1.222196931197696568 ) ) ;
#1203 = CARTESIAN_POINT ( 'NONE',  ( 5.375338452285363999, -5.533651455344580583, 1.272117065870693731 ) ) ;
#1204 = CARTESIAN_POINT ( 'NONE',  ( -3.148602840473222475, -9.687135015194380472, -1.344913287725275408 ) ) ;
#1205 = CARTESIAN_POINT ( 'NONE',  ( -0.4688554593717063068, -7.451137848736107294, -1.699477771219872757 ) ) ;
#1206 = CARTESIAN_POINT ( 'NONE',  ( 0.6055172918442601748, -7.977051385648558757, 7.488060705026059142E-16 ) ) ;
#1207 = CARTESIAN_POINT ( 'NONE',  ( 5.049999999999999822, 0.000000000000000000, 0.000000000000000000 ) ) ;
#1208 = CARTESIAN_POINT ( 'NONE',  ( 1.933970737621743652, -7.629656225020113425, -0.8798849546257196952 ) ) ;
#1209 = CARTESIAN_POINT ( 'NONE',  ( 4.402504992201793144, -6.568014311333972621, 1.117203967524376784 ) ) ;
#1210 = CIRCLE ( 'NONE', #1253, 2.950000000000000622 ) ;
#1211 =( NAMED_UNIT ( * ) SI_UNIT ( $, .STERADIAN. ) SOLID_ANGLE_UNIT ( ) );
#1212 = CARTESIAN_POINT ( 'NONE',  ( -0.4971605727182876744, -7.985276463305241101, -0.1407743348621186552 ) ) ;
#1213 = CARTESIAN_POINT ( 'NONE',  ( -4.698663532655395159, -5.205450068009805697, -2.206538551508029133 ) ) ;
#1214 = CARTESIAN_POINT ( 'NONE',  ( 1.579005377366465401, -7.748127232995987157, -0.7516782912854546028 ) ) ;
#1215 = EDGE_CURVE ( 'NONE', #964, #870, #143, .T. ) ;
#1216 = CARTESIAN_POINT ( 'NONE',  ( 3.844938991741125189, -6.640196261246296139, 2.244629462121703334 ) ) ;
#1217 = CARTESIAN_POINT ( 'NONE',  ( 2.268331925777099745, -7.510029573401037162, -0.9555156645242248725 ) ) ;
#1218 = CARTESIAN_POINT ( 'NONE',  ( 4.161951246451119246, -6.673703735289130634, 2.103807399388685440 ) ) ;
#1219 = CARTESIAN_POINT ( 'NONE',  ( -3.107983439377430379, -9.687135014961176793, -1.717920637340100365 ) ) ;
#1220 = CARTESIAN_POINT ( 'NONE',  ( -3.749999999999998224, -9.687135015279469741, -1.600000000000000089 ) ) ;
#1221 = PRODUCT ( 'S14K275E2K1', 'S14K275E2K1', '', ( #1257 ) ) ;
#1222 = CARTESIAN_POINT ( 'NONE',  ( -5.095819615941127090, -6.167059464752194131, 7.346868875325214624E-16 ) ) ;
#1223 = CARTESIAN_POINT ( 'NONE',  ( -8.000000000000000000, 9.797174393178825657E-16, 0.000000000000000000 ) ) ;
#1224 = CARTESIAN_POINT ( 'NONE',  ( 3.732420299181979928, -9.687135015209216604, 0.9470864096393238896 ) ) ;
#1225 = EDGE_CURVE ( 'NONE', #1042, #1066, #411, .T. ) ;
#1226 = CARTESIAN_POINT ( 'NONE',  ( 3.962188536737600852, -5.855502416964479373, 2.220237112633169474 ) ) ;
#1227 = CARTESIAN_POINT ( 'NONE',  ( 3.909960859094465224, -6.560362528037664731, 2.230294113696228209 ) ) ;
#1228 = CARTESIAN_POINT ( 'NONE',  ( -0.4001454716881277518, -7.978526350859724836, -0.3086934324165550025 ) ) ;
#1229 = CARTESIAN_POINT ( 'NONE',  ( 5.355508183908338715, -5.888210225171878420, 0.5083845933005362028 ) ) ;
#1230 = CARTESIAN_POINT ( 'NONE',  ( 6.974903099319420541, -8.441162642379564929, 0.000000000000000000 ) ) ;
#1231 = CARTESIAN_POINT ( 'NONE',  ( -3.109855797337366390, -11.25401565755470834, -0.3197115946747364212 ) ) ;
#1232 = PRESENTATION_STYLE_ASSIGNMENT (( #400 ) ) ;
#1233 = ORIENTED_EDGE ( 'NONE', *, *, #847, .T. ) ;
#1234 = CARTESIAN_POINT ( 'NONE',  ( -2.547031201969462977, -7.435832784803706907, -1.577901440352319939 ) ) ;
#1235 = CIRCLE ( 'NONE', #275, 2.950000000000000178 ) ;
#1236 = CARTESIAN_POINT ( 'NONE',  ( -3.179911781543557137, -9.687135015279469741, -1.287751023737209399 ) ) ;
#1237 = DIRECTION ( 'NONE',  ( 0.000000000000000000, -1.000000000000000000, 0.000000000000000000 ) ) ;
#1238 = CARTESIAN_POINT ( 'NONE',  ( 3.030764622463775648, -7.915000348165951216, 0.8023269566025411637 ) ) ;
#1239 = ORIENTED_EDGE ( 'NONE', *, *, #1031, .T. ) ;
#1240 = CARTESIAN_POINT ( 'NONE',  ( -1.792565313160818352, -6.473451693838333298, -2.436330637424157786 ) ) ;
#1241 = DIRECTION ( 'NONE',  ( -0.000000000000000000, -1.000000000000000000, -0.000000000000000000 ) ) ;
#1242 = DIRECTION ( 'NONE',  ( 0.000000000000000000, 0.000000000000000000, -1.000000000000000000 ) ) ;
#1243 = CARTESIAN_POINT ( 'NONE',  ( 0.000000000000000000, 0.000000000000000000, 2.950000000000000178 ) ) ;
#1244 = PRESENTATION_LAYER_ASSIGNMENT (  '', '', ( #835 ) ) ;
#1245 = ORIENTED_EDGE ( 'NONE', *, *, #1225, .T. ) ;
#1246 = CARTESIAN_POINT ( 'NONE',  ( -2.767749723116076144, -5.837443978804516043, -2.592959855033600380 ) ) ;
#1247 = DIRECTION ( 'NONE',  ( 0.000000000000000000, 0.000000000000000000, -1.000000000000000000 ) ) ;
#1248 = DIRECTION ( 'NONE',  ( 0.8847501205594139329, 0.000000000000000000, 0.4660656865401083260 ) ) ;
#1249 = CARTESIAN_POINT ( 'NONE',  ( 0.8288017932118312281, -10.91858908410646478, 0.000000000000000000 ) ) ;
#1250 = ORIENTED_EDGE ( 'NONE', *, *, #98, .T. ) ;
#1251 = CARTESIAN_POINT ( 'NONE',  ( -2.255804571277965742, -6.161600112681276720, -2.535499085373476014 ) ) ;
#1252 = CARTESIAN_POINT ( 'NONE',  ( 4.286808830111498381, -8.649230743269926691, 1.219472787480357701 ) ) ;
#1253 = AXIS2_PLACEMENT_3D ( 'NONE', #1230, #1127, #901 ) ;
#1254 = CARTESIAN_POINT ( 'NONE',  ( 3.107983439377421053, -9.687135014961159030, 1.717920637340021539 ) ) ;
#1255 = AXIS2_PLACEMENT_3D ( 'NONE', #52, #466, #370 ) ;
#1256 = EDGE_LOOP ( 'NONE', ( #425, #1239, #262, #511, #871 ) ) ;
#1257 = PRODUCT_CONTEXT ( 'NONE', #555, 'mechanical' ) ;
#1258 = ORIENTED_EDGE ( 'NONE', *, *, #517, .F. ) ;
#1259 = MANIFOLD_SOLID_BREP ( 'Ô²½Ç2', #669 ) ;
#1260 = EDGE_CURVE ( 'NONE', #1272, #328, #343, .T. ) ;
#1261 = CARTESIAN_POINT ( 'NONE',  ( 3.100000000000001865, -9.687135015279469741, 1.600000000000000089 ) ) ;
#1262 = CARTESIAN_POINT ( 'NONE',  ( 3.164904791135035644, -10.45860535353151022, 1.600000000000000089 ) ) ;
#1263 = VERTEX_POINT ( 'NONE', #523 ) ;
#1264 = ORIENTED_EDGE ( 'NONE', *, *, #795, .T. ) ;
#1265 = CARTESIAN_POINT ( 'NONE',  ( -4.399954814480528498, -7.722854323507461594, -1.643462007581616202 ) ) ;
#1266 = ADVANCED_FACE ( 'NONE', ( #531 ), #56, .F. ) ;
#1267 = CARTESIAN_POINT ( 'NONE',  ( -3.749999999999995115, -37.00000000000000711, -1.600000000000000089 ) ) ;
#1268 = ORIENTED_EDGE ( 'NONE', *, *, #786, .T. ) ;
#1269 = CARTESIAN_POINT ( 'NONE',  ( -4.398418239975019794, -8.039222066131831212, -1.495583983077891421 ) ) ;
#1270 = CARTESIAN_POINT ( 'NONE',  ( 3.336975371544950608, -7.733158046222676774, 0.7727767114294255002 ) ) ;
#1271 = CARTESIAN_POINT ( 'NONE',  ( 3.350000000000002753, -12.00000000000000000, 1.600000000000000089 ) ) ;
#1272 = VERTEX_POINT ( 'NONE', #750 ) ;
#1273 = B_SPLINE_CURVE_WITH_KNOTS ( 'NONE', 3,
 ( #990, #463, #889, #374, #1085, #1195, #565, #685, #1299, #170, #581, #265 ),
 .UNSPECIFIED., .F., .F.,
 ( 4, 2, 2, 2, 2, 4 ),
 ( 0.000000000000000000, 0.0005310224265192313095, 0.001062044853038462836, 0.001327556066298077406, 0.001593067279557692194, 0.002124089706076920468 ),
 .UNSPECIFIED. ) ;
#1274 = CARTESIAN_POINT ( 'NONE',  ( -4.401401909628555487, -7.814022910960859214, -1.600908938390618097 ) ) ;
#1275 = CARTESIAN_POINT ( 'NONE',  ( -4.399999999999999467, -9.687135015279469741, -2.900000000000000355 ) ) ;
#1276 = ORIENTED_EDGE ( 'NONE', *, *, #723, .F. ) ;
#1277 = CARTESIAN_POINT ( 'NONE',  ( -5.049999999999999822, 7.990820364436479856E-16, 2.950000000000000178 ) ) ;
#1278 = CARTESIAN_POINT ( 'NONE',  ( 3.253600439617202245, -7.800338834956823675, 0.8028196316533328103 ) ) ;
#1279 = EDGE_CURVE ( 'NONE', #621, #402, #611, .T. ) ;
#1280 = FACE_OUTER_BOUND ( 'NONE', #877, .T. ) ;
#1281 = CARTESIAN_POINT ( 'NONE',  ( 4.150000000000002132, -12.00000000000000000, 0.7999999999999999334 ) ) ;
#1282 = ORIENTED_EDGE ( 'NONE', *, *, #495, .T. ) ;
#1283 = CARTESIAN_POINT ( 'NONE',  ( -4.095947303095672787, -6.993250451616468411, -0.8347790812215239997 ) ) ;
#1284 = CARTESIAN_POINT ( 'NONE',  ( -4.323775427851159314, -7.128965432526658930, -1.909209356562299842 ) ) ;
#1285 = CARTESIAN_POINT ( 'NONE',  ( 0.5797529038833486581, -7.360771798146978462, 1.804705202717828305 ) ) ;
#1286 = CARTESIAN_POINT ( 'NONE',  ( -3.099999999999997868, -9.687135015279469741, -1.600000000000000089 ) ) ;
#1287 = ORIENTED_EDGE ( 'NONE', *, *, #208, .F. ) ;
#1288 = CARTESIAN_POINT ( 'NONE',  ( -4.198554431560443057, -6.870329087625058229, -0.8960437696726333279 ) ) ;
#1289 = ORIENTED_EDGE ( 'NONE', *, *, #401, .F. ) ;
#1290 = B_SPLINE_CURVE_WITH_KNOTS ( 'NONE', 3,
 ( #112, #524, #630, #224 ),
 .UNSPECIFIED., .F., .F.,
 ( 4, 4 ),
 ( 0.000000000000000000, 1.000000000000000000 ),
 .UNSPECIFIED. ) ;
#1291 = CARTESIAN_POINT ( 'NONE',  ( -4.348758048270589427, -9.687135015279469741, 1.949857574555801554 ) ) ;
#1292 = CARTESIAN_POINT ( 'NONE',  ( 0.000000000000000000, 0.000000000000000000, 0.000000000000000000 ) ) ;
#1293 = CARTESIAN_POINT ( 'NONE',  ( -2.274936634027451721, -6.147615172604960598, -2.543434213167511615 ) ) ;
#1294 = FACE_OUTER_BOUND ( 'NONE', #1256, .T. ) ;
#1295 = CARTESIAN_POINT ( 'NONE',  ( -3.933617031954143695, -6.530571365686350660, -2.225176248080878771 ) ) ;
#1296 = CARTESIAN_POINT ( 'NONE',  ( 3.303354638743833949, -9.082179968434632045, 2.077359601826227919 ) ) ;
#1297 = CYLINDRICAL_SURFACE ( 'NONE', #192, 0.4000000000000001887 ) ;
#1298 = CARTESIAN_POINT ( 'NONE',  ( 0.5797529038833483250, -7.360771798146978462, 1.804705202717827639 ) ) ;
#1299 = CARTESIAN_POINT ( 'NONE',  ( 0.2893316858213957898, -7.663080303963493378, 1.361210785794553901 ) ) ;
#1300 = ADVANCED_FACE ( 'NONE', ( #1345 ), #464, .F. ) ;
#1301 = AXIS2_PLACEMENT_3D ( 'NONE', #1041, #1351, #416 ) ;
#1302 = CARTESIAN_POINT ( 'NONE',  ( 4.334018630691185869, -5.893785026610630418, 1.961784067727519565 ) ) ;
#1303 = CARTESIAN_POINT ( 'NONE',  ( 3.210677508348337650, -9.687135015279469741, 1.962810212092549023 ) ) ;
#1304 = CARTESIAN_POINT ( 'NONE',  ( 3.750000000000002220, -12.00000000000000000, 1.600000000000000089 ) ) ;
#1305 = DIRECTION ( 'NONE',  ( 0.000000000000000000, -1.000000000000000000, 0.000000000000000000 ) ) ;
#1306 = CARTESIAN_POINT ( 'NONE',  ( 4.061533605107275235, -6.539762147639275547, 2.172354728652623912 ) ) ;
#1307 = EDGE_CURVE ( 'NONE', #433, #18, #150, .T. ) ;
#1308 = CARTESIAN_POINT ( 'NONE',  ( 3.653989457578462829, -7.201541813460391239, 2.246210564016078770 ) ) ;
#1309 = CARTESIAN_POINT ( 'NONE',  ( 5.055030159567730053, -5.286715416975273918, 1.896556406023832242 ) ) ;
#1310 = DIRECTION ( 'NONE',  ( 1.214306433183764720E-16, -1.000000000000000000, 0.000000000000000000 ) ) ;
#1311 = CARTESIAN_POINT ( 'NONE',  ( 5.095819615941129754, -6.167059464752192355, -5.917855295899641177E-16 ) ) ;
#1312 = CARTESIAN_POINT ( 'NONE',  ( 2.034346776213919572, -7.594353356190487681, -0.9063641641757274048 ) ) ;
#1313 = CARTESIAN_POINT ( 'NONE',  ( 1.169020481176885840, -7.868441728512586053, -0.5220471226267107134 ) ) ;
#1314 = CARTESIAN_POINT ( 'NONE',  ( 3.964383849871337961, -7.141835210855389526, 0.7754917788760606889 ) ) ;
#1315 = CARTESIAN_POINT ( 'NONE',  ( 4.359730834146637868, -5.205707000994189926, 2.384982325874684062 ) ) ;
#1316 = CARTESIAN_POINT ( 'NONE',  ( 4.420711244614953905, -5.201636196775897503, 2.358842589928306310 ) ) ;
#1317 = CARTESIAN_POINT ( 'NONE',  ( -3.091904669234710745, -5.646999177859628460, -2.607403299263943541 ) ) ;
#1318 = ADVANCED_FACE ( 'NONE', ( #351 ), #49, .F. ) ;
#1319 = CARTESIAN_POINT ( 'NONE',  ( 0.6055172918442602858, -7.977051385648560533, 4.384560883037821537E-16 ) ) ;
#1320 =( BOUNDED_SURFACE ( )  B_SPLINE_SURFACE ( 3, 2, ( 
 ( #545, #881, #28 ),
 ( #342, #1083, #562 ),
 ( #366, #47, #1062 ),
 ( #552, #961, #1184 ),
 ( #1076, #34, #966 ),
 ( #452, #765, #1173 ),
 ( #243, #148, #658 ),
 ( #42, #1069, #132 ),
 ( #876, #251, #155 ),
 ( #140, #456, #354 ),
 ( #776, #257, #670 ),
 ( #570, #983, #461 ) ),
 .UNSPECIFIED., .F., .F., .F. ) 
 B_SPLINE_SURFACE_WITH_KNOTS ( ( 4, 2, 2, 2, 2, 4 ),
 ( 3, 3 ),
 ( 0.01163031851076975869, 0.01275211430330766213, 0.01387391009584556384, 0.01443480799211451469, 0.01499570588838346555, 0.01611750168092136726 ),
 ( 0.000000000000000000, 1.000000000000000000 ),
 .UNSPECIFIED. ) 
 GEOMETRIC_REPRESENTATION_ITEM ( )  RATIONAL_B_SPLINE_SURFACE ( (
 ( 1.000000000000000000, 0.8337176389953383504, 1.000000000000000000),
 ( 1.000000000000000000, 0.8372124517633919849, 1.000000000000000000),
 ( 1.000000000000000000, 0.8392462432041630782, 1.000000000000000000),
 ( 1.000000000000000000, 0.8406818246520900706, 1.000000000000000000),
 ( 1.000000000000000000, 0.8400613384599967537, 1.000000000000000000),
 ( 1.000000000000000000, 0.8378516605184385124, 1.000000000000000000),
 ( 1.000000000000000000, 0.8369049303538275142, 1.000000000000000000),
 ( 1.000000000000000000, 0.8347468467512194623, 1.000000000000000000),
 ( 1.000000000000000000, 0.8335301792072348226, 1.000000000000000000),
 ( 1.000000000000000000, 0.8295569001605580528, 1.000000000000000000),
 ( 1.000000000000000000, 0.8265241509423089106, 1.000000000000000000),
 ( 1.000000000000000000, 0.8233835555290136554, 1.000000000000000000) ) ) 
 REPRESENTATION_ITEM ( '' )  SURFACE ( )  );
#1321 = CARTESIAN_POINT ( 'NONE',  ( 3.319679224519870520, -5.531631816697096582, 2.597801987262087220 ) ) ;
#1322 = CIRCLE ( 'NONE', #470, 5.049999999999999822 ) ;
#1323 = CARTESIAN_POINT ( 'NONE',  ( 4.399938187288855218, -7.605928783615542699, 1.697980038396396107 ) ) ;
#1324 = CARTESIAN_POINT ( 'NONE',  ( -3.820893435089687706, -7.291408307667857081, -0.7395870921205069948 ) ) ;
#1325 = CARTESIAN_POINT ( 'NONE',  ( -2.407562837740776285, -7.764567066173958310, -0.9759773960846240826 ) ) ;
#1326 = CARTESIAN_POINT ( 'NONE',  ( 2.274936634027454829, -6.147615172604962375, 2.543434213167512059 ) ) ;
#1327 = CARTESIAN_POINT ( 'NONE',  ( -4.399999999999998579, -9.687135015279469741, -1.600000000000000089 ) ) ;
#1328 = ADVANCED_FACE ( 'NONE', ( #1105 ), #91, .T. ) ;
#1329 = CARTESIAN_POINT ( 'NONE',  ( -3.179911781543556692, -9.687135015279469741, -1.287751023737209399 ) ) ;
#1330 = APPLICATION_PROTOCOL_DEFINITION ( 'draft international standard', 'automotive_design', 1998, #555 ) ;
#1331 = CARTESIAN_POINT ( 'NONE',  ( 5.264810258859348835, -5.392522303570510545, 1.607622381271729184 ) ) ;
#1332 = DIRECTION ( 'NONE',  ( 1.040834085586084257E-16, -1.000000000000000000, 0.000000000000000000 ) ) ;
#1333 = CARTESIAN_POINT ( 'NONE',  ( -0.2536990604878350819, -7.714935448937401574, -1.267652341415121731 ) ) ;
#1334 = CARTESIAN_POINT ( 'NONE',  ( -0.2377843593057888394, -7.774917954002588338, -1.124783805308997353 ) ) ;
#1335 = CARTESIAN_POINT ( 'NONE',  ( -3.099999999999997868, -9.687135015279469741, -1.600000000000000089 ) ) ;
#1336 = SURFACE_SIDE_STYLE ('',( #921 ) ) ;
#1337 = ORIENTED_EDGE ( 'NONE', *, *, #1181, .T. ) ;
#1338 = CARTESIAN_POINT ( 'NONE',  ( -3.349999999999997868, -12.00000000000000178, -1.600000000000000089 ) ) ;
#1339 = CARTESIAN_POINT ( 'NONE',  ( -3.106408054458102974, -9.687135015164155760, -1.503435948984036763 ) ) ;
#1340 = CARTESIAN_POINT ( 'NONE',  ( 5.049999999999999822, 0.000000000000000000, 2.950000000000000178 ) ) ;
#1341 = CARTESIAN_POINT ( 'NONE',  ( 4.388828083276776759, -8.087512286035220654, 1.472580089099610579 ) ) ;
#1342 = DIRECTION ( 'NONE',  ( -0.000000000000000000, -1.000000000000000000, -0.000000000000000000 ) ) ;
#1343 = CARTESIAN_POINT ( 'NONE',  ( 3.938002735997347514, -6.839539118578150223, -0.8356767978089030269 ) ) ;
#1344 = ORIENTED_EDGE ( 'NONE', *, *, #920, .F. ) ;
#1345 = FACE_OUTER_BOUND ( 'NONE', #550, .T. ) ;
#1346 = EDGE_CURVE ( 'NONE', #328, #1272, #1102, .T. ) ;
#1347 = CIRCLE ( 'NONE', #690, 0.4000000000000001887 ) ;
#1348 = TOROIDAL_SURFACE ( 'NONE', #142, 5.049999999999999822, 2.950000000000000178 ) ;
#1349 = DIRECTION ( 'NONE',  ( 1.214306433183764720E-16, -1.000000000000000000, 0.000000000000000000 ) ) ;
#1350 = CIRCLE ( 'NONE', #299, 8.000000000000000000 ) ;
#1351 = DIRECTION ( 'NONE',  ( 1.224646799147353207E-16, 1.000000000000000000, -0.000000000000000000 ) ) ;
#1352 = VERTEX_POINT ( 'NONE', #1019 ) ;
#1353 = CARTESIAN_POINT ( 'NONE',  ( -2.453936561101397906, -7.696321541653432519, -1.292579133854052209 ) ) ;
#1354 = EDGE_CURVE ( 'NONE', #968, #328, #84, .T. ) ;
#1355 = DIRECTION ( 'NONE',  ( 0.8958064164776166072, 0.000000000000000000, -0.4444444444444445863 ) ) ;
#1356 = CARTESIAN_POINT ( 'NONE',  ( -3.336975371545082059, -7.733158046222676774, -0.7727767114293253581 ) ) ;
#1357 = ORIENTED_EDGE ( 'NONE', *, *, #105, .F. ) ;
ENDSEC;
END-ISO-10303-21;
